BillingAccountId,BillingAccountName,BillingPeriodStart,BillingPeriodEnd,ChargeCategory,ChargePeriodStart,ChargePeriodEnd,ConsumedQuantity,EffectiveCost,ProviderName,RegionName,ResourceId,ServiceName,SkuId,SubAccountId,SubAccountName,Tags
ONETRU_TRUAUDIENCE_AZURE_EAST_US2,ONETRU_TRUAUDIENCE_AZURE_EAST_US2,2026-08-01,2026-09-01,Usage,2026-08-29,2026-08-30,0.447976,1.08,Snowflake,AWS_US_EAST_1,ONETRU_TRUAUDIENCE_AZURE_EAST_US2,SERVERLESS_TASK,SERVERLESS_TASK,ONETRU_TRUAUDIENCE_AZURE_EAST_US2,ONETRU_TRUAUDIENCE_AZURE_EAST_US2,"{""environment"":""Demo"",""team"":""TruAudience""}"
ONETRU_TRUAUDIENCE_AZURE_EAST_US2,ONETRU_TRUAUDIENCE_AZURE_EAST_US2,2026-08-01,2026-09-01,Usage,2026-08-29,2026-08-30,0.129871,0.31,Snowflake,AWS_US_EAST_1,ONETRU_TRUAUDIENCE_AZURE_EAST_US2,WAREHOUSE_METERING,WAREHOUSE_METERING,ONETRU_TRUAUDIENCE_AZURE_EAST_US2,ONETRU_TRUAUDIENCE_AZURE_EAST_US2,"{""environment"":""Demo"",""team"":""TruAudience""}"
ONETRU_TRUAUDIENCE_AZURE_EAST_US2,ONETRU_TRUAUDIENCE_AZURE_EAST_US2,2026-08-01,2026-09-01,Usage,2026-08-28,2026-08-29,0.405200,0.98,Snowflake,AWS_US_EAST_1,ONETRU_TRUAUDIENCE_AZURE_EAST_US2,SERVERLESS_TASK,SERVERLESS_TASK,ONETRU_TRUAUDIENCE_AZURE_EAST_US2,ONETRU_TRUAUDIENCE_AZURE_EAST_US2,"{""environment"":""Demo"",""team"":""TruAudience""}"
ONETRU_TRUAUDIENCE_AZURE_EAST_US2,ONETRU_TRUAUDIENCE_AZURE_EAST_US2,2026-08-01,2026-09-01,Usage,2026-08-28,2026-08-29,0.114225,0.28,Snowflake,AWS_US_EAST_1,ONETRU_TRUAUDIENCE_AZURE_EAST_US2,WAREHOUSE_METERING,WAREHOUSE_METERING,ONETRU_TRUAUDIENCE_AZURE_EAST_US2,ONETRU_TRUAUDIENCE_AZURE_EAST_US2,"{""environment"":""Demo"",""team"":""TruAudience""}"
ONETRU_TRUAUDIENCE_AZURE_EAST_US2,ONETRU_TRUAUDIENCE_AZURE_EAST_US2,2026-08-01,2026-09-01,Usage,2026-08-27,2026-08-28,0.403275,0.97,Snowflake,AWS_US_EAST_1,ONETRU_TRUAUDIENCE_AZURE_EAST_US2,SERVERLESS_TASK,SERVERLESS_TASK,ONETRU_TRUAUDIENCE_AZURE_EAST_US2,ONETRU_TRUAUDIENCE_AZURE_EAST_US2,"{""environment"":""Demo"",""team"":""TruAudience""}"
ONETRU_TRUAUDIENCE_AZURE_EAST_US2,ONETRU_TRUAUDIENCE_AZURE_EAST_US2,2026-08-01,2026-09-01,Usage,2026-08-27,2026-08-28,0.116136,0.28,Snowflake,AWS_US_EAST_1,ONETRU_TRUAUDIENCE_AZURE_EAST_US2,WAREHOUSE_METERING,WAREHOUSE_METERING,ONETRU_TRUAUDIENCE_AZURE_EAST_US2,ONETRU_TRUAUDIENCE_AZURE_EAST_US2,"{""environment"":""Demo"",""team"":""TruAudience""}"
ONETRU_TRUAUDIENCE_AZURE_EAST_US2,ONETRU_TRUAUDIENCE_AZURE_EAST_US2,2026-08-01,2026-09-01,Usage,2026-08-26,2026-08-27,0.445842,1.07,Snowflake,AWS_US_EAST_1,ONETRU_TRUAUDIENCE_AZURE_EAST_US2,SERVERLESS_TASK,SERVERLESS_TASK,ONETRU_TRUAUDIENCE_AZURE_EAST_US2,ONETRU_TRUAUDIENCE_AZURE_EAST_US2,"{""environment"":""Demo"",""team"":""TruAudience""}"
ONETRU_TRUAUDIENCE_AZURE_EAST_US2,ONETRU_TRUAUDIENCE_AZURE_EAST_US2,2026-08-01,2026-09-01,Usage,2026-08-26,2026-08-27,0.136655,0.33,Snowflake,AWS_US_EAST_1,ONETRU_TRUAUDIENCE_AZURE_EAST_US2,WAREHOUSE_METERING,WAREHOUSE_METERING,ONETRU_TRUAUDIENCE_AZURE_EAST_US2,ONETRU_TRUAUDIENCE_AZURE_EAST_US2,"{""environment"":""Demo"",""team"":""TruAudience""}"
ONETRU_TRUAUDIENCE_AZURE_EAST_US2,ONETRU_TRUAUDIENCE_AZURE_EAST_US2,2026-08-01,2026-09-01,Usage,2026-08-25,2026-08-26,0.422363,1.02,Snowflake,AWS_US_EAST_1,ONETRU_TRUAUDIENCE_AZURE_EAST_US2,SERVERLESS_TASK,SERVERLESS_TASK,ONETRU_TRUAUDIENCE_AZURE_EAST_US2,ONETRU_TRUAUDIENCE_AZURE_EAST_US2,"{""environment"":""Demo"",""team"":""TruAudience""}"
ONETRU_TRUAUDIENCE_AZURE_EAST_US2,ONETRU_TRUAUDIENCE_AZURE_EAST_US2,2026-08-01,2026-09-01,Usage,2026-08-25,2026-08-26,0.130321,0.31,Snowflake,AWS_US_EAST_1,ONETRU_TRUAUDIENCE_AZURE_EAST_US2,WAREHOUSE_METERING,WAREHOUSE_METERING,ONETRU_TRUAUDIENCE_AZURE_EAST_US2,ONETRU_TRUAUDIENCE_AZURE_EAST_US2,"{""environment"":""Demo"",""team"":""TruAudience""}"
ONETRU_TRUAUDIENCE_AZURE_EAST_US2,ONETRU_TRUAUDIENCE_AZURE_EAST_US2,2026-08-01,2026-09-01,Usage,2026-08-24,2026-08-25,0.454763,1.10,Snowflake,AWS_US_EAST_1,ONETRU_TRUAUDIENCE_AZURE_EAST_US2,SERVERLESS_TASK,SERVERLESS_TASK,ONETRU_TRUAUDIENCE_AZURE_EAST_US2,ONETRU_TRUAUDIENCE_AZURE_EAST_US2,"{""environment"":""Demo"",""team"":""TruAudience""}"
ONETRU_TRUAUDIENCE_AZURE_EAST_US2,ONETRU_TRUAUDIENCE_AZURE_EAST_US2,2026-08-01,2026-09-01,Usage,2026-08-24,2026-08-25,0.188873,0.45,Snowflake,AWS_US_EAST_1,ONETRU_TRUAUDIENCE_AZURE_EAST_US2,WAREHOUSE_METERING,WAREHOUSE_METERING,ONETRU_TRUAUDIENCE_AZURE_EAST_US2,ONETRU_TRUAUDIENCE_AZURE_EAST_US2,"{""environment"":""Demo"",""team"":""TruAudience""}"
ONETRU_TRUAUDIENCE_AZURE_EAST_US2,ONETRU_TRUAUDIENCE_AZURE_EAST_US2,2026-08-01,2026-09-01,Usage,2026-08-24,2026-08-25,0.000000,0.00,Snowflake,AWS_US_EAST_1,ONETRU_TRUAUDIENCE_AZURE_EAST_US2,TELEMETRY_DATA_INGEST,TELEMETRY_DATA_INGEST,ONETRU_TRUAUDIENCE_AZURE_EAST_US2,ONETRU_TRUAUDIENCE_AZURE_EAST_US2,"{""environment"":""Demo"",""team"":""TruAudience""}"
ONETRU_TRUAUDIENCE_AZURE_EAST_US2,ONETRU_TRUAUDIENCE_AZURE_EAST_US2,2026-08-01,2026-09-01,Usage,2026-08-23,2026-08-24,0.456065,1.10,Snowflake,AWS_US_EAST_1,ONETRU_TRUAUDIENCE_AZURE_EAST_US2,SERVERLESS_TASK,SERVERLESS_TASK,ONETRU_TRUAUDIENCE_AZURE_EAST_US2,ONETRU_TRUAUDIENCE_AZURE_EAST_US2,"{""environment"":""Demo"",""team"":""TruAudience""}"
ONETRU_TRUAUDIENCE_AZURE_EAST_US2,ONETRU_TRUAUDIENCE_AZURE_EAST_US2,2026-08-01,2026-09-01,Usage,2026-08-23,2026-08-24,0.127456,0.31,Snowflake,AWS_US_EAST_1,ONETRU_TRUAUDIENCE_AZURE_EAST_US2,WAREHOUSE_METERING,WAREHOUSE_METERING,ONETRU_TRUAUDIENCE_AZURE_EAST_US2,ONETRU_TRUAUDIENCE_AZURE_EAST_US2,"{""environment"":""Demo"",""team"":""TruAudience""}"
ONETRU_TRUAUDIENCE_AZURE_EAST_US2,ONETRU_TRUAUDIENCE_AZURE_EAST_US2,2026-08-01,2026-09-01,Usage,2026-08-22,2026-08-23,0.417893,1.01,Snowflake,AWS_US_EAST_1,ONETRU_TRUAUDIENCE_AZURE_EAST_US2,SERVERLESS_TASK,SERVERLESS_TASK,ONETRU_TRUAUDIENCE_AZURE_EAST_US2,ONETRU_TRUAUDIENCE_AZURE_EAST_US2,"{""environment"":""Demo"",""team"":""TruAudience""}"
ONETRU_TRUAUDIENCE_AZURE_EAST_US2,ONETRU_TRUAUDIENCE_AZURE_EAST_US2,2026-08-01,2026-09-01,Usage,2026-08-22,2026-08-23,0.120453,0.29,Snowflake,AWS_US_EAST_1,ONETRU_TRUAUDIENCE_AZURE_EAST_US2,WAREHOUSE_METERING,WAREHOUSE_METERING,ONETRU_TRUAUDIENCE_AZURE_EAST_US2,ONETRU_TRUAUDIENCE_AZURE_EAST_US2,"{""environment"":""Demo"",""team"":""TruAudience""}"
ONETRU_TRUAUDIENCE_AZURE_EAST_US2,ONETRU_TRUAUDIENCE_AZURE_EAST_US2,2026-08-01,2026-09-01,Usage,2026-08-21,2026-08-22,0.379956,0.92,Snowflake,AWS_US_EAST_1,ONETRU_TRUAUDIENCE_AZURE_EAST_US2,SERVERLESS_TASK,SERVERLESS_TASK,ONETRU_TRUAUDIENCE_AZURE_EAST_US2,ONETRU_TRUAUDIENCE_AZURE_EAST_US2,"{""environment"":""Demo"",""team"":""TruAudience""}"
ONETRU_TRUAUDIENCE_AZURE_EAST_US2,ONETRU_TRUAUDIENCE_AZURE_EAST_US2,2026-08-01,2026-09-01,Usage,2026-08-21,2026-08-22,0.112091,0.27,Snowflake,AWS_US_EAST_1,ONETRU_TRUAUDIENCE_AZURE_EAST_US2,WAREHOUSE_METERING,WAREHOUSE_METERING,ONETRU_TRUAUDIENCE_AZURE_EAST_US2,ONETRU_TRUAUDIENCE_AZURE_EAST_US2,"{""environment"":""Demo"",""team"":""TruAudience""}"
ONETRU_TRUAUDIENCE_AZURE_EAST_US2,ONETRU_TRUAUDIENCE_AZURE_EAST_US2,2026-08-01,2026-09-01,Usage,2026-08-20,2026-08-21,0.394022,0.95,Snowflake,AWS_US_EAST_1,ONETRU_TRUAUDIENCE_AZURE_EAST_US2,SERVERLESS_TASK,SERVERLESS_TASK,ONETRU_TRUAUDIENCE_AZURE_EAST_US2,ONETRU_TRUAUDIENCE_AZURE_EAST_US2,"{""environment"":""Demo"",""team"":""TruAudience""}"
ONETRU_TRUAUDIENCE_AZURE_EAST_US2,ONETRU_TRUAUDIENCE_AZURE_EAST_US2,2026-08-01,2026-09-01,Usage,2026-08-20,2026-08-21,0.109834,0.26,Snowflake,AWS_US_EAST_1,ONETRU_TRUAUDIENCE_AZURE_EAST_US2,WAREHOUSE_METERING,WAREHOUSE_METERING,ONETRU_TRUAUDIENCE_AZURE_EAST_US2,ONETRU_TRUAUDIENCE_AZURE_EAST_US2,"{""environment"":""Demo"",""team"":""TruAudience""}"
ONETRU_TRUAUDIENCE_AZURE_EAST_US2,ONETRU_TRUAUDIENCE_AZURE_EAST_US2,2026-08-01,2026-09-01,Usage,2026-08-19,2026-08-20,0.382710,0.92,Snowflake,AWS_US_EAST_1,ONETRU_TRUAUDIENCE_AZURE_EAST_US2,SERVERLESS_TASK,SERVERLESS_TASK,ONETRU_TRUAUDIENCE_AZURE_EAST_US2,ONETRU_TRUAUDIENCE_AZURE_EAST_US2,"{""environment"":""Demo"",""team"":""TruAudience""}"
ONETRU_TRUAUDIENCE_AZURE_EAST_US2,ONETRU_TRUAUDIENCE_AZURE_EAST_US2,2026-08-01,2026-09-01,Usage,2026-08-19,2026-08-20,0.215706,0.52,Snowflake,AWS_US_EAST_1,ONETRU_TRUAUDIENCE_AZURE_EAST_US2,WAREHOUSE_METERING,WAREHOUSE_METERING,ONETRU_TRUAUDIENCE_AZURE_EAST_US2,ONETRU_TRUAUDIENCE_AZURE_EAST_US2,"{""environment"":""Demo"",""team"":""TruAudience""}"
ONETRU_TRUAUDIENCE_AZURE_EAST_US2,ONETRU_TRUAUDIENCE_AZURE_EAST_US2,2026-08-01,2026-09-01,Usage,2026-08-19,2026-08-20,0.000000,0.00,Snowflake,AWS_US_EAST_1,ONETRU_TRUAUDIENCE_AZURE_EAST_US2,TELEMETRY_DATA_INGEST,TELEMETRY_DATA_INGEST,ONETRU_TRUAUDIENCE_AZURE_EAST_US2,ONETRU_TRUAUDIENCE_AZURE_EAST_US2,"{""environment"":""Demo"",""team"":""TruAudience""}"
ONETRU_TRUAUDIENCE_AZURE_EAST_US2,ONETRU_TRUAUDIENCE_AZURE_EAST_US2,2026-08-01,2026-09-01,Usage,2026-08-18,2026-08-19,0.419119,1.01,Snowflake,AWS_US_EAST_1,ONETRU_TRUAUDIENCE_AZURE_EAST_US2,SERVERLESS_TASK,SERVERLESS_TASK,ONETRU_TRUAUDIENCE_AZURE_EAST_US2,ONETRU_TRUAUDIENCE_AZURE_EAST_US2,"{""environment"":""Demo"",""team"":""TruAudience""}"
ONETRU_TRUAUDIENCE_AZURE_EAST_US2,ONETRU_TRUAUDIENCE_AZURE_EAST_US2,2026-08-01,2026-09-01,Usage,2026-08-18,2026-08-19,0.175447,0.42,Snowflake,AWS_US_EAST_1,ONETRU_TRUAUDIENCE_AZURE_EAST_US2,WAREHOUSE_METERING,WAREHOUSE_METERING,ONETRU_TRUAUDIENCE_AZURE_EAST_US2,ONETRU_TRUAUDIENCE_AZURE_EAST_US2,"{""environment"":""Demo"",""team"":""TruAudience""}"
ONETRU_TRUAUDIENCE_AZURE_EAST_US2,ONETRU_TRUAUDIENCE_AZURE_EAST_US2,2026-08-01,2026-09-01,Usage,2026-08-18,2026-08-19,0.000000,0.00,Snowflake,AWS_US_EAST_1,ONETRU_TRUAUDIENCE_AZURE_EAST_US2,TELEMETRY_DATA_INGEST,TELEMETRY_DATA_INGEST,ONETRU_TRUAUDIENCE_AZURE_EAST_US2,ONETRU_TRUAUDIENCE_AZURE_EAST_US2,"{""environment"":""Demo"",""team"":""TruAudience""}"
ONETRU_TRUAUDIENCE_AZURE_EAST_US2,ONETRU_TRUAUDIENCE_AZURE_EAST_US2,2026-08-01,2026-09-01,Usage,2026-08-17,2026-08-18,0.432710,1.04,Snowflake,AWS_US_EAST_1,ONETRU_TRUAUDIENCE_AZURE_EAST_US2,SERVERLESS_TASK,SERVERLESS_TASK,ONETRU_TRUAUDIENCE_AZURE_EAST_US2,ONETRU_TRUAUDIENCE_AZURE_EAST_US2,"{""environment"":""Demo"",""team"":""TruAudience""}"
ONETRU_TRUAUDIENCE_AZURE_EAST_US2,ONETRU_TRUAUDIENCE_AZURE_EAST_US2,2026-08-01,2026-09-01,Usage,2026-08-17,2026-08-18,0.237882,0.57,Snowflake,AWS_US_EAST_1,ONETRU_TRUAUDIENCE_AZURE_EAST_US2,WAREHOUSE_METERING,WAREHOUSE_METERING,ONETRU_TRUAUDIENCE_AZURE_EAST_US2,ONETRU_TRUAUDIENCE_AZURE_EAST_US2,"{""environment"":""Demo"",""team"":""TruAudience""}"
ONETRU_TRUAUDIENCE_AZURE_EAST_US2,ONETRU_TRUAUDIENCE_AZURE_EAST_US2,2026-08-01,2026-09-01,Usage,2026-08-17,2026-08-18,0.000000,0.00,Snowflake,AWS_US_EAST_1,ONETRU_TRUAUDIENCE_AZURE_EAST_US2,TELEMETRY_DATA_INGEST,TELEMETRY_DATA_INGEST,ONETRU_TRUAUDIENCE_AZURE_EAST_US2,ONETRU_TRUAUDIENCE_AZURE_EAST_US2,"{""environment"":""Demo"",""team"":""TruAudience""}"
ONETRU_TRUAUDIENCE_AZURE_EAST_US2,ONETRU_TRUAUDIENCE_AZURE_EAST_US2,2026-08-01,2026-09-01,Usage,2026-08-16,2026-08-17,0.447676,1.08,Snowflake,AWS_US_EAST_1,ONETRU_TRUAUDIENCE_AZURE_EAST_US2,SERVERLESS_TASK,SERVERLESS_TASK,ONETRU_TRUAUDIENCE_AZURE_EAST_US2,ONETRU_TRUAUDIENCE_AZURE_EAST_US2,"{""environment"":""Demo"",""team"":""TruAudience""}"
ONETRU_TRUAUDIENCE_AZURE_EAST_US2,ONETRU_TRUAUDIENCE_AZURE_EAST_US2,2026-08-01,2026-09-01,Usage,2026-08-16,2026-08-17,0.180534,0.43,Snowflake,AWS_US_EAST_1,ONETRU_TRUAUDIENCE_AZURE_EAST_US2,WAREHOUSE_METERING,WAREHOUSE_METERING,ONETRU_TRUAUDIENCE_AZURE_EAST_US2,ONETRU_TRUAUDIENCE_AZURE_EAST_US2,"{""environment"":""Demo"",""team"":""TruAudience""}"
ONETRU_TRUAUDIENCE_AZURE_EAST_US2,ONETRU_TRUAUDIENCE_AZURE_EAST_US2,2026-08-01,2026-09-01,Usage,2026-08-16,2026-08-17,0.000000,0.00,Snowflake,AWS_US_EAST_1,ONETRU_TRUAUDIENCE_AZURE_EAST_US2,TELEMETRY_DATA_INGEST,TELEMETRY_DATA_INGEST,ONETRU_TRUAUDIENCE_AZURE_EAST_US2,ONETRU_TRUAUDIENCE_AZURE_EAST_US2,"{""environment"":""Demo"",""team"":""TruAudience""}"
ONETRU_TRUAUDIENCE_AZURE_EAST_US2,ONETRU_TRUAUDIENCE_AZURE_EAST_US2,2026-08-01,2026-09-01,Usage,2026-08-15,2026-08-16,0.434355,1.05,Snowflake,AWS_US_EAST_1,ONETRU_TRUAUDIENCE_AZURE_EAST_US2,SERVERLESS_TASK,SERVERLESS_TASK,ONETRU_TRUAUDIENCE_AZURE_EAST_US2,ONETRU_TRUAUDIENCE_AZURE_EAST_US2,"{""environment"":""Demo"",""team"":""TruAudience""}"
ONETRU_TRUAUDIENCE_AZURE_EAST_US2,ONETRU_TRUAUDIENCE_AZURE_EAST_US2,2026-08-01,2026-09-01,Usage,2026-08-15,2026-08-16,0.133156,0.32,Snowflake,AWS_US_EAST_1,ONETRU_TRUAUDIENCE_AZURE_EAST_US2,WAREHOUSE_METERING,WAREHOUSE_METERING,ONETRU_TRUAUDIENCE_AZURE_EAST_US2,ONETRU_TRUAUDIENCE_AZURE_EAST_US2,"{""environment"":""Demo"",""team"":""TruAudience""}"
ONETRU_TRUAUDIENCE_AZURE_EAST_US2,ONETRU_TRUAUDIENCE_AZURE_EAST_US2,2026-08-01,2026-09-01,Usage,2026-08-15,2026-08-16,0.000000,0.00,Snowflake,AWS_US_EAST_1,ONETRU_TRUAUDIENCE_AZURE_EAST_US2,TELEMETRY_DATA_INGEST,TELEMETRY_DATA_INGEST,ONETRU_TRUAUDIENCE_AZURE_EAST_US2,ONETRU_TRUAUDIENCE_AZURE_EAST_US2,"{""environment"":""Demo"",""team"":""TruAudience""}"
ONETRU_TRUAUDIENCE_AZURE_EAST_US2,ONETRU_TRUAUDIENCE_AZURE_EAST_US2,2026-08-01,2026-09-01,Usage,2026-08-14,2026-08-15,0.397987,0.96,Snowflake,AWS_US_EAST_1,ONETRU_TRUAUDIENCE_AZURE_EAST_US2,SERVERLESS_TASK,SERVERLESS_TASK,ONETRU_TRUAUDIENCE_AZURE_EAST_US2,ONETRU_TRUAUDIENCE_AZURE_EAST_US2,"{""environment"":""Demo"",""team"":""TruAudience""}"
ONETRU_TRUAUDIENCE_AZURE_EAST_US2,ONETRU_TRUAUDIENCE_AZURE_EAST_US2,2026-08-01,2026-09-01,Usage,2026-08-14,2026-08-15,0.116351,0.28,Snowflake,AWS_US_EAST_1,ONETRU_TRUAUDIENCE_AZURE_EAST_US2,WAREHOUSE_METERING,WAREHOUSE_METERING,ONETRU_TRUAUDIENCE_AZURE_EAST_US2,ONETRU_TRUAUDIENCE_AZURE_EAST_US2,"{""environment"":""Demo"",""team"":""TruAudience""}"
ONETRU_TRUAUDIENCE_AZURE_EAST_US2,ONETRU_TRUAUDIENCE_AZURE_EAST_US2,2026-08-01,2026-09-01,Usage,2026-08-14,2026-08-15,0.000000,0.00,Snowflake,AWS_US_EAST_1,ONETRU_TRUAUDIENCE_AZURE_EAST_US2,TELEMETRY_DATA_INGEST,TELEMETRY_DATA_INGEST,ONETRU_TRUAUDIENCE_AZURE_EAST_US2,ONETRU_TRUAUDIENCE_AZURE_EAST_US2,"{""environment"":""Demo"",""team"":""TruAudience""}"
ONETRU_TRUAUDIENCE_AZURE_EAST_US2,ONETRU_TRUAUDIENCE_AZURE_EAST_US2,2026-08-01,2026-09-01,Usage,2026-08-13,2026-08-14,0.382212,0.92,Snowflake,AWS_US_EAST_1,ONETRU_TRUAUDIENCE_AZURE_EAST_US2,SERVERLESS_TASK,SERVERLESS_TASK,ONETRU_TRUAUDIENCE_AZURE_EAST_US2,ONETRU_TRUAUDIENCE_AZURE_EAST_US2,"{""environment"":""Demo"",""team"":""TruAudience""}"
ONETRU_TRUAUDIENCE_AZURE_EAST_US2,ONETRU_TRUAUDIENCE_AZURE_EAST_US2,2026-08-01,2026-09-01,Usage,2026-08-13,2026-08-14,0.102676,0.25,Snowflake,AWS_US_EAST_1,ONETRU_TRUAUDIENCE_AZURE_EAST_US2,WAREHOUSE_METERING,WAREHOUSE_METERING,ONETRU_TRUAUDIENCE_AZURE_EAST_US2,ONETRU_TRUAUDIENCE_AZURE_EAST_US2,"{""environment"":""Demo"",""team"":""TruAudience""}"
ONETRU_TRUAUDIENCE_AZURE_EAST_US2,ONETRU_TRUAUDIENCE_AZURE_EAST_US2,2026-08-01,2026-09-01,Usage,2026-08-12,2026-08-13,0.406906,0.98,Snowflake,AWS_US_EAST_1,ONETRU_TRUAUDIENCE_AZURE_EAST_US2,SERVERLESS_TASK,SERVERLESS_TASK,ONETRU_TRUAUDIENCE_AZURE_EAST_US2,ONETRU_TRUAUDIENCE_AZURE_EAST_US2,"{""environment"":""Demo"",""team"":""TruAudience""}"
ONETRU_TRUAUDIENCE_AZURE_EAST_US2,ONETRU_TRUAUDIENCE_AZURE_EAST_US2,2026-08-01,2026-09-01,Usage,2026-08-12,2026-08-13,0.110364,0.27,Snowflake,AWS_US_EAST_1,ONETRU_TRUAUDIENCE_AZURE_EAST_US2,WAREHOUSE_METERING,WAREHOUSE_METERING,ONETRU_TRUAUDIENCE_AZURE_EAST_US2,ONETRU_TRUAUDIENCE_AZURE_EAST_US2,"{""environment"":""Demo"",""team"":""TruAudience""}"
ONETRU_TRUAUDIENCE_AZURE_EAST_US2,ONETRU_TRUAUDIENCE_AZURE_EAST_US2,2026-08-01,2026-09-01,Usage,2026-08-11,2026-08-12,0.401049,0.97,Snowflake,AWS_US_EAST_1,ONETRU_TRUAUDIENCE_AZURE_EAST_US2,SERVERLESS_TASK,SERVERLESS_TASK,ONETRU_TRUAUDIENCE_AZURE_EAST_US2,ONETRU_TRUAUDIENCE_AZURE_EAST_US2,"{""environment"":""Demo"",""team"":""TruAudience""}"
ONETRU_TRUAUDIENCE_AZURE_EAST_US2,ONETRU_TRUAUDIENCE_AZURE_EAST_US2,2026-08-01,2026-09-01,Usage,2026-08-11,2026-08-12,0.113499,0.27,Snowflake,AWS_US_EAST_1,ONETRU_TRUAUDIENCE_AZURE_EAST_US2,WAREHOUSE_METERING,WAREHOUSE_METERING,ONETRU_TRUAUDIENCE_AZURE_EAST_US2,ONETRU_TRUAUDIENCE_AZURE_EAST_US2,"{""environment"":""Demo"",""team"":""TruAudience""}"
ONETRU_TRUAUDIENCE_AZURE_EAST_US2,ONETRU_TRUAUDIENCE_AZURE_EAST_US2,2026-08-01,2026-09-01,Usage,2026-08-10,2026-08-11,0.411560,0.99,Snowflake,AWS_US_EAST_1,ONETRU_TRUAUDIENCE_AZURE_EAST_US2,SERVERLESS_TASK,SERVERLESS_TASK,ONETRU_TRUAUDIENCE_AZURE_EAST_US2,ONETRU_TRUAUDIENCE_AZURE_EAST_US2,"{""environment"":""Demo"",""team"":""TruAudience""}"
ONETRU_TRUAUDIENCE_AZURE_EAST_US2,ONETRU_TRUAUDIENCE_AZURE_EAST_US2,2026-08-01,2026-09-01,Usage,2026-08-10,2026-08-11,0.110275,0.27,Snowflake,AWS_US_EAST_1,ONETRU_TRUAUDIENCE_AZURE_EAST_US2,WAREHOUSE_METERING,WAREHOUSE_METERING,ONETRU_TRUAUDIENCE_AZURE_EAST_US2,ONETRU_TRUAUDIENCE_AZURE_EAST_US2,"{""environment"":""Demo"",""team"":""TruAudience""}"
ONETRU_TRUAUDIENCE_AZURE_EAST_US2,ONETRU_TRUAUDIENCE_AZURE_EAST_US2,2026-08-01,2026-09-01,Usage,2026-08-09,2026-08-10,0.422169,1.02,Snowflake,AWS_US_EAST_1,ONETRU_TRUAUDIENCE_AZURE_EAST_US2,SERVERLESS_TASK,SERVERLESS_TASK,ONETRU_TRUAUDIENCE_AZURE_EAST_US2,ONETRU_TRUAUDIENCE_AZURE_EAST_US2,"{""environment"":""Demo"",""team"":""TruAudience""}"
ONETRU_TRUAUDIENCE_AZURE_EAST_US2,ONETRU_TRUAUDIENCE_AZURE_EAST_US2,2026-08-01,2026-09-01,Usage,2026-08-09,2026-08-10,0.137157,0.33,Snowflake,AWS_US_EAST_1,ONETRU_TRUAUDIENCE_AZURE_EAST_US2,WAREHOUSE_METERING,WAREHOUSE_METERING,ONETRU_TRUAUDIENCE_AZURE_EAST_US2,ONETRU_TRUAUDIENCE_AZURE_EAST_US2,"{""environment"":""Demo"",""team"":""TruAudience""}"
ONETRU_TRUAUDIENCE_AZURE_EAST_US2,ONETRU_TRUAUDIENCE_AZURE_EAST_US2,2026-08-01,2026-09-01,Usage,2026-08-09,2026-08-10,0.000000,0.00,Snowflake,AWS_US_EAST_1,ONETRU_TRUAUDIENCE_AZURE_EAST_US2,TELEMETRY_DATA_INGEST,TELEMETRY_DATA_INGEST,ONETRU_TRUAUDIENCE_AZURE_EAST_US2,ONETRU_TRUAUDIENCE_AZURE_EAST_US2,"{""environment"":""Demo"",""team"":""TruAudience""}"
ONETRU_TRUAUDIENCE_AZURE_EAST_US2,ONETRU_TRUAUDIENCE_AZURE_EAST_US2,2026-08-01,2026-09-01,Usage,2026-08-08,2026-08-09,0.408567,0.98,Snowflake,AWS_US_EAST_1,ONETRU_TRUAUDIENCE_AZURE_EAST_US2,SERVERLESS_TASK,SERVERLESS_TASK,ONETRU_TRUAUDIENCE_AZURE_EAST_US2,ONETRU_TRUAUDIENCE_AZURE_EAST_US2,"{""environment"":""Demo"",""team"":""TruAudience""}"
ONETRU_TRUAUDIENCE_AZURE_EAST_US2,ONETRU_TRUAUDIENCE_AZURE_EAST_US2,2026-08-01,2026-09-01,Usage,2026-08-08,2026-08-09,0.109088,0.26,Snowflake,AWS_US_EAST_1,ONETRU_TRUAUDIENCE_AZURE_EAST_US2,WAREHOUSE_METERING,WAREHOUSE_METERING,ONETRU_TRUAUDIENCE_AZURE_EAST_US2,ONETRU_TRUAUDIENCE_AZURE_EAST_US2,"{""environment"":""Demo"",""team"":""TruAudience""}"
ONETRU_TRUAUDIENCE_AZURE_EAST_US2,ONETRU_TRUAUDIENCE_AZURE_EAST_US2,2026-08-01,2026-09-01,Usage,2026-08-07,2026-08-08,0.389574,0.94,Snowflake,AWS_US_EAST_1,ONETRU_TRUAUDIENCE_AZURE_EAST_US2,SERVERLESS_TASK,SERVERLESS_TASK,ONETRU_TRUAUDIENCE_AZURE_EAST_US2,ONETRU_TRUAUDIENCE_AZURE_EAST_US2,"{""environment"":""Demo"",""team"":""TruAudience""}"
ONETRU_TRUAUDIENCE_AZURE_EAST_US2,ONETRU_TRUAUDIENCE_AZURE_EAST_US2,2026-08-01,2026-09-01,Usage,2026-08-07,2026-08-08,0.103456,0.25,Snowflake,AWS_US_EAST_1,ONETRU_TRUAUDIENCE_AZURE_EAST_US2,WAREHOUSE_METERING,WAREHOUSE_METERING,ONETRU_TRUAUDIENCE_AZURE_EAST_US2,ONETRU_TRUAUDIENCE_AZURE_EAST_US2,"{""environment"":""Demo"",""team"":""TruAudience""}"
ONETRU_TRUAUDIENCE_AZURE_EAST_US2,ONETRU_TRUAUDIENCE_AZURE_EAST_US2,2026-08-01,2026-09-01,Usage,2026-08-06,2026-08-07,0.386527,0.93,Snowflake,AWS_US_EAST_1,ONETRU_TRUAUDIENCE_AZURE_EAST_US2,SERVERLESS_TASK,SERVERLESS_TASK,ONETRU_TRUAUDIENCE_AZURE_EAST_US2,ONETRU_TRUAUDIENCE_AZURE_EAST_US2,"{""environment"":""Demo"",""team"":""TruAudience""}"
ONETRU_TRUAUDIENCE_AZURE_EAST_US2,ONETRU_TRUAUDIENCE_AZURE_EAST_US2,2026-08-01,2026-09-01,Usage,2026-08-06,2026-08-07,0.102341,0.25,Snowflake,AWS_US_EAST_1,ONETRU_TRUAUDIENCE_AZURE_EAST_US2,WAREHOUSE_METERING,WAREHOUSE_METERING,ONETRU_TRUAUDIENCE_AZURE_EAST_US2,ONETRU_TRUAUDIENCE_AZURE_EAST_US2,"{""environment"":""Demo"",""team"":""TruAudience""}"
ONETRU_TRUAUDIENCE_AZURE_EAST_US2,ONETRU_TRUAUDIENCE_AZURE_EAST_US2,2026-08-01,2026-09-01,Usage,2026-08-05,2026-08-06,0.412290,0.99,Snowflake,AWS_US_EAST_1,ONETRU_TRUAUDIENCE_AZURE_EAST_US2,SERVERLESS_TASK,SERVERLESS_TASK,ONETRU_TRUAUDIENCE_AZURE_EAST_US2,ONETRU_TRUAUDIENCE_AZURE_EAST_US2,"{""environment"":""Demo"",""team"":""TruAudience""}"
ONETRU_TRUAUDIENCE_AZURE_EAST_US2,ONETRU_TRUAUDIENCE_AZURE_EAST_US2,2026-08-01,2026-09-01,Usage,2026-08-05,2026-08-06,0.113763,0.27,Snowflake,AWS_US_EAST_1,ONETRU_TRUAUDIENCE_AZURE_EAST_US2,WAREHOUSE_METERING,WAREHOUSE_METERING,ONETRU_TRUAUDIENCE_AZURE_EAST_US2,ONETRU_TRUAUDIENCE_AZURE_EAST_US2,"{""environment"":""Demo"",""team"":""TruAudience""}"
ONETRU_TRUAUDIENCE_AZURE_EAST_US2,ONETRU_TRUAUDIENCE_AZURE_EAST_US2,2026-08-01,2026-09-01,Usage,2026-08-04,2026-08-05,0.419526,1.01,Snowflake,AWS_US_EAST_1,ONETRU_TRUAUDIENCE_AZURE_EAST_US2,SERVERLESS_TASK,SERVERLESS_TASK,ONETRU_TRUAUDIENCE_AZURE_EAST_US2,ONETRU_TRUAUDIENCE_AZURE_EAST_US2,"{""environment"":""Demo"",""team"":""TruAudience""}"
ONETRU_TRUAUDIENCE_AZURE_EAST_US2,ONETRU_TRUAUDIENCE_AZURE_EAST_US2,2026-08-01,2026-09-01,Usage,2026-08-04,2026-08-05,0.152728,0.37,Snowflake,AWS_US_EAST_1,ONETRU_TRUAUDIENCE_AZURE_EAST_US2,WAREHOUSE_METERING,WAREHOUSE_METERING,ONETRU_TRUAUDIENCE_AZURE_EAST_US2,ONETRU_TRUAUDIENCE_AZURE_EAST_US2,"{""environment"":""Demo"",""team"":""TruAudience""}"
ONETRU_TRUAUDIENCE_AZURE_EAST_US2,ONETRU_TRUAUDIENCE_AZURE_EAST_US2,2026-08-01,2026-09-01,Usage,2026-08-04,2026-08-05,0.000000,0.00,Snowflake,AWS_US_EAST_1,ONETRU_TRUAUDIENCE_AZURE_EAST_US2,TELEMETRY_DATA_INGEST,TELEMETRY_DATA_INGEST,ONETRU_TRUAUDIENCE_AZURE_EAST_US2,ONETRU_TRUAUDIENCE_AZURE_EAST_US2,"{""environment"":""Demo"",""team"":""TruAudience""}"
ONETRU_TRUAUDIENCE_AZURE_EAST_US2,ONETRU_TRUAUDIENCE_AZURE_EAST_US2,2026-08-01,2026-09-01,Usage,2026-08-03,2026-08-04,0.413743,1.00,Snowflake,AWS_US_EAST_1,ONETRU_TRUAUDIENCE_AZURE_EAST_US2,SERVERLESS_TASK,SERVERLESS_TASK,ONETRU_TRUAUDIENCE_AZURE_EAST_US2,ONETRU_TRUAUDIENCE_AZURE_EAST_US2,"{""environment"":""Demo"",""team"":""TruAudience""}"
ONETRU_TRUAUDIENCE_AZURE_EAST_US2,ONETRU_TRUAUDIENCE_AZURE_EAST_US2,2026-08-01,2026-09-01,Usage,2026-08-03,2026-08-04,0.127816,0.31,Snowflake,AWS_US_EAST_1,ONETRU_TRUAUDIENCE_AZURE_EAST_US2,WAREHOUSE_METERING,WAREHOUSE_METERING,ONETRU_TRUAUDIENCE_AZURE_EAST_US2,ONETRU_TRUAUDIENCE_AZURE_EAST_US2,"{""environment"":""Demo"",""team"":""TruAudience""}"
ONETRU_TRUAUDIENCE_AZURE_EAST_US2,ONETRU_TRUAUDIENCE_AZURE_EAST_US2,2026-08-01,2026-09-01,Usage,2026-08-03,2026-08-04,0.000000,0.00,Snowflake,AWS_US_EAST_1,ONETRU_TRUAUDIENCE_AZURE_EAST_US2,TELEMETRY_DATA_INGEST,TELEMETRY_DATA_INGEST,ONETRU_TRUAUDIENCE_AZURE_EAST_US2,ONETRU_TRUAUDIENCE_AZURE_EAST_US2,"{""environment"":""Demo"",""team"":""TruAudience""}"
ONETRU_TRUAUDIENCE_AZURE_EAST_US2,ONETRU_TRUAUDIENCE_AZURE_EAST_US2,2026-08-01,2026-09-01,Usage,2026-08-02,2026-08-03,0.405820,0.98,Snowflake,AWS_US_EAST_1,ONETRU_TRUAUDIENCE_AZURE_EAST_US2,SERVERLESS_TASK,SERVERLESS_TASK,ONETRU_TRUAUDIENCE_AZURE_EAST_US2,ONETRU_TRUAUDIENCE_AZURE_EAST_US2,"{""environment"":""Demo"",""team"":""TruAudience""}"
ONETRU_TRUAUDIENCE_AZURE_EAST_US2,ONETRU_TRUAUDIENCE_AZURE_EAST_US2,2026-08-01,2026-09-01,Usage,2026-08-02,2026-08-03,0.159188,0.38,Snowflake,AWS_US_EAST_1,ONETRU_TRUAUDIENCE_AZURE_EAST_US2,WAREHOUSE_METERING,WAREHOUSE_METERING,ONETRU_TRUAUDIENCE_AZURE_EAST_US2,ONETRU_TRUAUDIENCE_AZURE_EAST_US2,"{""environment"":""Demo"",""team"":""TruAudience""}"
ONETRU_TRUAUDIENCE_AZURE_EAST_US2,ONETRU_TRUAUDIENCE_AZURE_EAST_US2,2026-08-01,2026-09-01,Usage,2026-08-02,2026-08-03,0.000000,0.00,Snowflake,AWS_US_EAST_1,ONETRU_TRUAUDIENCE_AZURE_EAST_US2,TELEMETRY_DATA_INGEST,TELEMETRY_DATA_INGEST,ONETRU_TRUAUDIENCE_AZURE_EAST_US2,ONETRU_TRUAUDIENCE_AZURE_EAST_US2,"{""environment"":""Demo"",""team"":""TruAudience""}"
ONETRU_TRUAUDIENCE_AZURE_EAST_US2,ONETRU_TRUAUDIENCE_AZURE_EAST_US2,2026-08-01,2026-09-01,Usage,2026-08-01,2026-08-02,0.397453,0.96,Snowflake,AWS_US_EAST_1,ONETRU_TRUAUDIENCE_AZURE_EAST_US2,SERVERLESS_TASK,SERVERLESS_TASK,ONETRU_TRUAUDIENCE_AZURE_EAST_US2,ONETRU_TRUAUDIENCE_AZURE_EAST_US2,"{""environment"":""Demo"",""team"":""TruAudience""}"
ONETRU_TRUAUDIENCE_AZURE_EAST_US2,ONETRU_TRUAUDIENCE_AZURE_EAST_US2,2026-08-01,2026-09-01,Usage,2026-08-01,2026-08-02,0.107864,0.26,Snowflake,AWS_US_EAST_1,ONETRU_TRUAUDIENCE_AZURE_EAST_US2,WAREHOUSE_METERING,WAREHOUSE_METERING,ONETRU_TRUAUDIENCE_AZURE_EAST_US2,ONETRU_TRUAUDIENCE_AZURE_EAST_US2,"{""environment"":""Demo"",""team"":""TruAudience""}"
TU_US_NONCREDIT_TRUAUDIENCE_DEV,TU_US_NONCREDIT_TRUAUDIENCE_DEV,2026-08-01,2026-09-01,Usage,2026-08-29,2026-08-30,193.260730,465.45,Snowflake,AWS_US_EAST_1,TU_US_NONCREDIT_TRUAUDIENCE_DEV,WAREHOUSE_METERING,WAREHOUSE_METERING,TU_US_NONCREDIT_TRUAUDIENCE_DEV,TU_US_NONCREDIT_TRUAUDIENCE_DEV,"{""environment"":""Development"",""team"":""TruAudience""}"
TU_US_NONCREDIT_TRUAUDIENCE_DEV,TU_US_NONCREDIT_TRUAUDIENCE_DEV,2026-08-01,2026-09-01,Usage,2026-08-29,2026-08-30,5.717973,13.77,Snowflake,AWS_US_EAST_1,TU_US_NONCREDIT_TRUAUDIENCE_DEV,SNOWPARK_CONTAINER_SERVICES,SNOWPARK_CONTAINER_SERVICES,TU_US_NONCREDIT_TRUAUDIENCE_DEV,TU_US_NONCREDIT_TRUAUDIENCE_DEV,"{""environment"":""Development"",""team"":""TruAudience""}"
TU_US_NONCREDIT_TRUAUDIENCE_DEV,TU_US_NONCREDIT_TRUAUDIENCE_DEV,2026-08-01,2026-09-01,Usage,2026-08-29,2026-08-30,3.315154,7.98,Snowflake,AWS_US_EAST_1,TU_US_NONCREDIT_TRUAUDIENCE_DEV,SNOWFLAKE_INTELLIGENCE,SNOWFLAKE_INTELLIGENCE,TU_US_NONCREDIT_TRUAUDIENCE_DEV,TU_US_NONCREDIT_TRUAUDIENCE_DEV,"{""environment"":""Development"",""team"":""TruAudience""}"
TU_US_NONCREDIT_TRUAUDIENCE_DEV,TU_US_NONCREDIT_TRUAUDIENCE_DEV,2026-08-01,2026-09-01,Usage,2026-08-29,2026-08-30,3.190375,7.68,Snowflake,AWS_US_EAST_1,TU_US_NONCREDIT_TRUAUDIENCE_DEV,CORTEX_AGENTS,CORTEX_AGENTS,TU_US_NONCREDIT_TRUAUDIENCE_DEV,TU_US_NONCREDIT_TRUAUDIENCE_DEV,"{""environment"":""Development"",""team"":""TruAudience""}"
TU_US_NONCREDIT_TRUAUDIENCE_DEV,TU_US_NONCREDIT_TRUAUDIENCE_DEV,2026-08-01,2026-09-01,Usage,2026-08-29,2026-08-30,0.838732,2.02,Snowflake,AWS_US_EAST_1,TU_US_NONCREDIT_TRUAUDIENCE_DEV,POSTGRES_COMPUTE,POSTGRES_COMPUTE,TU_US_NONCREDIT_TRUAUDIENCE_DEV,TU_US_NONCREDIT_TRUAUDIENCE_DEV,"{""environment"":""Development"",""team"":""TruAudience""}"
TU_US_NONCREDIT_TRUAUDIENCE_DEV,TU_US_NONCREDIT_TRUAUDIENCE_DEV,2026-08-01,2026-09-01,Usage,2026-08-29,2026-08-30,0.057279,0.14,Snowflake,AWS_US_EAST_1,TU_US_NONCREDIT_TRUAUDIENCE_DEV,CORTEX_SEARCH,CORTEX_SEARCH,TU_US_NONCREDIT_TRUAUDIENCE_DEV,TU_US_NONCREDIT_TRUAUDIENCE_DEV,"{""environment"":""Development"",""team"":""TruAudience""}"
TU_US_NONCREDIT_TRUAUDIENCE_DEV,TU_US_NONCREDIT_TRUAUDIENCE_DEV,2026-08-01,2026-09-01,Usage,2026-08-29,2026-08-30,0.037451,0.09,Snowflake,AWS_US_EAST_1,TU_US_NONCREDIT_TRUAUDIENCE_DEV,CORTEX_CODE_SNOWSIGHT,CORTEX_CODE_SNOWSIGHT,TU_US_NONCREDIT_TRUAUDIENCE_DEV,TU_US_NONCREDIT_TRUAUDIENCE_DEV,"{""environment"":""Development"",""team"":""TruAudience""}"
TU_US_NONCREDIT_TRUAUDIENCE_DEV,TU_US_NONCREDIT_TRUAUDIENCE_DEV,2026-08-01,2026-09-01,Usage,2026-08-29,2026-08-30,0.010683,0.03,Snowflake,AWS_US_EAST_1,TU_US_NONCREDIT_TRUAUDIENCE_DEV,TELEMETRY_DATA_INGEST,TELEMETRY_DATA_INGEST,TU_US_NONCREDIT_TRUAUDIENCE_DEV,TU_US_NONCREDIT_TRUAUDIENCE_DEV,"{""environment"":""Development"",""team"":""TruAudience""}"
TU_US_NONCREDIT_TRUAUDIENCE_DEV,TU_US_NONCREDIT_TRUAUDIENCE_DEV,2026-08-01,2026-09-01,Usage,2026-08-28,2026-08-29,167.177258,402.63,Snowflake,AWS_US_EAST_1,TU_US_NONCREDIT_TRUAUDIENCE_DEV,WAREHOUSE_METERING,WAREHOUSE_METERING,TU_US_NONCREDIT_TRUAUDIENCE_DEV,TU_US_NONCREDIT_TRUAUDIENCE_DEV,"{""environment"":""Development"",""team"":""TruAudience""}"
TU_US_NONCREDIT_TRUAUDIENCE_DEV,TU_US_NONCREDIT_TRUAUDIENCE_DEV,2026-08-01,2026-09-01,Usage,2026-08-28,2026-08-29,5.751299,13.85,Snowflake,AWS_US_EAST_1,TU_US_NONCREDIT_TRUAUDIENCE_DEV,SNOWPARK_CONTAINER_SERVICES,SNOWPARK_CONTAINER_SERVICES,TU_US_NONCREDIT_TRUAUDIENCE_DEV,TU_US_NONCREDIT_TRUAUDIENCE_DEV,"{""environment"":""Development"",""team"":""TruAudience""}"
TU_US_NONCREDIT_TRUAUDIENCE_DEV,TU_US_NONCREDIT_TRUAUDIENCE_DEV,2026-08-01,2026-09-01,Usage,2026-08-28,2026-08-29,0.843699,2.03,Snowflake,AWS_US_EAST_1,TU_US_NONCREDIT_TRUAUDIENCE_DEV,POSTGRES_COMPUTE,POSTGRES_COMPUTE,TU_US_NONCREDIT_TRUAUDIENCE_DEV,TU_US_NONCREDIT_TRUAUDIENCE_DEV,"{""environment"":""Development"",""team"":""TruAudience""}"
TU_US_NONCREDIT_TRUAUDIENCE_DEV,TU_US_NONCREDIT_TRUAUDIENCE_DEV,2026-08-01,2026-09-01,Usage,2026-08-28,2026-08-29,0.057115,0.14,Snowflake,AWS_US_EAST_1,TU_US_NONCREDIT_TRUAUDIENCE_DEV,CORTEX_SEARCH,CORTEX_SEARCH,TU_US_NONCREDIT_TRUAUDIENCE_DEV,TU_US_NONCREDIT_TRUAUDIENCE_DEV,"{""environment"":""Development"",""team"":""TruAudience""}"
TU_US_NONCREDIT_TRUAUDIENCE_DEV,TU_US_NONCREDIT_TRUAUDIENCE_DEV,2026-08-01,2026-09-01,Usage,2026-08-28,2026-08-29,0.010446,0.03,Snowflake,AWS_US_EAST_1,TU_US_NONCREDIT_TRUAUDIENCE_DEV,TELEMETRY_DATA_INGEST,TELEMETRY_DATA_INGEST,TU_US_NONCREDIT_TRUAUDIENCE_DEV,TU_US_NONCREDIT_TRUAUDIENCE_DEV,"{""environment"":""Development"",""team"":""TruAudience""}"
TU_US_NONCREDIT_TRUAUDIENCE_DEV,TU_US_NONCREDIT_TRUAUDIENCE_DEV,2026-08-01,2026-09-01,Usage,2026-08-27,2026-08-28,167.062409,402.37,Snowflake,AWS_US_EAST_1,TU_US_NONCREDIT_TRUAUDIENCE_DEV,WAREHOUSE_METERING,WAREHOUSE_METERING,TU_US_NONCREDIT_TRUAUDIENCE_DEV,TU_US_NONCREDIT_TRUAUDIENCE_DEV,"{""environment"":""Development"",""team"":""TruAudience""}"
TU_US_NONCREDIT_TRUAUDIENCE_DEV,TU_US_NONCREDIT_TRUAUDIENCE_DEV,2026-08-01,2026-09-01,Usage,2026-08-27,2026-08-28,5.729860,13.80,Snowflake,AWS_US_EAST_1,TU_US_NONCREDIT_TRUAUDIENCE_DEV,SNOWPARK_CONTAINER_SERVICES,SNOWPARK_CONTAINER_SERVICES,TU_US_NONCREDIT_TRUAUDIENCE_DEV,TU_US_NONCREDIT_TRUAUDIENCE_DEV,"{""environment"":""Development"",""team"":""TruAudience""}"
TU_US_NONCREDIT_TRUAUDIENCE_DEV,TU_US_NONCREDIT_TRUAUDIENCE_DEV,2026-08-01,2026-09-01,Usage,2026-08-27,2026-08-28,0.848829,2.04,Snowflake,AWS_US_EAST_1,TU_US_NONCREDIT_TRUAUDIENCE_DEV,POSTGRES_COMPUTE,POSTGRES_COMPUTE,TU_US_NONCREDIT_TRUAUDIENCE_DEV,TU_US_NONCREDIT_TRUAUDIENCE_DEV,"{""environment"":""Development"",""team"":""TruAudience""}"
TU_US_NONCREDIT_TRUAUDIENCE_DEV,TU_US_NONCREDIT_TRUAUDIENCE_DEV,2026-08-01,2026-09-01,Usage,2026-08-27,2026-08-28,0.057150,0.14,Snowflake,AWS_US_EAST_1,TU_US_NONCREDIT_TRUAUDIENCE_DEV,CORTEX_SEARCH,CORTEX_SEARCH,TU_US_NONCREDIT_TRUAUDIENCE_DEV,TU_US_NONCREDIT_TRUAUDIENCE_DEV,"{""environment"":""Development"",""team"":""TruAudience""}"
TU_US_NONCREDIT_TRUAUDIENCE_DEV,TU_US_NONCREDIT_TRUAUDIENCE_DEV,2026-08-01,2026-09-01,Usage,2026-08-27,2026-08-28,0.010445,0.03,Snowflake,AWS_US_EAST_1,TU_US_NONCREDIT_TRUAUDIENCE_DEV,TELEMETRY_DATA_INGEST,TELEMETRY_DATA_INGEST,TU_US_NONCREDIT_TRUAUDIENCE_DEV,TU_US_NONCREDIT_TRUAUDIENCE_DEV,"{""environment"":""Development"",""team"":""TruAudience""}"
TU_US_NONCREDIT_TRUAUDIENCE_DEV,TU_US_NONCREDIT_TRUAUDIENCE_DEV,2026-08-01,2026-09-01,Usage,2026-08-27,2026-08-28,0.000144,0.00,Snowflake,AWS_US_EAST_1,TU_US_NONCREDIT_TRUAUDIENCE_DEV,AUTO_CLUSTERING,AUTO_CLUSTERING,TU_US_NONCREDIT_TRUAUDIENCE_DEV,TU_US_NONCREDIT_TRUAUDIENCE_DEV,"{""environment"":""Development"",""team"":""TruAudience""}"
TU_US_NONCREDIT_TRUAUDIENCE_DEV,TU_US_NONCREDIT_TRUAUDIENCE_DEV,2026-08-01,2026-09-01,Usage,2026-08-26,2026-08-27,166.431604,400.83,Snowflake,AWS_US_EAST_1,TU_US_NONCREDIT_TRUAUDIENCE_DEV,WAREHOUSE_METERING,WAREHOUSE_METERING,TU_US_NONCREDIT_TRUAUDIENCE_DEV,TU_US_NONCREDIT_TRUAUDIENCE_DEV,"{""environment"":""Development"",""team"":""TruAudience""}"
TU_US_NONCREDIT_TRUAUDIENCE_DEV,TU_US_NONCREDIT_TRUAUDIENCE_DEV,2026-08-01,2026-09-01,Usage,2026-08-26,2026-08-27,5.730587,13.80,Snowflake,AWS_US_EAST_1,TU_US_NONCREDIT_TRUAUDIENCE_DEV,SNOWPARK_CONTAINER_SERVICES,SNOWPARK_CONTAINER_SERVICES,TU_US_NONCREDIT_TRUAUDIENCE_DEV,TU_US_NONCREDIT_TRUAUDIENCE_DEV,"{""environment"":""Development"",""team"":""TruAudience""}"
TU_US_NONCREDIT_TRUAUDIENCE_DEV,TU_US_NONCREDIT_TRUAUDIENCE_DEV,2026-08-01,2026-09-01,Usage,2026-08-26,2026-08-27,0.842872,2.03,Snowflake,AWS_US_EAST_1,TU_US_NONCREDIT_TRUAUDIENCE_DEV,POSTGRES_COMPUTE,POSTGRES_COMPUTE,TU_US_NONCREDIT_TRUAUDIENCE_DEV,TU_US_NONCREDIT_TRUAUDIENCE_DEV,"{""environment"":""Development"",""team"":""TruAudience""}"
TU_US_NONCREDIT_TRUAUDIENCE_DEV,TU_US_NONCREDIT_TRUAUDIENCE_DEV,2026-08-01,2026-09-01,Usage,2026-08-26,2026-08-27,0.540908,1.30,Snowflake,AWS_US_EAST_1,TU_US_NONCREDIT_TRUAUDIENCE_DEV,CORTEX_AGENTS,CORTEX_AGENTS,TU_US_NONCREDIT_TRUAUDIENCE_DEV,TU_US_NONCREDIT_TRUAUDIENCE_DEV,"{""environment"":""Development"",""team"":""TruAudience""}"
TU_US_NONCREDIT_TRUAUDIENCE_DEV,TU_US_NONCREDIT_TRUAUDIENCE_DEV,2026-08-01,2026-09-01,Usage,2026-08-26,2026-08-27,0.057195,0.14,Snowflake,AWS_US_EAST_1,TU_US_NONCREDIT_TRUAUDIENCE_DEV,CORTEX_SEARCH,CORTEX_SEARCH,TU_US_NONCREDIT_TRUAUDIENCE_DEV,TU_US_NONCREDIT_TRUAUDIENCE_DEV,"{""environment"":""Development"",""team"":""TruAudience""}"
TU_US_NONCREDIT_TRUAUDIENCE_DEV,TU_US_NONCREDIT_TRUAUDIENCE_DEV,2026-08-01,2026-09-01,Usage,2026-08-26,2026-08-27,0.010462,0.03,Snowflake,AWS_US_EAST_1,TU_US_NONCREDIT_TRUAUDIENCE_DEV,TELEMETRY_DATA_INGEST,TELEMETRY_DATA_INGEST,TU_US_NONCREDIT_TRUAUDIENCE_DEV,TU_US_NONCREDIT_TRUAUDIENCE_DEV,"{""environment"":""Development"",""team"":""TruAudience""}"
TU_US_NONCREDIT_TRUAUDIENCE_DEV,TU_US_NONCREDIT_TRUAUDIENCE_DEV,2026-08-01,2026-09-01,Usage,2026-08-26,2026-08-27,0.000200,0.00,Snowflake,AWS_US_EAST_1,TU_US_NONCREDIT_TRUAUDIENCE_DEV,AUTO_CLUSTERING,AUTO_CLUSTERING,TU_US_NONCREDIT_TRUAUDIENCE_DEV,TU_US_NONCREDIT_TRUAUDIENCE_DEV,"{""environment"":""Development"",""team"":""TruAudience""}"
TU_US_NONCREDIT_TRUAUDIENCE_DEV,TU_US_NONCREDIT_TRUAUDIENCE_DEV,2026-08-01,2026-09-01,Usage,2026-08-25,2026-08-26,73.325250,176.60,Snowflake,AWS_US_EAST_1,TU_US_NONCREDIT_TRUAUDIENCE_DEV,WAREHOUSE_METERING,WAREHOUSE_METERING,TU_US_NONCREDIT_TRUAUDIENCE_DEV,TU_US_NONCREDIT_TRUAUDIENCE_DEV,"{""environment"":""Development"",""team"":""TruAudience""}"
TU_US_NONCREDIT_TRUAUDIENCE_DEV,TU_US_NONCREDIT_TRUAUDIENCE_DEV,2026-08-01,2026-09-01,Usage,2026-08-25,2026-08-26,5.740620,13.83,Snowflake,AWS_US_EAST_1,TU_US_NONCREDIT_TRUAUDIENCE_DEV,SNOWPARK_CONTAINER_SERVICES,SNOWPARK_CONTAINER_SERVICES,TU_US_NONCREDIT_TRUAUDIENCE_DEV,TU_US_NONCREDIT_TRUAUDIENCE_DEV,"{""environment"":""Development"",""team"":""TruAudience""}"
TU_US_NONCREDIT_TRUAUDIENCE_DEV,TU_US_NONCREDIT_TRUAUDIENCE_DEV,2026-08-01,2026-09-01,Usage,2026-08-25,2026-08-26,3.176153,7.65,Snowflake,AWS_US_EAST_1,TU_US_NONCREDIT_TRUAUDIENCE_DEV,CORTEX_CODE_CLI,CORTEX_CODE_CLI,TU_US_NONCREDIT_TRUAUDIENCE_DEV,TU_US_NONCREDIT_TRUAUDIENCE_DEV,"{""environment"":""Development"",""team"":""TruAudience""}"
TU_US_NONCREDIT_TRUAUDIENCE_DEV,TU_US_NONCREDIT_TRUAUDIENCE_DEV,2026-08-01,2026-09-01,Usage,2026-08-25,2026-08-26,0.848586,2.04,Snowflake,AWS_US_EAST_1,TU_US_NONCREDIT_TRUAUDIENCE_DEV,POSTGRES_COMPUTE,POSTGRES_COMPUTE,TU_US_NONCREDIT_TRUAUDIENCE_DEV,TU_US_NONCREDIT_TRUAUDIENCE_DEV,"{""environment"":""Development"",""team"":""TruAudience""}"
TU_US_NONCREDIT_TRUAUDIENCE_DEV,TU_US_NONCREDIT_TRUAUDIENCE_DEV,2026-08-01,2026-09-01,Usage,2026-08-25,2026-08-26,0.057271,0.14,Snowflake,AWS_US_EAST_1,TU_US_NONCREDIT_TRUAUDIENCE_DEV,CORTEX_SEARCH,CORTEX_SEARCH,TU_US_NONCREDIT_TRUAUDIENCE_DEV,TU_US_NONCREDIT_TRUAUDIENCE_DEV,"{""environment"":""Development"",""team"":""TruAudience""}"
TU_US_NONCREDIT_TRUAUDIENCE_DEV,TU_US_NONCREDIT_TRUAUDIENCE_DEV,2026-08-01,2026-09-01,Usage,2026-08-25,2026-08-26,0.015499,0.04,Snowflake,AWS_US_EAST_1,TU_US_NONCREDIT_TRUAUDIENCE_DEV,AI_FUNCTIONS,AI_FUNCTIONS,TU_US_NONCREDIT_TRUAUDIENCE_DEV,TU_US_NONCREDIT_TRUAUDIENCE_DEV,"{""environment"":""Development"",""team"":""TruAudience""}"
TU_US_NONCREDIT_TRUAUDIENCE_DEV,TU_US_NONCREDIT_TRUAUDIENCE_DEV,2026-08-01,2026-09-01,Usage,2026-08-25,2026-08-26,0.010768,0.03,Snowflake,AWS_US_EAST_1,TU_US_NONCREDIT_TRUAUDIENCE_DEV,TELEMETRY_DATA_INGEST,TELEMETRY_DATA_INGEST,TU_US_NONCREDIT_TRUAUDIENCE_DEV,TU_US_NONCREDIT_TRUAUDIENCE_DEV,"{""environment"":""Development"",""team"":""TruAudience""}"
TU_US_NONCREDIT_TRUAUDIENCE_DEV,TU_US_NONCREDIT_TRUAUDIENCE_DEV,2026-08-01,2026-09-01,Usage,2026-08-25,2026-08-26,0.002247,0.01,Snowflake,AWS_US_EAST_1,TU_US_NONCREDIT_TRUAUDIENCE_DEV,AUTO_CLUSTERING,AUTO_CLUSTERING,TU_US_NONCREDIT_TRUAUDIENCE_DEV,TU_US_NONCREDIT_TRUAUDIENCE_DEV,"{""environment"":""Development"",""team"":""TruAudience""}"
TU_US_NONCREDIT_TRUAUDIENCE_DEV,TU_US_NONCREDIT_TRUAUDIENCE_DEV,2026-08-01,2026-09-01,Usage,2026-08-25,2026-08-26,0.000054,0.00,Snowflake,AWS_US_EAST_1,TU_US_NONCREDIT_TRUAUDIENCE_DEV,AI_INFERENCE,AI_INFERENCE,TU_US_NONCREDIT_TRUAUDIENCE_DEV,TU_US_NONCREDIT_TRUAUDIENCE_DEV,"{""environment"":""Development"",""team"":""TruAudience""}"
TU_US_NONCREDIT_TRUAUDIENCE_DEV,TU_US_NONCREDIT_TRUAUDIENCE_DEV,2026-08-01,2026-09-01,Usage,2026-08-24,2026-08-25,99.344241,239.26,Snowflake,AWS_US_EAST_1,TU_US_NONCREDIT_TRUAUDIENCE_DEV,WAREHOUSE_METERING,WAREHOUSE_METERING,TU_US_NONCREDIT_TRUAUDIENCE_DEV,TU_US_NONCREDIT_TRUAUDIENCE_DEV,"{""environment"":""Development"",""team"":""TruAudience""}"
TU_US_NONCREDIT_TRUAUDIENCE_DEV,TU_US_NONCREDIT_TRUAUDIENCE_DEV,2026-08-01,2026-09-01,Usage,2026-08-24,2026-08-25,8.050744,19.39,Snowflake,AWS_US_EAST_1,TU_US_NONCREDIT_TRUAUDIENCE_DEV,SNOWPARK_CONTAINER_SERVICES,SNOWPARK_CONTAINER_SERVICES,TU_US_NONCREDIT_TRUAUDIENCE_DEV,TU_US_NONCREDIT_TRUAUDIENCE_DEV,"{""environment"":""Development"",""team"":""TruAudience""}"
TU_US_NONCREDIT_TRUAUDIENCE_DEV,TU_US_NONCREDIT_TRUAUDIENCE_DEV,2026-08-01,2026-09-01,Usage,2026-08-24,2026-08-25,1.258405,3.03,Snowflake,AWS_US_EAST_1,TU_US_NONCREDIT_TRUAUDIENCE_DEV,SNOWFLAKE_INTELLIGENCE,SNOWFLAKE_INTELLIGENCE,TU_US_NONCREDIT_TRUAUDIENCE_DEV,TU_US_NONCREDIT_TRUAUDIENCE_DEV,"{""environment"":""Development"",""team"":""TruAudience""}"
TU_US_NONCREDIT_TRUAUDIENCE_DEV,TU_US_NONCREDIT_TRUAUDIENCE_DEV,2026-08-01,2026-09-01,Usage,2026-08-24,2026-08-25,0.850340,2.05,Snowflake,AWS_US_EAST_1,TU_US_NONCREDIT_TRUAUDIENCE_DEV,POSTGRES_COMPUTE,POSTGRES_COMPUTE,TU_US_NONCREDIT_TRUAUDIENCE_DEV,TU_US_NONCREDIT_TRUAUDIENCE_DEV,"{""environment"":""Development"",""team"":""TruAudience""}"
TU_US_NONCREDIT_TRUAUDIENCE_DEV,TU_US_NONCREDIT_TRUAUDIENCE_DEV,2026-08-01,2026-09-01,Usage,2026-08-24,2026-08-25,0.057186,0.14,Snowflake,AWS_US_EAST_1,TU_US_NONCREDIT_TRUAUDIENCE_DEV,CORTEX_SEARCH,CORTEX_SEARCH,TU_US_NONCREDIT_TRUAUDIENCE_DEV,TU_US_NONCREDIT_TRUAUDIENCE_DEV,"{""environment"":""Development"",""team"":""TruAudience""}"
TU_US_NONCREDIT_TRUAUDIENCE_DEV,TU_US_NONCREDIT_TRUAUDIENCE_DEV,2026-08-01,2026-09-01,Usage,2026-08-24,2026-08-25,0.050725,0.12,Snowflake,AWS_US_EAST_1,TU_US_NONCREDIT_TRUAUDIENCE_DEV,CORTEX_AGENTS,CORTEX_AGENTS,TU_US_NONCREDIT_TRUAUDIENCE_DEV,TU_US_NONCREDIT_TRUAUDIENCE_DEV,"{""environment"":""Development"",""team"":""TruAudience""}"
TU_US_NONCREDIT_TRUAUDIENCE_DEV,TU_US_NONCREDIT_TRUAUDIENCE_DEV,2026-08-01,2026-09-01,Usage,2026-08-24,2026-08-25,0.011099,0.03,Snowflake,AWS_US_EAST_1,TU_US_NONCREDIT_TRUAUDIENCE_DEV,TELEMETRY_DATA_INGEST,TELEMETRY_DATA_INGEST,TU_US_NONCREDIT_TRUAUDIENCE_DEV,TU_US_NONCREDIT_TRUAUDIENCE_DEV,"{""environment"":""Development"",""team"":""TruAudience""}"
TU_US_NONCREDIT_TRUAUDIENCE_DEV,TU_US_NONCREDIT_TRUAUDIENCE_DEV,2026-08-01,2026-09-01,Usage,2026-08-24,2026-08-25,0.000235,0.00,Snowflake,AWS_US_EAST_1,TU_US_NONCREDIT_TRUAUDIENCE_DEV,AUTO_CLUSTERING,AUTO_CLUSTERING,TU_US_NONCREDIT_TRUAUDIENCE_DEV,TU_US_NONCREDIT_TRUAUDIENCE_DEV,"{""environment"":""Development"",""team"":""TruAudience""}"
TU_US_NONCREDIT_TRUAUDIENCE_DEV,TU_US_NONCREDIT_TRUAUDIENCE_DEV,2026-08-01,2026-09-01,Usage,2026-08-23,2026-08-24,91.179746,219.60,Snowflake,AWS_US_EAST_1,TU_US_NONCREDIT_TRUAUDIENCE_DEV,WAREHOUSE_METERING,WAREHOUSE_METERING,TU_US_NONCREDIT_TRUAUDIENCE_DEV,TU_US_NONCREDIT_TRUAUDIENCE_DEV,"{""environment"":""Development"",""team"":""TruAudience""}"
TU_US_NONCREDIT_TRUAUDIENCE_DEV,TU_US_NONCREDIT_TRUAUDIENCE_DEV,2026-08-01,2026-09-01,Usage,2026-08-23,2026-08-24,6.966464,16.78,Snowflake,AWS_US_EAST_1,TU_US_NONCREDIT_TRUAUDIENCE_DEV,CORTEX_CODE_CLI,CORTEX_CODE_CLI,TU_US_NONCREDIT_TRUAUDIENCE_DEV,TU_US_NONCREDIT_TRUAUDIENCE_DEV,"{""environment"":""Development"",""team"":""TruAudience""}"
TU_US_NONCREDIT_TRUAUDIENCE_DEV,TU_US_NONCREDIT_TRUAUDIENCE_DEV,2026-08-01,2026-09-01,Usage,2026-08-23,2026-08-24,6.078808,14.64,Snowflake,AWS_US_EAST_1,TU_US_NONCREDIT_TRUAUDIENCE_DEV,SNOWPARK_CONTAINER_SERVICES,SNOWPARK_CONTAINER_SERVICES,TU_US_NONCREDIT_TRUAUDIENCE_DEV,TU_US_NONCREDIT_TRUAUDIENCE_DEV,"{""environment"":""Development"",""team"":""TruAudience""}"
TU_US_NONCREDIT_TRUAUDIENCE_DEV,TU_US_NONCREDIT_TRUAUDIENCE_DEV,2026-08-01,2026-09-01,Usage,2026-08-23,2026-08-24,3.158280,7.61,Snowflake,AWS_US_EAST_1,TU_US_NONCREDIT_TRUAUDIENCE_DEV,CORTEX_AGENTS,CORTEX_AGENTS,TU_US_NONCREDIT_TRUAUDIENCE_DEV,TU_US_NONCREDIT_TRUAUDIENCE_DEV,"{""environment"":""Development"",""team"":""TruAudience""}"
TU_US_NONCREDIT_TRUAUDIENCE_DEV,TU_US_NONCREDIT_TRUAUDIENCE_DEV,2026-08-01,2026-09-01,Usage,2026-08-23,2026-08-24,3.014787,7.26,Snowflake,AWS_US_EAST_1,TU_US_NONCREDIT_TRUAUDIENCE_DEV,SNOWFLAKE_INTELLIGENCE,SNOWFLAKE_INTELLIGENCE,TU_US_NONCREDIT_TRUAUDIENCE_DEV,TU_US_NONCREDIT_TRUAUDIENCE_DEV,"{""environment"":""Development"",""team"":""TruAudience""}"
TU_US_NONCREDIT_TRUAUDIENCE_DEV,TU_US_NONCREDIT_TRUAUDIENCE_DEV,2026-08-01,2026-09-01,Usage,2026-08-23,2026-08-24,0.841985,2.03,Snowflake,AWS_US_EAST_1,TU_US_NONCREDIT_TRUAUDIENCE_DEV,POSTGRES_COMPUTE,POSTGRES_COMPUTE,TU_US_NONCREDIT_TRUAUDIENCE_DEV,TU_US_NONCREDIT_TRUAUDIENCE_DEV,"{""environment"":""Development"",""team"":""TruAudience""}"
TU_US_NONCREDIT_TRUAUDIENCE_DEV,TU_US_NONCREDIT_TRUAUDIENCE_DEV,2026-08-01,2026-09-01,Usage,2026-08-23,2026-08-24,0.307089,0.74,Snowflake,AWS_US_EAST_1,TU_US_NONCREDIT_TRUAUDIENCE_DEV,CORTEX_CODE_SNOWSIGHT,CORTEX_CODE_SNOWSIGHT,TU_US_NONCREDIT_TRUAUDIENCE_DEV,TU_US_NONCREDIT_TRUAUDIENCE_DEV,"{""environment"":""Development"",""team"":""TruAudience""}"
TU_US_NONCREDIT_TRUAUDIENCE_DEV,TU_US_NONCREDIT_TRUAUDIENCE_DEV,2026-08-01,2026-09-01,Usage,2026-08-23,2026-08-24,0.057200,0.14,Snowflake,AWS_US_EAST_1,TU_US_NONCREDIT_TRUAUDIENCE_DEV,CORTEX_SEARCH,CORTEX_SEARCH,TU_US_NONCREDIT_TRUAUDIENCE_DEV,TU_US_NONCREDIT_TRUAUDIENCE_DEV,"{""environment"":""Development"",""team"":""TruAudience""}"
TU_US_NONCREDIT_TRUAUDIENCE_DEV,TU_US_NONCREDIT_TRUAUDIENCE_DEV,2026-08-01,2026-09-01,Usage,2026-08-23,2026-08-24,0.011416,0.03,Snowflake,AWS_US_EAST_1,TU_US_NONCREDIT_TRUAUDIENCE_DEV,TELEMETRY_DATA_INGEST,TELEMETRY_DATA_INGEST,TU_US_NONCREDIT_TRUAUDIENCE_DEV,TU_US_NONCREDIT_TRUAUDIENCE_DEV,"{""environment"":""Development"",""team"":""TruAudience""}"
TU_US_NONCREDIT_TRUAUDIENCE_DEV,TU_US_NONCREDIT_TRUAUDIENCE_DEV,2026-08-01,2026-09-01,Usage,2026-08-23,2026-08-24,0.004280,0.01,Snowflake,AWS_US_EAST_1,TU_US_NONCREDIT_TRUAUDIENCE_DEV,AUTO_CLUSTERING,AUTO_CLUSTERING,TU_US_NONCREDIT_TRUAUDIENCE_DEV,TU_US_NONCREDIT_TRUAUDIENCE_DEV,"{""environment"":""Development"",""team"":""TruAudience""}"
TU_US_NONCREDIT_TRUAUDIENCE_DEV,TU_US_NONCREDIT_TRUAUDIENCE_DEV,2026-08-01,2026-09-01,Usage,2026-08-23,2026-08-24,0.000174,0.00,Snowflake,AWS_US_EAST_1,TU_US_NONCREDIT_TRUAUDIENCE_DEV,AI_INFERENCE,AI_INFERENCE,TU_US_NONCREDIT_TRUAUDIENCE_DEV,TU_US_NONCREDIT_TRUAUDIENCE_DEV,"{""environment"":""Development"",""team"":""TruAudience""}"
TU_US_NONCREDIT_TRUAUDIENCE_DEV,TU_US_NONCREDIT_TRUAUDIENCE_DEV,2026-08-01,2026-09-01,Usage,2026-08-22,2026-08-23,41.018905,98.79,Snowflake,AWS_US_EAST_1,TU_US_NONCREDIT_TRUAUDIENCE_DEV,WAREHOUSE_METERING,WAREHOUSE_METERING,TU_US_NONCREDIT_TRUAUDIENCE_DEV,TU_US_NONCREDIT_TRUAUDIENCE_DEV,"{""environment"":""Development"",""team"":""TruAudience""}"
TU_US_NONCREDIT_TRUAUDIENCE_DEV,TU_US_NONCREDIT_TRUAUDIENCE_DEV,2026-08-01,2026-09-01,Usage,2026-08-22,2026-08-23,5.734781,13.81,Snowflake,AWS_US_EAST_1,TU_US_NONCREDIT_TRUAUDIENCE_DEV,SNOWPARK_CONTAINER_SERVICES,SNOWPARK_CONTAINER_SERVICES,TU_US_NONCREDIT_TRUAUDIENCE_DEV,TU_US_NONCREDIT_TRUAUDIENCE_DEV,"{""environment"":""Development"",""team"":""TruAudience""}"
TU_US_NONCREDIT_TRUAUDIENCE_DEV,TU_US_NONCREDIT_TRUAUDIENCE_DEV,2026-08-01,2026-09-01,Usage,2026-08-22,2026-08-23,4.485881,10.80,Snowflake,AWS_US_EAST_1,TU_US_NONCREDIT_TRUAUDIENCE_DEV,SNOWFLAKE_INTELLIGENCE,SNOWFLAKE_INTELLIGENCE,TU_US_NONCREDIT_TRUAUDIENCE_DEV,TU_US_NONCREDIT_TRUAUDIENCE_DEV,"{""environment"":""Development"",""team"":""TruAudience""}"
TU_US_NONCREDIT_TRUAUDIENCE_DEV,TU_US_NONCREDIT_TRUAUDIENCE_DEV,2026-08-01,2026-09-01,Usage,2026-08-22,2026-08-23,0.850863,2.05,Snowflake,AWS_US_EAST_1,TU_US_NONCREDIT_TRUAUDIENCE_DEV,POSTGRES_COMPUTE,POSTGRES_COMPUTE,TU_US_NONCREDIT_TRUAUDIENCE_DEV,TU_US_NONCREDIT_TRUAUDIENCE_DEV,"{""environment"":""Development"",""team"":""TruAudience""}"
TU_US_NONCREDIT_TRUAUDIENCE_DEV,TU_US_NONCREDIT_TRUAUDIENCE_DEV,2026-08-01,2026-09-01,Usage,2026-08-22,2026-08-23,0.152671,0.37,Snowflake,AWS_US_EAST_1,TU_US_NONCREDIT_TRUAUDIENCE_DEV,CORTEX_AGENTS,CORTEX_AGENTS,TU_US_NONCREDIT_TRUAUDIENCE_DEV,TU_US_NONCREDIT_TRUAUDIENCE_DEV,"{""environment"":""Development"",""team"":""TruAudience""}"
TU_US_NONCREDIT_TRUAUDIENCE_DEV,TU_US_NONCREDIT_TRUAUDIENCE_DEV,2026-08-01,2026-09-01,Usage,2026-08-22,2026-08-23,0.114664,0.28,Snowflake,AWS_US_EAST_1,TU_US_NONCREDIT_TRUAUDIENCE_DEV,CORTEX_CODE_SNOWSIGHT,CORTEX_CODE_SNOWSIGHT,TU_US_NONCREDIT_TRUAUDIENCE_DEV,TU_US_NONCREDIT_TRUAUDIENCE_DEV,"{""environment"":""Development"",""team"":""TruAudience""}"
TU_US_NONCREDIT_TRUAUDIENCE_DEV,TU_US_NONCREDIT_TRUAUDIENCE_DEV,2026-08-01,2026-09-01,Usage,2026-08-22,2026-08-23,0.057168,0.14,Snowflake,AWS_US_EAST_1,TU_US_NONCREDIT_TRUAUDIENCE_DEV,CORTEX_SEARCH,CORTEX_SEARCH,TU_US_NONCREDIT_TRUAUDIENCE_DEV,TU_US_NONCREDIT_TRUAUDIENCE_DEV,"{""environment"":""Development"",""team"":""TruAudience""}"
TU_US_NONCREDIT_TRUAUDIENCE_DEV,TU_US_NONCREDIT_TRUAUDIENCE_DEV,2026-08-01,2026-09-01,Usage,2026-08-22,2026-08-23,0.010481,0.03,Snowflake,AWS_US_EAST_1,TU_US_NONCREDIT_TRUAUDIENCE_DEV,TELEMETRY_DATA_INGEST,TELEMETRY_DATA_INGEST,TU_US_NONCREDIT_TRUAUDIENCE_DEV,TU_US_NONCREDIT_TRUAUDIENCE_DEV,"{""environment"":""Development"",""team"":""TruAudience""}"
TU_US_NONCREDIT_TRUAUDIENCE_DEV,TU_US_NONCREDIT_TRUAUDIENCE_DEV,2026-08-01,2026-09-01,Usage,2026-08-22,2026-08-23,0.000604,0.00,Snowflake,AWS_US_EAST_1,TU_US_NONCREDIT_TRUAUDIENCE_DEV,AUTO_CLUSTERING,AUTO_CLUSTERING,TU_US_NONCREDIT_TRUAUDIENCE_DEV,TU_US_NONCREDIT_TRUAUDIENCE_DEV,"{""environment"":""Development"",""team"":""TruAudience""}"
TU_US_NONCREDIT_TRUAUDIENCE_DEV,TU_US_NONCREDIT_TRUAUDIENCE_DEV,2026-08-01,2026-09-01,Usage,2026-08-22,2026-08-23,0.000185,0.00,Snowflake,AWS_US_EAST_1,TU_US_NONCREDIT_TRUAUDIENCE_DEV,AI_FUNCTIONS,AI_FUNCTIONS,TU_US_NONCREDIT_TRUAUDIENCE_DEV,TU_US_NONCREDIT_TRUAUDIENCE_DEV,"{""environment"":""Development"",""team"":""TruAudience""}"
TU_US_NONCREDIT_TRUAUDIENCE_DEV,TU_US_NONCREDIT_TRUAUDIENCE_DEV,2026-08-01,2026-09-01,Usage,2026-08-21,2026-08-22,30.376121,73.16,Snowflake,AWS_US_EAST_1,TU_US_NONCREDIT_TRUAUDIENCE_DEV,WAREHOUSE_METERING,WAREHOUSE_METERING,TU_US_NONCREDIT_TRUAUDIENCE_DEV,TU_US_NONCREDIT_TRUAUDIENCE_DEV,"{""environment"":""Development"",""team"":""TruAudience""}"
TU_US_NONCREDIT_TRUAUDIENCE_DEV,TU_US_NONCREDIT_TRUAUDIENCE_DEV,2026-08-01,2026-09-01,Usage,2026-08-21,2026-08-22,5.727680,13.79,Snowflake,AWS_US_EAST_1,TU_US_NONCREDIT_TRUAUDIENCE_DEV,SNOWPARK_CONTAINER_SERVICES,SNOWPARK_CONTAINER_SERVICES,TU_US_NONCREDIT_TRUAUDIENCE_DEV,TU_US_NONCREDIT_TRUAUDIENCE_DEV,"{""environment"":""Development"",""team"":""TruAudience""}"
TU_US_NONCREDIT_TRUAUDIENCE_DEV,TU_US_NONCREDIT_TRUAUDIENCE_DEV,2026-08-01,2026-09-01,Usage,2026-08-21,2026-08-22,0.846005,2.04,Snowflake,AWS_US_EAST_1,TU_US_NONCREDIT_TRUAUDIENCE_DEV,POSTGRES_COMPUTE,POSTGRES_COMPUTE,TU_US_NONCREDIT_TRUAUDIENCE_DEV,TU_US_NONCREDIT_TRUAUDIENCE_DEV,"{""environment"":""Development"",""team"":""TruAudience""}"
TU_US_NONCREDIT_TRUAUDIENCE_DEV,TU_US_NONCREDIT_TRUAUDIENCE_DEV,2026-08-01,2026-09-01,Usage,2026-08-21,2026-08-22,0.057092,0.14,Snowflake,AWS_US_EAST_1,TU_US_NONCREDIT_TRUAUDIENCE_DEV,CORTEX_SEARCH,CORTEX_SEARCH,TU_US_NONCREDIT_TRUAUDIENCE_DEV,TU_US_NONCREDIT_TRUAUDIENCE_DEV,"{""environment"":""Development"",""team"":""TruAudience""}"
TU_US_NONCREDIT_TRUAUDIENCE_DEV,TU_US_NONCREDIT_TRUAUDIENCE_DEV,2026-08-01,2026-09-01,Usage,2026-08-21,2026-08-22,0.010268,0.02,Snowflake,AWS_US_EAST_1,TU_US_NONCREDIT_TRUAUDIENCE_DEV,TELEMETRY_DATA_INGEST,TELEMETRY_DATA_INGEST,TU_US_NONCREDIT_TRUAUDIENCE_DEV,TU_US_NONCREDIT_TRUAUDIENCE_DEV,"{""environment"":""Development"",""team"":""TruAudience""}"
TU_US_NONCREDIT_TRUAUDIENCE_DEV,TU_US_NONCREDIT_TRUAUDIENCE_DEV,2026-08-01,2026-09-01,Usage,2026-08-20,2026-08-21,30.367619,73.14,Snowflake,AWS_US_EAST_1,TU_US_NONCREDIT_TRUAUDIENCE_DEV,WAREHOUSE_METERING,WAREHOUSE_METERING,TU_US_NONCREDIT_TRUAUDIENCE_DEV,TU_US_NONCREDIT_TRUAUDIENCE_DEV,"{""environment"":""Development"",""team"":""TruAudience""}"
TU_US_NONCREDIT_TRUAUDIENCE_DEV,TU_US_NONCREDIT_TRUAUDIENCE_DEV,2026-08-01,2026-09-01,Usage,2026-08-20,2026-08-21,5.723946,13.79,Snowflake,AWS_US_EAST_1,TU_US_NONCREDIT_TRUAUDIENCE_DEV,SNOWPARK_CONTAINER_SERVICES,SNOWPARK_CONTAINER_SERVICES,TU_US_NONCREDIT_TRUAUDIENCE_DEV,TU_US_NONCREDIT_TRUAUDIENCE_DEV,"{""environment"":""Development"",""team"":""TruAudience""}"
TU_US_NONCREDIT_TRUAUDIENCE_DEV,TU_US_NONCREDIT_TRUAUDIENCE_DEV,2026-08-01,2026-09-01,Usage,2026-08-20,2026-08-21,0.851527,2.05,Snowflake,AWS_US_EAST_1,TU_US_NONCREDIT_TRUAUDIENCE_DEV,POSTGRES_COMPUTE,POSTGRES_COMPUTE,TU_US_NONCREDIT_TRUAUDIENCE_DEV,TU_US_NONCREDIT_TRUAUDIENCE_DEV,"{""environment"":""Development"",""team"":""TruAudience""}"
TU_US_NONCREDIT_TRUAUDIENCE_DEV,TU_US_NONCREDIT_TRUAUDIENCE_DEV,2026-08-01,2026-09-01,Usage,2026-08-20,2026-08-21,0.057167,0.14,Snowflake,AWS_US_EAST_1,TU_US_NONCREDIT_TRUAUDIENCE_DEV,CORTEX_SEARCH,CORTEX_SEARCH,TU_US_NONCREDIT_TRUAUDIENCE_DEV,TU_US_NONCREDIT_TRUAUDIENCE_DEV,"{""environment"":""Development"",""team"":""TruAudience""}"
TU_US_NONCREDIT_TRUAUDIENCE_DEV,TU_US_NONCREDIT_TRUAUDIENCE_DEV,2026-08-01,2026-09-01,Usage,2026-08-20,2026-08-21,0.010341,0.02,Snowflake,AWS_US_EAST_1,TU_US_NONCREDIT_TRUAUDIENCE_DEV,TELEMETRY_DATA_INGEST,TELEMETRY_DATA_INGEST,TU_US_NONCREDIT_TRUAUDIENCE_DEV,TU_US_NONCREDIT_TRUAUDIENCE_DEV,"{""environment"":""Development"",""team"":""TruAudience""}"
TU_US_NONCREDIT_TRUAUDIENCE_DEV,TU_US_NONCREDIT_TRUAUDIENCE_DEV,2026-08-01,2026-09-01,Usage,2026-08-20,2026-08-21,0.000249,0.00,Snowflake,AWS_US_EAST_1,TU_US_NONCREDIT_TRUAUDIENCE_DEV,AUTO_CLUSTERING,AUTO_CLUSTERING,TU_US_NONCREDIT_TRUAUDIENCE_DEV,TU_US_NONCREDIT_TRUAUDIENCE_DEV,"{""environment"":""Development"",""team"":""TruAudience""}"
TU_US_NONCREDIT_TRUAUDIENCE_DEV,TU_US_NONCREDIT_TRUAUDIENCE_DEV,2026-08-01,2026-09-01,Usage,2026-08-19,2026-08-20,46.264847,111.43,Snowflake,AWS_US_EAST_1,TU_US_NONCREDIT_TRUAUDIENCE_DEV,WAREHOUSE_METERING,WAREHOUSE_METERING,TU_US_NONCREDIT_TRUAUDIENCE_DEV,TU_US_NONCREDIT_TRUAUDIENCE_DEV,"{""environment"":""Development"",""team"":""TruAudience""}"
TU_US_NONCREDIT_TRUAUDIENCE_DEV,TU_US_NONCREDIT_TRUAUDIENCE_DEV,2026-08-01,2026-09-01,Usage,2026-08-19,2026-08-20,5.742723,13.83,Snowflake,AWS_US_EAST_1,TU_US_NONCREDIT_TRUAUDIENCE_DEV,SNOWPARK_CONTAINER_SERVICES,SNOWPARK_CONTAINER_SERVICES,TU_US_NONCREDIT_TRUAUDIENCE_DEV,TU_US_NONCREDIT_TRUAUDIENCE_DEV,"{""environment"":""Development"",""team"":""TruAudience""}"
TU_US_NONCREDIT_TRUAUDIENCE_DEV,TU_US_NONCREDIT_TRUAUDIENCE_DEV,2026-08-01,2026-09-01,Usage,2026-08-19,2026-08-20,1.231754,2.97,Snowflake,AWS_US_EAST_1,TU_US_NONCREDIT_TRUAUDIENCE_DEV,CORTEX_AGENTS,CORTEX_AGENTS,TU_US_NONCREDIT_TRUAUDIENCE_DEV,TU_US_NONCREDIT_TRUAUDIENCE_DEV,"{""environment"":""Development"",""team"":""TruAudience""}"
TU_US_NONCREDIT_TRUAUDIENCE_DEV,TU_US_NONCREDIT_TRUAUDIENCE_DEV,2026-08-01,2026-09-01,Usage,2026-08-19,2026-08-20,0.845794,2.04,Snowflake,AWS_US_EAST_1,TU_US_NONCREDIT_TRUAUDIENCE_DEV,POSTGRES_COMPUTE,POSTGRES_COMPUTE,TU_US_NONCREDIT_TRUAUDIENCE_DEV,TU_US_NONCREDIT_TRUAUDIENCE_DEV,"{""environment"":""Development"",""team"":""TruAudience""}"
TU_US_NONCREDIT_TRUAUDIENCE_DEV,TU_US_NONCREDIT_TRUAUDIENCE_DEV,2026-08-01,2026-09-01,Usage,2026-08-19,2026-08-20,0.090518,0.22,Snowflake,AWS_US_EAST_1,TU_US_NONCREDIT_TRUAUDIENCE_DEV,CORTEX_CODE_SNOWSIGHT,CORTEX_CODE_SNOWSIGHT,TU_US_NONCREDIT_TRUAUDIENCE_DEV,TU_US_NONCREDIT_TRUAUDIENCE_DEV,"{""environment"":""Development"",""team"":""TruAudience""}"
TU_US_NONCREDIT_TRUAUDIENCE_DEV,TU_US_NONCREDIT_TRUAUDIENCE_DEV,2026-08-01,2026-09-01,Usage,2026-08-19,2026-08-20,0.057082,0.14,Snowflake,AWS_US_EAST_1,TU_US_NONCREDIT_TRUAUDIENCE_DEV,CORTEX_SEARCH,CORTEX_SEARCH,TU_US_NONCREDIT_TRUAUDIENCE_DEV,TU_US_NONCREDIT_TRUAUDIENCE_DEV,"{""environment"":""Development"",""team"":""TruAudience""}"
TU_US_NONCREDIT_TRUAUDIENCE_DEV,TU_US_NONCREDIT_TRUAUDIENCE_DEV,2026-08-01,2026-09-01,Usage,2026-08-19,2026-08-20,0.010394,0.03,Snowflake,AWS_US_EAST_1,TU_US_NONCREDIT_TRUAUDIENCE_DEV,TELEMETRY_DATA_INGEST,TELEMETRY_DATA_INGEST,TU_US_NONCREDIT_TRUAUDIENCE_DEV,TU_US_NONCREDIT_TRUAUDIENCE_DEV,"{""environment"":""Development"",""team"":""TruAudience""}"
TU_US_NONCREDIT_TRUAUDIENCE_DEV,TU_US_NONCREDIT_TRUAUDIENCE_DEV,2026-08-01,2026-09-01,Usage,2026-08-19,2026-08-20,0.003531,0.01,Snowflake,AWS_US_EAST_1,TU_US_NONCREDIT_TRUAUDIENCE_DEV,QUERY_ACCELERATION,QUERY_ACCELERATION,TU_US_NONCREDIT_TRUAUDIENCE_DEV,TU_US_NONCREDIT_TRUAUDIENCE_DEV,"{""environment"":""Development"",""team"":""TruAudience""}"
TU_US_NONCREDIT_TRUAUDIENCE_DEV,TU_US_NONCREDIT_TRUAUDIENCE_DEV,2026-08-01,2026-09-01,Usage,2026-08-19,2026-08-20,0.000992,0.00,Snowflake,AWS_US_EAST_1,TU_US_NONCREDIT_TRUAUDIENCE_DEV,AUTO_CLUSTERING,AUTO_CLUSTERING,TU_US_NONCREDIT_TRUAUDIENCE_DEV,TU_US_NONCREDIT_TRUAUDIENCE_DEV,"{""environment"":""Development"",""team"":""TruAudience""}"
TU_US_NONCREDIT_TRUAUDIENCE_DEV,TU_US_NONCREDIT_TRUAUDIENCE_DEV,2026-08-01,2026-09-01,Usage,2026-08-18,2026-08-19,39.554095,95.27,Snowflake,AWS_US_EAST_1,TU_US_NONCREDIT_TRUAUDIENCE_DEV,WAREHOUSE_METERING,WAREHOUSE_METERING,TU_US_NONCREDIT_TRUAUDIENCE_DEV,TU_US_NONCREDIT_TRUAUDIENCE_DEV,"{""environment"":""Development"",""team"":""TruAudience""}"
TU_US_NONCREDIT_TRUAUDIENCE_DEV,TU_US_NONCREDIT_TRUAUDIENCE_DEV,2026-08-01,2026-09-01,Usage,2026-08-18,2026-08-19,5.740996,13.83,Snowflake,AWS_US_EAST_1,TU_US_NONCREDIT_TRUAUDIENCE_DEV,SNOWPARK_CONTAINER_SERVICES,SNOWPARK_CONTAINER_SERVICES,TU_US_NONCREDIT_TRUAUDIENCE_DEV,TU_US_NONCREDIT_TRUAUDIENCE_DEV,"{""environment"":""Development"",""team"":""TruAudience""}"
TU_US_NONCREDIT_TRUAUDIENCE_DEV,TU_US_NONCREDIT_TRUAUDIENCE_DEV,2026-08-01,2026-09-01,Usage,2026-08-18,2026-08-19,3.539145,8.52,Snowflake,AWS_US_EAST_1,TU_US_NONCREDIT_TRUAUDIENCE_DEV,SNOWFLAKE_INTELLIGENCE,SNOWFLAKE_INTELLIGENCE,TU_US_NONCREDIT_TRUAUDIENCE_DEV,TU_US_NONCREDIT_TRUAUDIENCE_DEV,"{""environment"":""Development"",""team"":""TruAudience""}"
TU_US_NONCREDIT_TRUAUDIENCE_DEV,TU_US_NONCREDIT_TRUAUDIENCE_DEV,2026-08-01,2026-09-01,Usage,2026-08-18,2026-08-19,0.844267,2.03,Snowflake,AWS_US_EAST_1,TU_US_NONCREDIT_TRUAUDIENCE_DEV,POSTGRES_COMPUTE,POSTGRES_COMPUTE,TU_US_NONCREDIT_TRUAUDIENCE_DEV,TU_US_NONCREDIT_TRUAUDIENCE_DEV,"{""environment"":""Development"",""team"":""TruAudience""}"
TU_US_NONCREDIT_TRUAUDIENCE_DEV,TU_US_NONCREDIT_TRUAUDIENCE_DEV,2026-08-01,2026-09-01,Usage,2026-08-18,2026-08-19,0.057019,0.14,Snowflake,AWS_US_EAST_1,TU_US_NONCREDIT_TRUAUDIENCE_DEV,CORTEX_SEARCH,CORTEX_SEARCH,TU_US_NONCREDIT_TRUAUDIENCE_DEV,TU_US_NONCREDIT_TRUAUDIENCE_DEV,"{""environment"":""Development"",""team"":""TruAudience""}"
TU_US_NONCREDIT_TRUAUDIENCE_DEV,TU_US_NONCREDIT_TRUAUDIENCE_DEV,2026-08-01,2026-09-01,Usage,2026-08-18,2026-08-19,0.010454,0.03,Snowflake,AWS_US_EAST_1,TU_US_NONCREDIT_TRUAUDIENCE_DEV,TELEMETRY_DATA_INGEST,TELEMETRY_DATA_INGEST,TU_US_NONCREDIT_TRUAUDIENCE_DEV,TU_US_NONCREDIT_TRUAUDIENCE_DEV,"{""environment"":""Development"",""team"":""TruAudience""}"
TU_US_NONCREDIT_TRUAUDIENCE_DEV,TU_US_NONCREDIT_TRUAUDIENCE_DEV,2026-08-01,2026-09-01,Usage,2026-08-18,2026-08-19,0.001609,0.00,Snowflake,AWS_US_EAST_1,TU_US_NONCREDIT_TRUAUDIENCE_DEV,AUTO_CLUSTERING,AUTO_CLUSTERING,TU_US_NONCREDIT_TRUAUDIENCE_DEV,TU_US_NONCREDIT_TRUAUDIENCE_DEV,"{""environment"":""Development"",""team"":""TruAudience""}"
TU_US_NONCREDIT_TRUAUDIENCE_DEV,TU_US_NONCREDIT_TRUAUDIENCE_DEV,2026-08-01,2026-09-01,Usage,2026-08-17,2026-08-18,48.288113,116.30,Snowflake,AWS_US_EAST_1,TU_US_NONCREDIT_TRUAUDIENCE_DEV,WAREHOUSE_METERING,WAREHOUSE_METERING,TU_US_NONCREDIT_TRUAUDIENCE_DEV,TU_US_NONCREDIT_TRUAUDIENCE_DEV,"{""environment"":""Development"",""team"":""TruAudience""}"
TU_US_NONCREDIT_TRUAUDIENCE_DEV,TU_US_NONCREDIT_TRUAUDIENCE_DEV,2026-08-01,2026-09-01,Usage,2026-08-17,2026-08-18,7.801356,18.79,Snowflake,AWS_US_EAST_1,TU_US_NONCREDIT_TRUAUDIENCE_DEV,CORTEX_AGENTS,CORTEX_AGENTS,TU_US_NONCREDIT_TRUAUDIENCE_DEV,TU_US_NONCREDIT_TRUAUDIENCE_DEV,"{""environment"":""Development"",""team"":""TruAudience""}"
TU_US_NONCREDIT_TRUAUDIENCE_DEV,TU_US_NONCREDIT_TRUAUDIENCE_DEV,2026-08-01,2026-09-01,Usage,2026-08-17,2026-08-18,5.724580,13.79,Snowflake,AWS_US_EAST_1,TU_US_NONCREDIT_TRUAUDIENCE_DEV,SNOWPARK_CONTAINER_SERVICES,SNOWPARK_CONTAINER_SERVICES,TU_US_NONCREDIT_TRUAUDIENCE_DEV,TU_US_NONCREDIT_TRUAUDIENCE_DEV,"{""environment"":""Development"",""team"":""TruAudience""}"
TU_US_NONCREDIT_TRUAUDIENCE_DEV,TU_US_NONCREDIT_TRUAUDIENCE_DEV,2026-08-01,2026-09-01,Usage,2026-08-17,2026-08-18,3.064292,7.38,Snowflake,AWS_US_EAST_1,TU_US_NONCREDIT_TRUAUDIENCE_DEV,SNOWFLAKE_INTELLIGENCE,SNOWFLAKE_INTELLIGENCE,TU_US_NONCREDIT_TRUAUDIENCE_DEV,TU_US_NONCREDIT_TRUAUDIENCE_DEV,"{""environment"":""Development"",""team"":""TruAudience""}"
TU_US_NONCREDIT_TRUAUDIENCE_DEV,TU_US_NONCREDIT_TRUAUDIENCE_DEV,2026-08-01,2026-09-01,Usage,2026-08-17,2026-08-18,0.840169,2.02,Snowflake,AWS_US_EAST_1,TU_US_NONCREDIT_TRUAUDIENCE_DEV,POSTGRES_COMPUTE,POSTGRES_COMPUTE,TU_US_NONCREDIT_TRUAUDIENCE_DEV,TU_US_NONCREDIT_TRUAUDIENCE_DEV,"{""environment"":""Development"",""team"":""TruAudience""}"
TU_US_NONCREDIT_TRUAUDIENCE_DEV,TU_US_NONCREDIT_TRUAUDIENCE_DEV,2026-08-01,2026-09-01,Usage,2026-08-17,2026-08-18,0.062211,0.15,Snowflake,AWS_US_EAST_1,TU_US_NONCREDIT_TRUAUDIENCE_DEV,CORTEX_CODE_SNOWSIGHT,CORTEX_CODE_SNOWSIGHT,TU_US_NONCREDIT_TRUAUDIENCE_DEV,TU_US_NONCREDIT_TRUAUDIENCE_DEV,"{""environment"":""Development"",""team"":""TruAudience""}"
TU_US_NONCREDIT_TRUAUDIENCE_DEV,TU_US_NONCREDIT_TRUAUDIENCE_DEV,2026-08-01,2026-09-01,Usage,2026-08-17,2026-08-18,0.056720,0.14,Snowflake,AWS_US_EAST_1,TU_US_NONCREDIT_TRUAUDIENCE_DEV,CORTEX_SEARCH,CORTEX_SEARCH,TU_US_NONCREDIT_TRUAUDIENCE_DEV,TU_US_NONCREDIT_TRUAUDIENCE_DEV,"{""environment"":""Development"",""team"":""TruAudience""}"
TU_US_NONCREDIT_TRUAUDIENCE_DEV,TU_US_NONCREDIT_TRUAUDIENCE_DEV,2026-08-01,2026-09-01,Usage,2026-08-17,2026-08-18,0.010520,0.03,Snowflake,AWS_US_EAST_1,TU_US_NONCREDIT_TRUAUDIENCE_DEV,TELEMETRY_DATA_INGEST,TELEMETRY_DATA_INGEST,TU_US_NONCREDIT_TRUAUDIENCE_DEV,TU_US_NONCREDIT_TRUAUDIENCE_DEV,"{""environment"":""Development"",""team"":""TruAudience""}"
TU_US_NONCREDIT_TRUAUDIENCE_DEV,TU_US_NONCREDIT_TRUAUDIENCE_DEV,2026-08-01,2026-09-01,Usage,2026-08-17,2026-08-18,0.005815,0.01,Snowflake,AWS_US_EAST_1,TU_US_NONCREDIT_TRUAUDIENCE_DEV,AI_FUNCTIONS,AI_FUNCTIONS,TU_US_NONCREDIT_TRUAUDIENCE_DEV,TU_US_NONCREDIT_TRUAUDIENCE_DEV,"{""environment"":""Development"",""team"":""TruAudience""}"
TU_US_NONCREDIT_TRUAUDIENCE_DEV,TU_US_NONCREDIT_TRUAUDIENCE_DEV,2026-08-01,2026-09-01,Usage,2026-08-17,2026-08-18,0.001478,0.00,Snowflake,AWS_US_EAST_1,TU_US_NONCREDIT_TRUAUDIENCE_DEV,AUTO_CLUSTERING,AUTO_CLUSTERING,TU_US_NONCREDIT_TRUAUDIENCE_DEV,TU_US_NONCREDIT_TRUAUDIENCE_DEV,"{""environment"":""Development"",""team"":""TruAudience""}"
TU_US_NONCREDIT_TRUAUDIENCE_DEV,TU_US_NONCREDIT_TRUAUDIENCE_DEV,2026-08-01,2026-09-01,Usage,2026-08-17,2026-08-18,0.000054,0.00,Snowflake,AWS_US_EAST_1,TU_US_NONCREDIT_TRUAUDIENCE_DEV,AI_INFERENCE,AI_INFERENCE,TU_US_NONCREDIT_TRUAUDIENCE_DEV,TU_US_NONCREDIT_TRUAUDIENCE_DEV,"{""environment"":""Development"",""team"":""TruAudience""}"
TU_US_NONCREDIT_TRUAUDIENCE_DEV,TU_US_NONCREDIT_TRUAUDIENCE_DEV,2026-08-01,2026-09-01,Usage,2026-08-16,2026-08-17,38.965322,93.85,Snowflake,AWS_US_EAST_1,TU_US_NONCREDIT_TRUAUDIENCE_DEV,WAREHOUSE_METERING,WAREHOUSE_METERING,TU_US_NONCREDIT_TRUAUDIENCE_DEV,TU_US_NONCREDIT_TRUAUDIENCE_DEV,"{""environment"":""Development"",""team"":""TruAudience""}"
TU_US_NONCREDIT_TRUAUDIENCE_DEV,TU_US_NONCREDIT_TRUAUDIENCE_DEV,2026-08-01,2026-09-01,Usage,2026-08-16,2026-08-17,5.737624,13.82,Snowflake,AWS_US_EAST_1,TU_US_NONCREDIT_TRUAUDIENCE_DEV,SNOWPARK_CONTAINER_SERVICES,SNOWPARK_CONTAINER_SERVICES,TU_US_NONCREDIT_TRUAUDIENCE_DEV,TU_US_NONCREDIT_TRUAUDIENCE_DEV,"{""environment"":""Development"",""team"":""TruAudience""}"
TU_US_NONCREDIT_TRUAUDIENCE_DEV,TU_US_NONCREDIT_TRUAUDIENCE_DEV,2026-08-01,2026-09-01,Usage,2026-08-16,2026-08-17,0.851373,2.05,Snowflake,AWS_US_EAST_1,TU_US_NONCREDIT_TRUAUDIENCE_DEV,POSTGRES_COMPUTE,POSTGRES_COMPUTE,TU_US_NONCREDIT_TRUAUDIENCE_DEV,TU_US_NONCREDIT_TRUAUDIENCE_DEV,"{""environment"":""Development"",""team"":""TruAudience""}"
TU_US_NONCREDIT_TRUAUDIENCE_DEV,TU_US_NONCREDIT_TRUAUDIENCE_DEV,2026-08-01,2026-09-01,Usage,2026-08-16,2026-08-17,0.649459,1.56,Snowflake,AWS_US_EAST_1,TU_US_NONCREDIT_TRUAUDIENCE_DEV,SNOWFLAKE_INTELLIGENCE,SNOWFLAKE_INTELLIGENCE,TU_US_NONCREDIT_TRUAUDIENCE_DEV,TU_US_NONCREDIT_TRUAUDIENCE_DEV,"{""environment"":""Development"",""team"":""TruAudience""}"
TU_US_NONCREDIT_TRUAUDIENCE_DEV,TU_US_NONCREDIT_TRUAUDIENCE_DEV,2026-08-01,2026-09-01,Usage,2026-08-16,2026-08-17,0.087124,0.21,Snowflake,AWS_US_EAST_1,TU_US_NONCREDIT_TRUAUDIENCE_DEV,CORTEX_CODE_SNOWSIGHT,CORTEX_CODE_SNOWSIGHT,TU_US_NONCREDIT_TRUAUDIENCE_DEV,TU_US_NONCREDIT_TRUAUDIENCE_DEV,"{""environment"":""Development"",""team"":""TruAudience""}"
TU_US_NONCREDIT_TRUAUDIENCE_DEV,TU_US_NONCREDIT_TRUAUDIENCE_DEV,2026-08-01,2026-09-01,Usage,2026-08-16,2026-08-17,0.056225,0.14,Snowflake,AWS_US_EAST_1,TU_US_NONCREDIT_TRUAUDIENCE_DEV,CORTEX_SEARCH,CORTEX_SEARCH,TU_US_NONCREDIT_TRUAUDIENCE_DEV,TU_US_NONCREDIT_TRUAUDIENCE_DEV,"{""environment"":""Development"",""team"":""TruAudience""}"
TU_US_NONCREDIT_TRUAUDIENCE_DEV,TU_US_NONCREDIT_TRUAUDIENCE_DEV,2026-08-01,2026-09-01,Usage,2026-08-16,2026-08-17,0.010401,0.03,Snowflake,AWS_US_EAST_1,TU_US_NONCREDIT_TRUAUDIENCE_DEV,TELEMETRY_DATA_INGEST,TELEMETRY_DATA_INGEST,TU_US_NONCREDIT_TRUAUDIENCE_DEV,TU_US_NONCREDIT_TRUAUDIENCE_DEV,"{""environment"":""Development"",""team"":""TruAudience""}"
TU_US_NONCREDIT_TRUAUDIENCE_DEV,TU_US_NONCREDIT_TRUAUDIENCE_DEV,2026-08-01,2026-09-01,Usage,2026-08-16,2026-08-17,0.012919,0.03,Snowflake,AWS_US_EAST_1,TU_US_NONCREDIT_TRUAUDIENCE_DEV,AI_FUNCTIONS,AI_FUNCTIONS,TU_US_NONCREDIT_TRUAUDIENCE_DEV,TU_US_NONCREDIT_TRUAUDIENCE_DEV,"{""environment"":""Development"",""team"":""TruAudience""}"
TU_US_NONCREDIT_TRUAUDIENCE_DEV,TU_US_NONCREDIT_TRUAUDIENCE_DEV,2026-08-01,2026-09-01,Usage,2026-08-16,2026-08-17,0.005092,0.01,Snowflake,AWS_US_EAST_1,TU_US_NONCREDIT_TRUAUDIENCE_DEV,AUTO_CLUSTERING,AUTO_CLUSTERING,TU_US_NONCREDIT_TRUAUDIENCE_DEV,TU_US_NONCREDIT_TRUAUDIENCE_DEV,"{""environment"":""Development"",""team"":""TruAudience""}"
TU_US_NONCREDIT_TRUAUDIENCE_DEV,TU_US_NONCREDIT_TRUAUDIENCE_DEV,2026-08-01,2026-09-01,Usage,2026-08-16,2026-08-17,0.000061,0.00,Snowflake,AWS_US_EAST_1,TU_US_NONCREDIT_TRUAUDIENCE_DEV,AI_INFERENCE,AI_INFERENCE,TU_US_NONCREDIT_TRUAUDIENCE_DEV,TU_US_NONCREDIT_TRUAUDIENCE_DEV,"{""environment"":""Development"",""team"":""TruAudience""}"
TU_US_NONCREDIT_TRUAUDIENCE_DEV,TU_US_NONCREDIT_TRUAUDIENCE_DEV,2026-08-01,2026-09-01,Usage,2026-08-15,2026-08-16,78.109498,188.13,Snowflake,AWS_US_EAST_1,TU_US_NONCREDIT_TRUAUDIENCE_DEV,WAREHOUSE_METERING,WAREHOUSE_METERING,TU_US_NONCREDIT_TRUAUDIENCE_DEV,TU_US_NONCREDIT_TRUAUDIENCE_DEV,"{""environment"":""Development"",""team"":""TruAudience""}"
TU_US_NONCREDIT_TRUAUDIENCE_DEV,TU_US_NONCREDIT_TRUAUDIENCE_DEV,2026-08-01,2026-09-01,Usage,2026-08-15,2026-08-16,5.720991,13.78,Snowflake,AWS_US_EAST_1,TU_US_NONCREDIT_TRUAUDIENCE_DEV,SNOWPARK_CONTAINER_SERVICES,SNOWPARK_CONTAINER_SERVICES,TU_US_NONCREDIT_TRUAUDIENCE_DEV,TU_US_NONCREDIT_TRUAUDIENCE_DEV,"{""environment"":""Development"",""team"":""TruAudience""}"
TU_US_NONCREDIT_TRUAUDIENCE_DEV,TU_US_NONCREDIT_TRUAUDIENCE_DEV,2026-08-01,2026-09-01,Usage,2026-08-15,2026-08-16,4.725355,11.38,Snowflake,AWS_US_EAST_1,TU_US_NONCREDIT_TRUAUDIENCE_DEV,SNOWFLAKE_INTELLIGENCE,SNOWFLAKE_INTELLIGENCE,TU_US_NONCREDIT_TRUAUDIENCE_DEV,TU_US_NONCREDIT_TRUAUDIENCE_DEV,"{""environment"":""Development"",""team"":""TruAudience""}"
TU_US_NONCREDIT_TRUAUDIENCE_DEV,TU_US_NONCREDIT_TRUAUDIENCE_DEV,2026-08-01,2026-09-01,Usage,2026-08-15,2026-08-16,1.154515,2.78,Snowflake,AWS_US_EAST_1,TU_US_NONCREDIT_TRUAUDIENCE_DEV,CORTEX_CODE_CLI,CORTEX_CODE_CLI,TU_US_NONCREDIT_TRUAUDIENCE_DEV,TU_US_NONCREDIT_TRUAUDIENCE_DEV,"{""environment"":""Development"",""team"":""TruAudience""}"
TU_US_NONCREDIT_TRUAUDIENCE_DEV,TU_US_NONCREDIT_TRUAUDIENCE_DEV,2026-08-01,2026-09-01,Usage,2026-08-15,2026-08-16,0.839869,2.02,Snowflake,AWS_US_EAST_1,TU_US_NONCREDIT_TRUAUDIENCE_DEV,POSTGRES_COMPUTE,POSTGRES_COMPUTE,TU_US_NONCREDIT_TRUAUDIENCE_DEV,TU_US_NONCREDIT_TRUAUDIENCE_DEV,"{""environment"":""Development"",""team"":""TruAudience""}"
TU_US_NONCREDIT_TRUAUDIENCE_DEV,TU_US_NONCREDIT_TRUAUDIENCE_DEV,2026-08-01,2026-09-01,Usage,2026-08-15,2026-08-16,0.339764,0.82,Snowflake,AWS_US_EAST_1,TU_US_NONCREDIT_TRUAUDIENCE_DEV,CORTEX_CODE_SNOWSIGHT,CORTEX_CODE_SNOWSIGHT,TU_US_NONCREDIT_TRUAUDIENCE_DEV,TU_US_NONCREDIT_TRUAUDIENCE_DEV,"{""environment"":""Development"",""team"":""TruAudience""}"
TU_US_NONCREDIT_TRUAUDIENCE_DEV,TU_US_NONCREDIT_TRUAUDIENCE_DEV,2026-08-01,2026-09-01,Usage,2026-08-15,2026-08-16,0.056764,0.14,Snowflake,AWS_US_EAST_1,TU_US_NONCREDIT_TRUAUDIENCE_DEV,CORTEX_SEARCH,CORTEX_SEARCH,TU_US_NONCREDIT_TRUAUDIENCE_DEV,TU_US_NONCREDIT_TRUAUDIENCE_DEV,"{""environment"":""Development"",""team"":""TruAudience""}"
TU_US_NONCREDIT_TRUAUDIENCE_DEV,TU_US_NONCREDIT_TRUAUDIENCE_DEV,2026-08-01,2026-09-01,Usage,2026-08-15,2026-08-16,0.010936,0.03,Snowflake,AWS_US_EAST_1,TU_US_NONCREDIT_TRUAUDIENCE_DEV,TELEMETRY_DATA_INGEST,TELEMETRY_DATA_INGEST,TU_US_NONCREDIT_TRUAUDIENCE_DEV,TU_US_NONCREDIT_TRUAUDIENCE_DEV,"{""environment"":""Development"",""team"":""TruAudience""}"
TU_US_NONCREDIT_TRUAUDIENCE_DEV,TU_US_NONCREDIT_TRUAUDIENCE_DEV,2026-08-01,2026-09-01,Usage,2026-08-15,2026-08-16,0.004311,0.01,Snowflake,AWS_US_EAST_1,TU_US_NONCREDIT_TRUAUDIENCE_DEV,AUTO_CLUSTERING,AUTO_CLUSTERING,TU_US_NONCREDIT_TRUAUDIENCE_DEV,TU_US_NONCREDIT_TRUAUDIENCE_DEV,"{""environment"":""Development"",""team"":""TruAudience""}"
TU_US_NONCREDIT_TRUAUDIENCE_DEV,TU_US_NONCREDIT_TRUAUDIENCE_DEV,2026-08-01,2026-09-01,Usage,2026-08-15,2026-08-16,0.000053,0.00,Snowflake,AWS_US_EAST_1,TU_US_NONCREDIT_TRUAUDIENCE_DEV,AI_INFERENCE,AI_INFERENCE,TU_US_NONCREDIT_TRUAUDIENCE_DEV,TU_US_NONCREDIT_TRUAUDIENCE_DEV,"{""environment"":""Development"",""team"":""TruAudience""}"
TU_US_NONCREDIT_TRUAUDIENCE_DEV,TU_US_NONCREDIT_TRUAUDIENCE_DEV,2026-08-01,2026-09-01,Usage,2026-08-14,2026-08-15,32.573717,78.45,Snowflake,AWS_US_EAST_1,TU_US_NONCREDIT_TRUAUDIENCE_DEV,WAREHOUSE_METERING,WAREHOUSE_METERING,TU_US_NONCREDIT_TRUAUDIENCE_DEV,TU_US_NONCREDIT_TRUAUDIENCE_DEV,"{""environment"":""Development"",""team"":""TruAudience""}"
TU_US_NONCREDIT_TRUAUDIENCE_DEV,TU_US_NONCREDIT_TRUAUDIENCE_DEV,2026-08-01,2026-09-01,Usage,2026-08-14,2026-08-15,5.741809,13.83,Snowflake,AWS_US_EAST_1,TU_US_NONCREDIT_TRUAUDIENCE_DEV,SNOWPARK_CONTAINER_SERVICES,SNOWPARK_CONTAINER_SERVICES,TU_US_NONCREDIT_TRUAUDIENCE_DEV,TU_US_NONCREDIT_TRUAUDIENCE_DEV,"{""environment"":""Development"",""team"":""TruAudience""}"
TU_US_NONCREDIT_TRUAUDIENCE_DEV,TU_US_NONCREDIT_TRUAUDIENCE_DEV,2026-08-01,2026-09-01,Usage,2026-08-14,2026-08-15,0.849912,2.05,Snowflake,AWS_US_EAST_1,TU_US_NONCREDIT_TRUAUDIENCE_DEV,POSTGRES_COMPUTE,POSTGRES_COMPUTE,TU_US_NONCREDIT_TRUAUDIENCE_DEV,TU_US_NONCREDIT_TRUAUDIENCE_DEV,"{""environment"":""Development"",""team"":""TruAudience""}"
TU_US_NONCREDIT_TRUAUDIENCE_DEV,TU_US_NONCREDIT_TRUAUDIENCE_DEV,2026-08-01,2026-09-01,Usage,2026-08-14,2026-08-15,0.057106,0.14,Snowflake,AWS_US_EAST_1,TU_US_NONCREDIT_TRUAUDIENCE_DEV,CORTEX_SEARCH,CORTEX_SEARCH,TU_US_NONCREDIT_TRUAUDIENCE_DEV,TU_US_NONCREDIT_TRUAUDIENCE_DEV,"{""environment"":""Development"",""team"":""TruAudience""}"
TU_US_NONCREDIT_TRUAUDIENCE_DEV,TU_US_NONCREDIT_TRUAUDIENCE_DEV,2026-08-01,2026-09-01,Usage,2026-08-14,2026-08-15,0.010341,0.02,Snowflake,AWS_US_EAST_1,TU_US_NONCREDIT_TRUAUDIENCE_DEV,TELEMETRY_DATA_INGEST,TELEMETRY_DATA_INGEST,TU_US_NONCREDIT_TRUAUDIENCE_DEV,TU_US_NONCREDIT_TRUAUDIENCE_DEV,"{""environment"":""Development"",""team"":""TruAudience""}"
TU_US_NONCREDIT_TRUAUDIENCE_DEV,TU_US_NONCREDIT_TRUAUDIENCE_DEV,2026-08-01,2026-09-01,Usage,2026-08-13,2026-08-14,32.654084,78.64,Snowflake,AWS_US_EAST_1,TU_US_NONCREDIT_TRUAUDIENCE_DEV,WAREHOUSE_METERING,WAREHOUSE_METERING,TU_US_NONCREDIT_TRUAUDIENCE_DEV,TU_US_NONCREDIT_TRUAUDIENCE_DEV,"{""environment"":""Development"",""team"":""TruAudience""}"
TU_US_NONCREDIT_TRUAUDIENCE_DEV,TU_US_NONCREDIT_TRUAUDIENCE_DEV,2026-08-01,2026-09-01,Usage,2026-08-13,2026-08-14,5.730421,13.80,Snowflake,AWS_US_EAST_1,TU_US_NONCREDIT_TRUAUDIENCE_DEV,SNOWPARK_CONTAINER_SERVICES,SNOWPARK_CONTAINER_SERVICES,TU_US_NONCREDIT_TRUAUDIENCE_DEV,TU_US_NONCREDIT_TRUAUDIENCE_DEV,"{""environment"":""Development"",""team"":""TruAudience""}"
TU_US_NONCREDIT_TRUAUDIENCE_DEV,TU_US_NONCREDIT_TRUAUDIENCE_DEV,2026-08-01,2026-09-01,Usage,2026-08-13,2026-08-14,0.846577,2.04,Snowflake,AWS_US_EAST_1,TU_US_NONCREDIT_TRUAUDIENCE_DEV,POSTGRES_COMPUTE,POSTGRES_COMPUTE,TU_US_NONCREDIT_TRUAUDIENCE_DEV,TU_US_NONCREDIT_TRUAUDIENCE_DEV,"{""environment"":""Development"",""team"":""TruAudience""}"
TU_US_NONCREDIT_TRUAUDIENCE_DEV,TU_US_NONCREDIT_TRUAUDIENCE_DEV,2026-08-01,2026-09-01,Usage,2026-08-13,2026-08-14,0.057089,0.14,Snowflake,AWS_US_EAST_1,TU_US_NONCREDIT_TRUAUDIENCE_DEV,CORTEX_SEARCH,CORTEX_SEARCH,TU_US_NONCREDIT_TRUAUDIENCE_DEV,TU_US_NONCREDIT_TRUAUDIENCE_DEV,"{""environment"":""Development"",""team"":""TruAudience""}"
TU_US_NONCREDIT_TRUAUDIENCE_DEV,TU_US_NONCREDIT_TRUAUDIENCE_DEV,2026-08-01,2026-09-01,Usage,2026-08-13,2026-08-14,0.010341,0.02,Snowflake,AWS_US_EAST_1,TU_US_NONCREDIT_TRUAUDIENCE_DEV,TELEMETRY_DATA_INGEST,TELEMETRY_DATA_INGEST,TU_US_NONCREDIT_TRUAUDIENCE_DEV,TU_US_NONCREDIT_TRUAUDIENCE_DEV,"{""environment"":""Development"",""team"":""TruAudience""}"
TU_US_NONCREDIT_TRUAUDIENCE_DEV,TU_US_NONCREDIT_TRUAUDIENCE_DEV,2026-08-01,2026-09-01,Usage,2026-08-12,2026-08-13,38.394677,92.47,Snowflake,AWS_US_EAST_1,TU_US_NONCREDIT_TRUAUDIENCE_DEV,WAREHOUSE_METERING,WAREHOUSE_METERING,TU_US_NONCREDIT_TRUAUDIENCE_DEV,TU_US_NONCREDIT_TRUAUDIENCE_DEV,"{""environment"":""Development"",""team"":""TruAudience""}"
TU_US_NONCREDIT_TRUAUDIENCE_DEV,TU_US_NONCREDIT_TRUAUDIENCE_DEV,2026-08-01,2026-09-01,Usage,2026-08-12,2026-08-13,4.653173,11.21,Snowflake,AWS_US_EAST_1,TU_US_NONCREDIT_TRUAUDIENCE_DEV,SNOWPARK_CONTAINER_SERVICES,SNOWPARK_CONTAINER_SERVICES,TU_US_NONCREDIT_TRUAUDIENCE_DEV,TU_US_NONCREDIT_TRUAUDIENCE_DEV,"{""environment"":""Development"",""team"":""TruAudience""}"
TU_US_NONCREDIT_TRUAUDIENCE_DEV,TU_US_NONCREDIT_TRUAUDIENCE_DEV,2026-08-01,2026-09-01,Usage,2026-08-12,2026-08-13,1.021803,2.46,Snowflake,AWS_US_EAST_1,TU_US_NONCREDIT_TRUAUDIENCE_DEV,CORTEX_CODE_SNOWSIGHT,CORTEX_CODE_SNOWSIGHT,TU_US_NONCREDIT_TRUAUDIENCE_DEV,TU_US_NONCREDIT_TRUAUDIENCE_DEV,"{""environment"":""Development"",""team"":""TruAudience""}"
TU_US_NONCREDIT_TRUAUDIENCE_DEV,TU_US_NONCREDIT_TRUAUDIENCE_DEV,2026-08-01,2026-09-01,Usage,2026-08-12,2026-08-13,0.845258,2.04,Snowflake,AWS_US_EAST_1,TU_US_NONCREDIT_TRUAUDIENCE_DEV,POSTGRES_COMPUTE,POSTGRES_COMPUTE,TU_US_NONCREDIT_TRUAUDIENCE_DEV,TU_US_NONCREDIT_TRUAUDIENCE_DEV,"{""environment"":""Development"",""team"":""TruAudience""}"
TU_US_NONCREDIT_TRUAUDIENCE_DEV,TU_US_NONCREDIT_TRUAUDIENCE_DEV,2026-08-01,2026-09-01,Usage,2026-08-12,2026-08-13,0.057122,0.14,Snowflake,AWS_US_EAST_1,TU_US_NONCREDIT_TRUAUDIENCE_DEV,CORTEX_SEARCH,CORTEX_SEARCH,TU_US_NONCREDIT_TRUAUDIENCE_DEV,TU_US_NONCREDIT_TRUAUDIENCE_DEV,"{""environment"":""Development"",""team"":""TruAudience""}"
TU_US_NONCREDIT_TRUAUDIENCE_DEV,TU_US_NONCREDIT_TRUAUDIENCE_DEV,2026-08-01,2026-09-01,Usage,2026-08-12,2026-08-13,0.010083,0.02,Snowflake,AWS_US_EAST_1,TU_US_NONCREDIT_TRUAUDIENCE_DEV,TELEMETRY_DATA_INGEST,TELEMETRY_DATA_INGEST,TU_US_NONCREDIT_TRUAUDIENCE_DEV,TU_US_NONCREDIT_TRUAUDIENCE_DEV,"{""environment"":""Development"",""team"":""TruAudience""}"
TU_US_NONCREDIT_TRUAUDIENCE_DEV,TU_US_NONCREDIT_TRUAUDIENCE_DEV,2026-08-01,2026-09-01,Usage,2026-08-12,2026-08-13,0.004845,0.01,Snowflake,AWS_US_EAST_1,TU_US_NONCREDIT_TRUAUDIENCE_DEV,AI_FUNCTIONS,AI_FUNCTIONS,TU_US_NONCREDIT_TRUAUDIENCE_DEV,TU_US_NONCREDIT_TRUAUDIENCE_DEV,"{""environment"":""Development"",""team"":""TruAudience""}"
TU_US_NONCREDIT_TRUAUDIENCE_DEV,TU_US_NONCREDIT_TRUAUDIENCE_DEV,2026-08-01,2026-09-01,Usage,2026-08-12,2026-08-13,0.000529,0.00,Snowflake,AWS_US_EAST_1,TU_US_NONCREDIT_TRUAUDIENCE_DEV,COPY_FILES,COPY_FILES,TU_US_NONCREDIT_TRUAUDIENCE_DEV,TU_US_NONCREDIT_TRUAUDIENCE_DEV,"{""environment"":""Development"",""team"":""TruAudience""}"
TU_US_NONCREDIT_TRUAUDIENCE_DEV,TU_US_NONCREDIT_TRUAUDIENCE_DEV,2026-08-01,2026-09-01,Usage,2026-08-12,2026-08-13,0.000770,0.00,Snowflake,AWS_US_EAST_1,TU_US_NONCREDIT_TRUAUDIENCE_DEV,AUTO_CLUSTERING,AUTO_CLUSTERING,TU_US_NONCREDIT_TRUAUDIENCE_DEV,TU_US_NONCREDIT_TRUAUDIENCE_DEV,"{""environment"":""Development"",""team"":""TruAudience""}"
TU_US_NONCREDIT_TRUAUDIENCE_DEV,TU_US_NONCREDIT_TRUAUDIENCE_DEV,2026-08-01,2026-09-01,Usage,2026-08-11,2026-08-12,39.941461,96.20,Snowflake,AWS_US_EAST_1,TU_US_NONCREDIT_TRUAUDIENCE_DEV,WAREHOUSE_METERING,WAREHOUSE_METERING,TU_US_NONCREDIT_TRUAUDIENCE_DEV,TU_US_NONCREDIT_TRUAUDIENCE_DEV,"{""environment"":""Development"",""team"":""TruAudience""}"
TU_US_NONCREDIT_TRUAUDIENCE_DEV,TU_US_NONCREDIT_TRUAUDIENCE_DEV,2026-08-01,2026-09-01,Usage,2026-08-11,2026-08-12,4.305627,10.37,Snowflake,AWS_US_EAST_1,TU_US_NONCREDIT_TRUAUDIENCE_DEV,SNOWPARK_CONTAINER_SERVICES,SNOWPARK_CONTAINER_SERVICES,TU_US_NONCREDIT_TRUAUDIENCE_DEV,TU_US_NONCREDIT_TRUAUDIENCE_DEV,"{""environment"":""Development"",""team"":""TruAudience""}"
TU_US_NONCREDIT_TRUAUDIENCE_DEV,TU_US_NONCREDIT_TRUAUDIENCE_DEV,2026-08-01,2026-09-01,Usage,2026-08-11,2026-08-12,2.764884,6.66,Snowflake,AWS_US_EAST_1,TU_US_NONCREDIT_TRUAUDIENCE_DEV,SNOWFLAKE_INTELLIGENCE,SNOWFLAKE_INTELLIGENCE,TU_US_NONCREDIT_TRUAUDIENCE_DEV,TU_US_NONCREDIT_TRUAUDIENCE_DEV,"{""environment"":""Development"",""team"":""TruAudience""}"
TU_US_NONCREDIT_TRUAUDIENCE_DEV,TU_US_NONCREDIT_TRUAUDIENCE_DEV,2026-08-01,2026-09-01,Usage,2026-08-11,2026-08-12,0.957615,2.31,Snowflake,AWS_US_EAST_1,TU_US_NONCREDIT_TRUAUDIENCE_DEV,CORTEX_CODE_CLI,CORTEX_CODE_CLI,TU_US_NONCREDIT_TRUAUDIENCE_DEV,TU_US_NONCREDIT_TRUAUDIENCE_DEV,"{""environment"":""Development"",""team"":""TruAudience""}"
TU_US_NONCREDIT_TRUAUDIENCE_DEV,TU_US_NONCREDIT_TRUAUDIENCE_DEV,2026-08-01,2026-09-01,Usage,2026-08-11,2026-08-12,0.846636,2.04,Snowflake,AWS_US_EAST_1,TU_US_NONCREDIT_TRUAUDIENCE_DEV,POSTGRES_COMPUTE,POSTGRES_COMPUTE,TU_US_NONCREDIT_TRUAUDIENCE_DEV,TU_US_NONCREDIT_TRUAUDIENCE_DEV,"{""environment"":""Development"",""team"":""TruAudience""}"
TU_US_NONCREDIT_TRUAUDIENCE_DEV,TU_US_NONCREDIT_TRUAUDIENCE_DEV,2026-08-01,2026-09-01,Usage,2026-08-11,2026-08-12,0.057119,0.14,Snowflake,AWS_US_EAST_1,TU_US_NONCREDIT_TRUAUDIENCE_DEV,CORTEX_SEARCH,CORTEX_SEARCH,TU_US_NONCREDIT_TRUAUDIENCE_DEV,TU_US_NONCREDIT_TRUAUDIENCE_DEV,"{""environment"":""Development"",""team"":""TruAudience""}"
TU_US_NONCREDIT_TRUAUDIENCE_DEV,TU_US_NONCREDIT_TRUAUDIENCE_DEV,2026-08-01,2026-09-01,Usage,2026-08-11,2026-08-12,0.009909,0.02,Snowflake,AWS_US_EAST_1,TU_US_NONCREDIT_TRUAUDIENCE_DEV,TELEMETRY_DATA_INGEST,TELEMETRY_DATA_INGEST,TU_US_NONCREDIT_TRUAUDIENCE_DEV,TU_US_NONCREDIT_TRUAUDIENCE_DEV,"{""environment"":""Development"",""team"":""TruAudience""}"
TU_US_NONCREDIT_TRUAUDIENCE_DEV,TU_US_NONCREDIT_TRUAUDIENCE_DEV,2026-08-01,2026-09-01,Usage,2026-08-11,2026-08-12,0.000768,0.00,Snowflake,AWS_US_EAST_1,TU_US_NONCREDIT_TRUAUDIENCE_DEV,AUTO_CLUSTERING,AUTO_CLUSTERING,TU_US_NONCREDIT_TRUAUDIENCE_DEV,TU_US_NONCREDIT_TRUAUDIENCE_DEV,"{""environment"":""Development"",""team"":""TruAudience""}"
TU_US_NONCREDIT_TRUAUDIENCE_DEV,TU_US_NONCREDIT_TRUAUDIENCE_DEV,2026-08-01,2026-09-01,Usage,2026-08-10,2026-08-11,44.853816,108.03,Snowflake,AWS_US_EAST_1,TU_US_NONCREDIT_TRUAUDIENCE_DEV,WAREHOUSE_METERING,WAREHOUSE_METERING,TU_US_NONCREDIT_TRUAUDIENCE_DEV,TU_US_NONCREDIT_TRUAUDIENCE_DEV,"{""environment"":""Development"",""team"":""TruAudience""}"
TU_US_NONCREDIT_TRUAUDIENCE_DEV,TU_US_NONCREDIT_TRUAUDIENCE_DEV,2026-08-01,2026-09-01,Usage,2026-08-10,2026-08-11,4.467257,10.76,Snowflake,AWS_US_EAST_1,TU_US_NONCREDIT_TRUAUDIENCE_DEV,SNOWFLAKE_INTELLIGENCE,SNOWFLAKE_INTELLIGENCE,TU_US_NONCREDIT_TRUAUDIENCE_DEV,TU_US_NONCREDIT_TRUAUDIENCE_DEV,"{""environment"":""Development"",""team"":""TruAudience""}"
TU_US_NONCREDIT_TRUAUDIENCE_DEV,TU_US_NONCREDIT_TRUAUDIENCE_DEV,2026-08-01,2026-09-01,Usage,2026-08-10,2026-08-11,4.295330,10.34,Snowflake,AWS_US_EAST_1,TU_US_NONCREDIT_TRUAUDIENCE_DEV,SNOWPARK_CONTAINER_SERVICES,SNOWPARK_CONTAINER_SERVICES,TU_US_NONCREDIT_TRUAUDIENCE_DEV,TU_US_NONCREDIT_TRUAUDIENCE_DEV,"{""environment"":""Development"",""team"":""TruAudience""}"
TU_US_NONCREDIT_TRUAUDIENCE_DEV,TU_US_NONCREDIT_TRUAUDIENCE_DEV,2026-08-01,2026-09-01,Usage,2026-08-10,2026-08-11,1.089213,2.62,Snowflake,AWS_US_EAST_1,TU_US_NONCREDIT_TRUAUDIENCE_DEV,CORTEX_CODE_CLI,CORTEX_CODE_CLI,TU_US_NONCREDIT_TRUAUDIENCE_DEV,TU_US_NONCREDIT_TRUAUDIENCE_DEV,"{""environment"":""Development"",""team"":""TruAudience""}"
TU_US_NONCREDIT_TRUAUDIENCE_DEV,TU_US_NONCREDIT_TRUAUDIENCE_DEV,2026-08-01,2026-09-01,Usage,2026-08-10,2026-08-11,0.839454,2.02,Snowflake,AWS_US_EAST_1,TU_US_NONCREDIT_TRUAUDIENCE_DEV,POSTGRES_COMPUTE,POSTGRES_COMPUTE,TU_US_NONCREDIT_TRUAUDIENCE_DEV,TU_US_NONCREDIT_TRUAUDIENCE_DEV,"{""environment"":""Development"",""team"":""TruAudience""}"
TU_US_NONCREDIT_TRUAUDIENCE_DEV,TU_US_NONCREDIT_TRUAUDIENCE_DEV,2026-08-01,2026-09-01,Usage,2026-08-10,2026-08-11,0.057112,0.14,Snowflake,AWS_US_EAST_1,TU_US_NONCREDIT_TRUAUDIENCE_DEV,CORTEX_SEARCH,CORTEX_SEARCH,TU_US_NONCREDIT_TRUAUDIENCE_DEV,TU_US_NONCREDIT_TRUAUDIENCE_DEV,"{""environment"":""Development"",""team"":""TruAudience""}"
TU_US_NONCREDIT_TRUAUDIENCE_DEV,TU_US_NONCREDIT_TRUAUDIENCE_DEV,2026-08-01,2026-09-01,Usage,2026-08-10,2026-08-11,0.051657,0.12,Snowflake,AWS_US_EAST_1,TU_US_NONCREDIT_TRUAUDIENCE_DEV,CORTEX_CODE_SNOWSIGHT,CORTEX_CODE_SNOWSIGHT,TU_US_NONCREDIT_TRUAUDIENCE_DEV,TU_US_NONCREDIT_TRUAUDIENCE_DEV,"{""environment"":""Development"",""team"":""TruAudience""}"
TU_US_NONCREDIT_TRUAUDIENCE_DEV,TU_US_NONCREDIT_TRUAUDIENCE_DEV,2026-08-01,2026-09-01,Usage,2026-08-10,2026-08-11,0.010012,0.02,Snowflake,AWS_US_EAST_1,TU_US_NONCREDIT_TRUAUDIENCE_DEV,TELEMETRY_DATA_INGEST,TELEMETRY_DATA_INGEST,TU_US_NONCREDIT_TRUAUDIENCE_DEV,TU_US_NONCREDIT_TRUAUDIENCE_DEV,"{""environment"":""Development"",""team"":""TruAudience""}"
TU_US_NONCREDIT_TRUAUDIENCE_DEV,TU_US_NONCREDIT_TRUAUDIENCE_DEV,2026-08-01,2026-09-01,Usage,2026-08-10,2026-08-11,0.002081,0.01,Snowflake,AWS_US_EAST_1,TU_US_NONCREDIT_TRUAUDIENCE_DEV,AUTO_CLUSTERING,AUTO_CLUSTERING,TU_US_NONCREDIT_TRUAUDIENCE_DEV,TU_US_NONCREDIT_TRUAUDIENCE_DEV,"{""environment"":""Development"",""team"":""TruAudience""}"
TU_US_NONCREDIT_TRUAUDIENCE_DEV,TU_US_NONCREDIT_TRUAUDIENCE_DEV,2026-08-01,2026-09-01,Usage,2026-08-10,2026-08-11,0.000055,0.00,Snowflake,AWS_US_EAST_1,TU_US_NONCREDIT_TRUAUDIENCE_DEV,AI_INFERENCE,AI_INFERENCE,TU_US_NONCREDIT_TRUAUDIENCE_DEV,TU_US_NONCREDIT_TRUAUDIENCE_DEV,"{""environment"":""Development"",""team"":""TruAudience""}"
TU_US_NONCREDIT_TRUAUDIENCE_DEV,TU_US_NONCREDIT_TRUAUDIENCE_DEV,2026-08-01,2026-09-01,Usage,2026-08-10,2026-08-11,0.000054,0.00,Snowflake,AWS_US_EAST_1,TU_US_NONCREDIT_TRUAUDIENCE_DEV,AI_FUNCTIONS,AI_FUNCTIONS,TU_US_NONCREDIT_TRUAUDIENCE_DEV,TU_US_NONCREDIT_TRUAUDIENCE_DEV,"{""environment"":""Development"",""team"":""TruAudience""}"
TU_US_NONCREDIT_TRUAUDIENCE_DEV,TU_US_NONCREDIT_TRUAUDIENCE_DEV,2026-08-01,2026-09-01,Usage,2026-08-09,2026-08-10,38.052097,91.65,Snowflake,AWS_US_EAST_1,TU_US_NONCREDIT_TRUAUDIENCE_DEV,WAREHOUSE_METERING,WAREHOUSE_METERING,TU_US_NONCREDIT_TRUAUDIENCE_DEV,TU_US_NONCREDIT_TRUAUDIENCE_DEV,"{""environment"":""Development"",""team"":""TruAudience""}"
TU_US_NONCREDIT_TRUAUDIENCE_DEV,TU_US_NONCREDIT_TRUAUDIENCE_DEV,2026-08-01,2026-09-01,Usage,2026-08-09,2026-08-10,9.474355,22.82,Snowflake,AWS_US_EAST_1,TU_US_NONCREDIT_TRUAUDIENCE_DEV,CORTEX_CODE_CLI,CORTEX_CODE_CLI,TU_US_NONCREDIT_TRUAUDIENCE_DEV,TU_US_NONCREDIT_TRUAUDIENCE_DEV,"{""environment"":""Development"",""team"":""TruAudience""}"
TU_US_NONCREDIT_TRUAUDIENCE_DEV,TU_US_NONCREDIT_TRUAUDIENCE_DEV,2026-08-01,2026-09-01,Usage,2026-08-09,2026-08-10,4.297127,10.35,Snowflake,AWS_US_EAST_1,TU_US_NONCREDIT_TRUAUDIENCE_DEV,SNOWPARK_CONTAINER_SERVICES,SNOWPARK_CONTAINER_SERVICES,TU_US_NONCREDIT_TRUAUDIENCE_DEV,TU_US_NONCREDIT_TRUAUDIENCE_DEV,"{""environment"":""Development"",""team"":""TruAudience""}"
TU_US_NONCREDIT_TRUAUDIENCE_DEV,TU_US_NONCREDIT_TRUAUDIENCE_DEV,2026-08-01,2026-09-01,Usage,2026-08-09,2026-08-10,1.053050,2.54,Snowflake,AWS_US_EAST_1,TU_US_NONCREDIT_TRUAUDIENCE_DEV,SNOWFLAKE_INTELLIGENCE,SNOWFLAKE_INTELLIGENCE,TU_US_NONCREDIT_TRUAUDIENCE_DEV,TU_US_NONCREDIT_TRUAUDIENCE_DEV,"{""environment"":""Development"",""team"":""TruAudience""}"
TU_US_NONCREDIT_TRUAUDIENCE_DEV,TU_US_NONCREDIT_TRUAUDIENCE_DEV,2026-08-01,2026-09-01,Usage,2026-08-09,2026-08-10,0.852321,2.05,Snowflake,AWS_US_EAST_1,TU_US_NONCREDIT_TRUAUDIENCE_DEV,POSTGRES_COMPUTE,POSTGRES_COMPUTE,TU_US_NONCREDIT_TRUAUDIENCE_DEV,TU_US_NONCREDIT_TRUAUDIENCE_DEV,"{""environment"":""Development"",""team"":""TruAudience""}"
TU_US_NONCREDIT_TRUAUDIENCE_DEV,TU_US_NONCREDIT_TRUAUDIENCE_DEV,2026-08-01,2026-09-01,Usage,2026-08-09,2026-08-10,0.057056,0.14,Snowflake,AWS_US_EAST_1,TU_US_NONCREDIT_TRUAUDIENCE_DEV,CORTEX_SEARCH,CORTEX_SEARCH,TU_US_NONCREDIT_TRUAUDIENCE_DEV,TU_US_NONCREDIT_TRUAUDIENCE_DEV,"{""environment"":""Development"",""team"":""TruAudience""}"
TU_US_NONCREDIT_TRUAUDIENCE_DEV,TU_US_NONCREDIT_TRUAUDIENCE_DEV,2026-08-01,2026-09-01,Usage,2026-08-09,2026-08-10,0.010768,0.03,Snowflake,AWS_US_EAST_1,TU_US_NONCREDIT_TRUAUDIENCE_DEV,TELEMETRY_DATA_INGEST,TELEMETRY_DATA_INGEST,TU_US_NONCREDIT_TRUAUDIENCE_DEV,TU_US_NONCREDIT_TRUAUDIENCE_DEV,"{""environment"":""Development"",""team"":""TruAudience""}"
TU_US_NONCREDIT_TRUAUDIENCE_DEV,TU_US_NONCREDIT_TRUAUDIENCE_DEV,2026-08-01,2026-09-01,Usage,2026-08-09,2026-08-10,0.003371,0.01,Snowflake,AWS_US_EAST_1,TU_US_NONCREDIT_TRUAUDIENCE_DEV,AUTO_CLUSTERING,AUTO_CLUSTERING,TU_US_NONCREDIT_TRUAUDIENCE_DEV,TU_US_NONCREDIT_TRUAUDIENCE_DEV,"{""environment"":""Development"",""team"":""TruAudience""}"
TU_US_NONCREDIT_TRUAUDIENCE_DEV,TU_US_NONCREDIT_TRUAUDIENCE_DEV,2026-08-01,2026-09-01,Usage,2026-08-09,2026-08-10,0.000164,0.00,Snowflake,AWS_US_EAST_1,TU_US_NONCREDIT_TRUAUDIENCE_DEV,AI_INFERENCE,AI_INFERENCE,TU_US_NONCREDIT_TRUAUDIENCE_DEV,TU_US_NONCREDIT_TRUAUDIENCE_DEV,"{""environment"":""Development"",""team"":""TruAudience""}"
TU_US_NONCREDIT_TRUAUDIENCE_DEV,TU_US_NONCREDIT_TRUAUDIENCE_DEV,2026-08-01,2026-09-01,Usage,2026-08-08,2026-08-09,35.154994,84.67,Snowflake,AWS_US_EAST_1,TU_US_NONCREDIT_TRUAUDIENCE_DEV,WAREHOUSE_METERING,WAREHOUSE_METERING,TU_US_NONCREDIT_TRUAUDIENCE_DEV,TU_US_NONCREDIT_TRUAUDIENCE_DEV,"{""environment"":""Development"",""team"":""TruAudience""}"
TU_US_NONCREDIT_TRUAUDIENCE_DEV,TU_US_NONCREDIT_TRUAUDIENCE_DEV,2026-08-01,2026-09-01,Usage,2026-08-08,2026-08-09,4.312148,10.39,Snowflake,AWS_US_EAST_1,TU_US_NONCREDIT_TRUAUDIENCE_DEV,SNOWPARK_CONTAINER_SERVICES,SNOWPARK_CONTAINER_SERVICES,TU_US_NONCREDIT_TRUAUDIENCE_DEV,TU_US_NONCREDIT_TRUAUDIENCE_DEV,"{""environment"":""Development"",""team"":""TruAudience""}"
TU_US_NONCREDIT_TRUAUDIENCE_DEV,TU_US_NONCREDIT_TRUAUDIENCE_DEV,2026-08-01,2026-09-01,Usage,2026-08-08,2026-08-09,2.900868,6.99,Snowflake,AWS_US_EAST_1,TU_US_NONCREDIT_TRUAUDIENCE_DEV,SNOWFLAKE_INTELLIGENCE,SNOWFLAKE_INTELLIGENCE,TU_US_NONCREDIT_TRUAUDIENCE_DEV,TU_US_NONCREDIT_TRUAUDIENCE_DEV,"{""environment"":""Development"",""team"":""TruAudience""}"
TU_US_NONCREDIT_TRUAUDIENCE_DEV,TU_US_NONCREDIT_TRUAUDIENCE_DEV,2026-08-01,2026-09-01,Usage,2026-08-08,2026-08-09,0.849001,2.04,Snowflake,AWS_US_EAST_1,TU_US_NONCREDIT_TRUAUDIENCE_DEV,POSTGRES_COMPUTE,POSTGRES_COMPUTE,TU_US_NONCREDIT_TRUAUDIENCE_DEV,TU_US_NONCREDIT_TRUAUDIENCE_DEV,"{""environment"":""Development"",""team"":""TruAudience""}"
TU_US_NONCREDIT_TRUAUDIENCE_DEV,TU_US_NONCREDIT_TRUAUDIENCE_DEV,2026-08-01,2026-09-01,Usage,2026-08-08,2026-08-09,0.538441,1.30,Snowflake,AWS_US_EAST_1,TU_US_NONCREDIT_TRUAUDIENCE_DEV,CORTEX_AGENTS,CORTEX_AGENTS,TU_US_NONCREDIT_TRUAUDIENCE_DEV,TU_US_NONCREDIT_TRUAUDIENCE_DEV,"{""environment"":""Development"",""team"":""TruAudience""}"
TU_US_NONCREDIT_TRUAUDIENCE_DEV,TU_US_NONCREDIT_TRUAUDIENCE_DEV,2026-08-01,2026-09-01,Usage,2026-08-08,2026-08-09,0.057096,0.14,Snowflake,AWS_US_EAST_1,TU_US_NONCREDIT_TRUAUDIENCE_DEV,CORTEX_SEARCH,CORTEX_SEARCH,TU_US_NONCREDIT_TRUAUDIENCE_DEV,TU_US_NONCREDIT_TRUAUDIENCE_DEV,"{""environment"":""Development"",""team"":""TruAudience""}"
TU_US_NONCREDIT_TRUAUDIENCE_DEV,TU_US_NONCREDIT_TRUAUDIENCE_DEV,2026-08-01,2026-09-01,Usage,2026-08-08,2026-08-09,0.009865,0.02,Snowflake,AWS_US_EAST_1,TU_US_NONCREDIT_TRUAUDIENCE_DEV,TELEMETRY_DATA_INGEST,TELEMETRY_DATA_INGEST,TU_US_NONCREDIT_TRUAUDIENCE_DEV,TU_US_NONCREDIT_TRUAUDIENCE_DEV,"{""environment"":""Development"",""team"":""TruAudience""}"
TU_US_NONCREDIT_TRUAUDIENCE_DEV,TU_US_NONCREDIT_TRUAUDIENCE_DEV,2026-08-01,2026-09-01,Usage,2026-08-08,2026-08-09,0.000638,0.00,Snowflake,AWS_US_EAST_1,TU_US_NONCREDIT_TRUAUDIENCE_DEV,AUTO_CLUSTERING,AUTO_CLUSTERING,TU_US_NONCREDIT_TRUAUDIENCE_DEV,TU_US_NONCREDIT_TRUAUDIENCE_DEV,"{""environment"":""Development"",""team"":""TruAudience""}"
TU_US_NONCREDIT_TRUAUDIENCE_DEV,TU_US_NONCREDIT_TRUAUDIENCE_DEV,2026-08-01,2026-09-01,Usage,2026-08-08,2026-08-09,0.000241,0.00,Snowflake,AWS_US_EAST_1,TU_US_NONCREDIT_TRUAUDIENCE_DEV,AI_INFERENCE,AI_INFERENCE,TU_US_NONCREDIT_TRUAUDIENCE_DEV,TU_US_NONCREDIT_TRUAUDIENCE_DEV,"{""environment"":""Development"",""team"":""TruAudience""}"
TU_US_NONCREDIT_TRUAUDIENCE_DEV,TU_US_NONCREDIT_TRUAUDIENCE_DEV,2026-08-01,2026-09-01,Usage,2026-08-07,2026-08-08,46.801747,112.72,Snowflake,AWS_US_EAST_1,TU_US_NONCREDIT_TRUAUDIENCE_DEV,WAREHOUSE_METERING,WAREHOUSE_METERING,TU_US_NONCREDIT_TRUAUDIENCE_DEV,TU_US_NONCREDIT_TRUAUDIENCE_DEV,"{""environment"":""Development"",""team"":""TruAudience""}"
TU_US_NONCREDIT_TRUAUDIENCE_DEV,TU_US_NONCREDIT_TRUAUDIENCE_DEV,2026-08-01,2026-09-01,Usage,2026-08-07,2026-08-08,4.295473,10.35,Snowflake,AWS_US_EAST_1,TU_US_NONCREDIT_TRUAUDIENCE_DEV,SNOWPARK_CONTAINER_SERVICES,SNOWPARK_CONTAINER_SERVICES,TU_US_NONCREDIT_TRUAUDIENCE_DEV,TU_US_NONCREDIT_TRUAUDIENCE_DEV,"{""environment"":""Development"",""team"":""TruAudience""}"
TU_US_NONCREDIT_TRUAUDIENCE_DEV,TU_US_NONCREDIT_TRUAUDIENCE_DEV,2026-08-01,2026-09-01,Usage,2026-08-07,2026-08-08,1.355960,3.27,Snowflake,AWS_US_EAST_1,TU_US_NONCREDIT_TRUAUDIENCE_DEV,CORTEX_CODE_SNOWSIGHT,CORTEX_CODE_SNOWSIGHT,TU_US_NONCREDIT_TRUAUDIENCE_DEV,TU_US_NONCREDIT_TRUAUDIENCE_DEV,"{""environment"":""Development"",""team"":""TruAudience""}"
TU_US_NONCREDIT_TRUAUDIENCE_DEV,TU_US_NONCREDIT_TRUAUDIENCE_DEV,2026-08-01,2026-09-01,Usage,2026-08-07,2026-08-08,1.290113,3.11,Snowflake,AWS_US_EAST_1,TU_US_NONCREDIT_TRUAUDIENCE_DEV,SNOWFLAKE_INTELLIGENCE,SNOWFLAKE_INTELLIGENCE,TU_US_NONCREDIT_TRUAUDIENCE_DEV,TU_US_NONCREDIT_TRUAUDIENCE_DEV,"{""environment"":""Development"",""team"":""TruAudience""}"
TU_US_NONCREDIT_TRUAUDIENCE_DEV,TU_US_NONCREDIT_TRUAUDIENCE_DEV,2026-08-01,2026-09-01,Usage,2026-08-07,2026-08-08,0.845856,2.04,Snowflake,AWS_US_EAST_1,TU_US_NONCREDIT_TRUAUDIENCE_DEV,POSTGRES_COMPUTE,POSTGRES_COMPUTE,TU_US_NONCREDIT_TRUAUDIENCE_DEV,TU_US_NONCREDIT_TRUAUDIENCE_DEV,"{""environment"":""Development"",""team"":""TruAudience""}"
TU_US_NONCREDIT_TRUAUDIENCE_DEV,TU_US_NONCREDIT_TRUAUDIENCE_DEV,2026-08-01,2026-09-01,Usage,2026-08-07,2026-08-08,0.057034,0.14,Snowflake,AWS_US_EAST_1,TU_US_NONCREDIT_TRUAUDIENCE_DEV,CORTEX_SEARCH,CORTEX_SEARCH,TU_US_NONCREDIT_TRUAUDIENCE_DEV,TU_US_NONCREDIT_TRUAUDIENCE_DEV,"{""environment"":""Development"",""team"":""TruAudience""}"
TU_US_NONCREDIT_TRUAUDIENCE_DEV,TU_US_NONCREDIT_TRUAUDIENCE_DEV,2026-08-01,2026-09-01,Usage,2026-08-07,2026-08-08,0.010001,0.02,Snowflake,AWS_US_EAST_1,TU_US_NONCREDIT_TRUAUDIENCE_DEV,TELEMETRY_DATA_INGEST,TELEMETRY_DATA_INGEST,TU_US_NONCREDIT_TRUAUDIENCE_DEV,TU_US_NONCREDIT_TRUAUDIENCE_DEV,"{""environment"":""Development"",""team"":""TruAudience""}"
TU_US_NONCREDIT_TRUAUDIENCE_DEV,TU_US_NONCREDIT_TRUAUDIENCE_DEV,2026-08-01,2026-09-01,Usage,2026-08-07,2026-08-08,0.000864,0.00,Snowflake,AWS_US_EAST_1,TU_US_NONCREDIT_TRUAUDIENCE_DEV,AUTO_CLUSTERING,AUTO_CLUSTERING,TU_US_NONCREDIT_TRUAUDIENCE_DEV,TU_US_NONCREDIT_TRUAUDIENCE_DEV,"{""environment"":""Development"",""team"":""TruAudience""}"
TU_US_NONCREDIT_TRUAUDIENCE_DEV,TU_US_NONCREDIT_TRUAUDIENCE_DEV,2026-08-01,2026-09-01,Usage,2026-08-06,2026-08-07,32.969012,79.40,Snowflake,AWS_US_EAST_1,TU_US_NONCREDIT_TRUAUDIENCE_DEV,WAREHOUSE_METERING,WAREHOUSE_METERING,TU_US_NONCREDIT_TRUAUDIENCE_DEV,TU_US_NONCREDIT_TRUAUDIENCE_DEV,"{""environment"":""Development"",""team"":""TruAudience""}"
TU_US_NONCREDIT_TRUAUDIENCE_DEV,TU_US_NONCREDIT_TRUAUDIENCE_DEV,2026-08-01,2026-09-01,Usage,2026-08-06,2026-08-07,4.302754,10.36,Snowflake,AWS_US_EAST_1,TU_US_NONCREDIT_TRUAUDIENCE_DEV,SNOWPARK_CONTAINER_SERVICES,SNOWPARK_CONTAINER_SERVICES,TU_US_NONCREDIT_TRUAUDIENCE_DEV,TU_US_NONCREDIT_TRUAUDIENCE_DEV,"{""environment"":""Development"",""team"":""TruAudience""}"
TU_US_NONCREDIT_TRUAUDIENCE_DEV,TU_US_NONCREDIT_TRUAUDIENCE_DEV,2026-08-01,2026-09-01,Usage,2026-08-06,2026-08-07,1.683669,4.05,Snowflake,AWS_US_EAST_1,TU_US_NONCREDIT_TRUAUDIENCE_DEV,SNOWFLAKE_INTELLIGENCE,SNOWFLAKE_INTELLIGENCE,TU_US_NONCREDIT_TRUAUDIENCE_DEV,TU_US_NONCREDIT_TRUAUDIENCE_DEV,"{""environment"":""Development"",""team"":""TruAudience""}"
TU_US_NONCREDIT_TRUAUDIENCE_DEV,TU_US_NONCREDIT_TRUAUDIENCE_DEV,2026-08-01,2026-09-01,Usage,2026-08-06,2026-08-07,0.839355,2.02,Snowflake,AWS_US_EAST_1,TU_US_NONCREDIT_TRUAUDIENCE_DEV,POSTGRES_COMPUTE,POSTGRES_COMPUTE,TU_US_NONCREDIT_TRUAUDIENCE_DEV,TU_US_NONCREDIT_TRUAUDIENCE_DEV,"{""environment"":""Development"",""team"":""TruAudience""}"
TU_US_NONCREDIT_TRUAUDIENCE_DEV,TU_US_NONCREDIT_TRUAUDIENCE_DEV,2026-08-01,2026-09-01,Usage,2026-08-06,2026-08-07,0.057138,0.14,Snowflake,AWS_US_EAST_1,TU_US_NONCREDIT_TRUAUDIENCE_DEV,CORTEX_SEARCH,CORTEX_SEARCH,TU_US_NONCREDIT_TRUAUDIENCE_DEV,TU_US_NONCREDIT_TRUAUDIENCE_DEV,"{""environment"":""Development"",""team"":""TruAudience""}"
TU_US_NONCREDIT_TRUAUDIENCE_DEV,TU_US_NONCREDIT_TRUAUDIENCE_DEV,2026-08-01,2026-09-01,Usage,2026-08-06,2026-08-07,0.010026,0.02,Snowflake,AWS_US_EAST_1,TU_US_NONCREDIT_TRUAUDIENCE_DEV,TELEMETRY_DATA_INGEST,TELEMETRY_DATA_INGEST,TU_US_NONCREDIT_TRUAUDIENCE_DEV,TU_US_NONCREDIT_TRUAUDIENCE_DEV,"{""environment"":""Development"",""team"":""TruAudience""}"
TU_US_NONCREDIT_TRUAUDIENCE_DEV,TU_US_NONCREDIT_TRUAUDIENCE_DEV,2026-08-01,2026-09-01,Usage,2026-08-06,2026-08-07,0.000743,0.00,Snowflake,AWS_US_EAST_1,TU_US_NONCREDIT_TRUAUDIENCE_DEV,AUTO_CLUSTERING,AUTO_CLUSTERING,TU_US_NONCREDIT_TRUAUDIENCE_DEV,TU_US_NONCREDIT_TRUAUDIENCE_DEV,"{""environment"":""Development"",""team"":""TruAudience""}"
TU_US_NONCREDIT_TRUAUDIENCE_DEV,TU_US_NONCREDIT_TRUAUDIENCE_DEV,2026-08-01,2026-09-01,Usage,2026-08-05,2026-08-06,36.868562,88.80,Snowflake,AWS_US_EAST_1,TU_US_NONCREDIT_TRUAUDIENCE_DEV,WAREHOUSE_METERING,WAREHOUSE_METERING,TU_US_NONCREDIT_TRUAUDIENCE_DEV,TU_US_NONCREDIT_TRUAUDIENCE_DEV,"{""environment"":""Development"",""team"":""TruAudience""}"
TU_US_NONCREDIT_TRUAUDIENCE_DEV,TU_US_NONCREDIT_TRUAUDIENCE_DEV,2026-08-01,2026-09-01,Usage,2026-08-05,2026-08-06,4.292238,10.34,Snowflake,AWS_US_EAST_1,TU_US_NONCREDIT_TRUAUDIENCE_DEV,SNOWPARK_CONTAINER_SERVICES,SNOWPARK_CONTAINER_SERVICES,TU_US_NONCREDIT_TRUAUDIENCE_DEV,TU_US_NONCREDIT_TRUAUDIENCE_DEV,"{""environment"":""Development"",""team"":""TruAudience""}"
TU_US_NONCREDIT_TRUAUDIENCE_DEV,TU_US_NONCREDIT_TRUAUDIENCE_DEV,2026-08-01,2026-09-01,Usage,2026-08-05,2026-08-06,1.691309,4.07,Snowflake,AWS_US_EAST_1,TU_US_NONCREDIT_TRUAUDIENCE_DEV,SNOWFLAKE_INTELLIGENCE,SNOWFLAKE_INTELLIGENCE,TU_US_NONCREDIT_TRUAUDIENCE_DEV,TU_US_NONCREDIT_TRUAUDIENCE_DEV,"{""environment"":""Development"",""team"":""TruAudience""}"
TU_US_NONCREDIT_TRUAUDIENCE_DEV,TU_US_NONCREDIT_TRUAUDIENCE_DEV,2026-08-01,2026-09-01,Usage,2026-08-05,2026-08-06,1.503477,3.62,Snowflake,AWS_US_EAST_1,TU_US_NONCREDIT_TRUAUDIENCE_DEV,CORTEX_AGENTS,CORTEX_AGENTS,TU_US_NONCREDIT_TRUAUDIENCE_DEV,TU_US_NONCREDIT_TRUAUDIENCE_DEV,"{""environment"":""Development"",""team"":""TruAudience""}"
TU_US_NONCREDIT_TRUAUDIENCE_DEV,TU_US_NONCREDIT_TRUAUDIENCE_DEV,2026-08-01,2026-09-01,Usage,2026-08-05,2026-08-06,0.844934,2.03,Snowflake,AWS_US_EAST_1,TU_US_NONCREDIT_TRUAUDIENCE_DEV,POSTGRES_COMPUTE,POSTGRES_COMPUTE,TU_US_NONCREDIT_TRUAUDIENCE_DEV,TU_US_NONCREDIT_TRUAUDIENCE_DEV,"{""environment"":""Development"",""team"":""TruAudience""}"
TU_US_NONCREDIT_TRUAUDIENCE_DEV,TU_US_NONCREDIT_TRUAUDIENCE_DEV,2026-08-01,2026-09-01,Usage,2026-08-05,2026-08-06,0.070856,0.17,Snowflake,AWS_US_EAST_1,TU_US_NONCREDIT_TRUAUDIENCE_DEV,CORTEX_CODE_SNOWSIGHT,CORTEX_CODE_SNOWSIGHT,TU_US_NONCREDIT_TRUAUDIENCE_DEV,TU_US_NONCREDIT_TRUAUDIENCE_DEV,"{""environment"":""Development"",""team"":""TruAudience""}"
TU_US_NONCREDIT_TRUAUDIENCE_DEV,TU_US_NONCREDIT_TRUAUDIENCE_DEV,2026-08-01,2026-09-01,Usage,2026-08-05,2026-08-06,0.057099,0.14,Snowflake,AWS_US_EAST_1,TU_US_NONCREDIT_TRUAUDIENCE_DEV,CORTEX_SEARCH,CORTEX_SEARCH,TU_US_NONCREDIT_TRUAUDIENCE_DEV,TU_US_NONCREDIT_TRUAUDIENCE_DEV,"{""environment"":""Development"",""team"":""TruAudience""}"
TU_US_NONCREDIT_TRUAUDIENCE_DEV,TU_US_NONCREDIT_TRUAUDIENCE_DEV,2026-08-01,2026-09-01,Usage,2026-08-05,2026-08-06,0.009978,0.02,Snowflake,AWS_US_EAST_1,TU_US_NONCREDIT_TRUAUDIENCE_DEV,TELEMETRY_DATA_INGEST,TELEMETRY_DATA_INGEST,TU_US_NONCREDIT_TRUAUDIENCE_DEV,TU_US_NONCREDIT_TRUAUDIENCE_DEV,"{""environment"":""Development"",""team"":""TruAudience""}"
TU_US_NONCREDIT_TRUAUDIENCE_DEV,TU_US_NONCREDIT_TRUAUDIENCE_DEV,2026-08-01,2026-09-01,Usage,2026-08-05,2026-08-06,0.000054,0.00,Snowflake,AWS_US_EAST_1,TU_US_NONCREDIT_TRUAUDIENCE_DEV,AI_INFERENCE,AI_INFERENCE,TU_US_NONCREDIT_TRUAUDIENCE_DEV,TU_US_NONCREDIT_TRUAUDIENCE_DEV,"{""environment"":""Development"",""team"":""TruAudience""}"
TU_US_NONCREDIT_TRUAUDIENCE_DEV,TU_US_NONCREDIT_TRUAUDIENCE_DEV,2026-08-01,2026-09-01,Usage,2026-08-05,2026-08-06,0.000949,0.00,Snowflake,AWS_US_EAST_1,TU_US_NONCREDIT_TRUAUDIENCE_DEV,AUTO_CLUSTERING,AUTO_CLUSTERING,TU_US_NONCREDIT_TRUAUDIENCE_DEV,TU_US_NONCREDIT_TRUAUDIENCE_DEV,"{""environment"":""Development"",""team"":""TruAudience""}"
TU_US_NONCREDIT_TRUAUDIENCE_DEV,TU_US_NONCREDIT_TRUAUDIENCE_DEV,2026-08-01,2026-09-01,Usage,2026-08-04,2026-08-05,32.891877,79.22,Snowflake,AWS_US_EAST_1,TU_US_NONCREDIT_TRUAUDIENCE_DEV,WAREHOUSE_METERING,WAREHOUSE_METERING,TU_US_NONCREDIT_TRUAUDIENCE_DEV,TU_US_NONCREDIT_TRUAUDIENCE_DEV,"{""environment"":""Development"",""team"":""TruAudience""}"
TU_US_NONCREDIT_TRUAUDIENCE_DEV,TU_US_NONCREDIT_TRUAUDIENCE_DEV,2026-08-01,2026-09-01,Usage,2026-08-04,2026-08-05,16.486439,39.71,Snowflake,AWS_US_EAST_1,TU_US_NONCREDIT_TRUAUDIENCE_DEV,SNOWFLAKE_INTELLIGENCE,SNOWFLAKE_INTELLIGENCE,TU_US_NONCREDIT_TRUAUDIENCE_DEV,TU_US_NONCREDIT_TRUAUDIENCE_DEV,"{""environment"":""Development"",""team"":""TruAudience""}"
TU_US_NONCREDIT_TRUAUDIENCE_DEV,TU_US_NONCREDIT_TRUAUDIENCE_DEV,2026-08-01,2026-09-01,Usage,2026-08-04,2026-08-05,4.307953,10.38,Snowflake,AWS_US_EAST_1,TU_US_NONCREDIT_TRUAUDIENCE_DEV,SNOWPARK_CONTAINER_SERVICES,SNOWPARK_CONTAINER_SERVICES,TU_US_NONCREDIT_TRUAUDIENCE_DEV,TU_US_NONCREDIT_TRUAUDIENCE_DEV,"{""environment"":""Development"",""team"":""TruAudience""}"
TU_US_NONCREDIT_TRUAUDIENCE_DEV,TU_US_NONCREDIT_TRUAUDIENCE_DEV,2026-08-01,2026-09-01,Usage,2026-08-04,2026-08-05,0.845732,2.04,Snowflake,AWS_US_EAST_1,TU_US_NONCREDIT_TRUAUDIENCE_DEV,POSTGRES_COMPUTE,POSTGRES_COMPUTE,TU_US_NONCREDIT_TRUAUDIENCE_DEV,TU_US_NONCREDIT_TRUAUDIENCE_DEV,"{""environment"":""Development"",""team"":""TruAudience""}"
TU_US_NONCREDIT_TRUAUDIENCE_DEV,TU_US_NONCREDIT_TRUAUDIENCE_DEV,2026-08-01,2026-09-01,Usage,2026-08-04,2026-08-05,0.752856,1.81,Snowflake,AWS_US_EAST_1,TU_US_NONCREDIT_TRUAUDIENCE_DEV,CORTEX_AGENTS,CORTEX_AGENTS,TU_US_NONCREDIT_TRUAUDIENCE_DEV,TU_US_NONCREDIT_TRUAUDIENCE_DEV,"{""environment"":""Development"",""team"":""TruAudience""}"
TU_US_NONCREDIT_TRUAUDIENCE_DEV,TU_US_NONCREDIT_TRUAUDIENCE_DEV,2026-08-01,2026-09-01,Usage,2026-08-04,2026-08-05,0.693476,1.67,Snowflake,AWS_US_EAST_1,TU_US_NONCREDIT_TRUAUDIENCE_DEV,QUERY_ACCELERATION,QUERY_ACCELERATION,TU_US_NONCREDIT_TRUAUDIENCE_DEV,TU_US_NONCREDIT_TRUAUDIENCE_DEV,"{""environment"":""Development"",""team"":""TruAudience""}"
TU_US_NONCREDIT_TRUAUDIENCE_DEV,TU_US_NONCREDIT_TRUAUDIENCE_DEV,2026-08-01,2026-09-01,Usage,2026-08-04,2026-08-05,0.598494,1.44,Snowflake,AWS_US_EAST_1,TU_US_NONCREDIT_TRUAUDIENCE_DEV,CORTEX_CODE_SNOWSIGHT,CORTEX_CODE_SNOWSIGHT,TU_US_NONCREDIT_TRUAUDIENCE_DEV,TU_US_NONCREDIT_TRUAUDIENCE_DEV,"{""environment"":""Development"",""team"":""TruAudience""}"
TU_US_NONCREDIT_TRUAUDIENCE_DEV,TU_US_NONCREDIT_TRUAUDIENCE_DEV,2026-08-01,2026-09-01,Usage,2026-08-04,2026-08-05,0.056993,0.14,Snowflake,AWS_US_EAST_1,TU_US_NONCREDIT_TRUAUDIENCE_DEV,CORTEX_SEARCH,CORTEX_SEARCH,TU_US_NONCREDIT_TRUAUDIENCE_DEV,TU_US_NONCREDIT_TRUAUDIENCE_DEV,"{""environment"":""Development"",""team"":""TruAudience""}"
TU_US_NONCREDIT_TRUAUDIENCE_DEV,TU_US_NONCREDIT_TRUAUDIENCE_DEV,2026-08-01,2026-09-01,Usage,2026-08-04,2026-08-05,0.010108,0.02,Snowflake,AWS_US_EAST_1,TU_US_NONCREDIT_TRUAUDIENCE_DEV,TELEMETRY_DATA_INGEST,TELEMETRY_DATA_INGEST,TU_US_NONCREDIT_TRUAUDIENCE_DEV,TU_US_NONCREDIT_TRUAUDIENCE_DEV,"{""environment"":""Development"",""team"":""TruAudience""}"
TU_US_NONCREDIT_TRUAUDIENCE_DEV,TU_US_NONCREDIT_TRUAUDIENCE_DEV,2026-08-01,2026-09-01,Usage,2026-08-04,2026-08-05,0.003143,0.01,Snowflake,AWS_US_EAST_1,TU_US_NONCREDIT_TRUAUDIENCE_DEV,AI_FUNCTIONS,AI_FUNCTIONS,TU_US_NONCREDIT_TRUAUDIENCE_DEV,TU_US_NONCREDIT_TRUAUDIENCE_DEV,"{""environment"":""Development"",""team"":""TruAudience""}"
TU_US_NONCREDIT_TRUAUDIENCE_DEV,TU_US_NONCREDIT_TRUAUDIENCE_DEV,2026-08-01,2026-09-01,Usage,2026-08-04,2026-08-05,0.000163,0.00,Snowflake,AWS_US_EAST_1,TU_US_NONCREDIT_TRUAUDIENCE_DEV,AI_INFERENCE,AI_INFERENCE,TU_US_NONCREDIT_TRUAUDIENCE_DEV,TU_US_NONCREDIT_TRUAUDIENCE_DEV,"{""environment"":""Development"",""team"":""TruAudience""}"
TU_US_NONCREDIT_TRUAUDIENCE_DEV,TU_US_NONCREDIT_TRUAUDIENCE_DEV,2026-08-01,2026-09-01,Usage,2026-08-04,2026-08-05,0.001172,0.00,Snowflake,AWS_US_EAST_1,TU_US_NONCREDIT_TRUAUDIENCE_DEV,AUTO_CLUSTERING,AUTO_CLUSTERING,TU_US_NONCREDIT_TRUAUDIENCE_DEV,TU_US_NONCREDIT_TRUAUDIENCE_DEV,"{""environment"":""Development"",""team"":""TruAudience""}"
TU_US_NONCREDIT_TRUAUDIENCE_DEV,TU_US_NONCREDIT_TRUAUDIENCE_DEV,2026-08-01,2026-09-01,Usage,2026-08-03,2026-08-04,33.314667,80.24,Snowflake,AWS_US_EAST_1,TU_US_NONCREDIT_TRUAUDIENCE_DEV,WAREHOUSE_METERING,WAREHOUSE_METERING,TU_US_NONCREDIT_TRUAUDIENCE_DEV,TU_US_NONCREDIT_TRUAUDIENCE_DEV,"{""environment"":""Development"",""team"":""TruAudience""}"
TU_US_NONCREDIT_TRUAUDIENCE_DEV,TU_US_NONCREDIT_TRUAUDIENCE_DEV,2026-08-01,2026-09-01,Usage,2026-08-03,2026-08-04,11.973501,28.84,Snowflake,AWS_US_EAST_1,TU_US_NONCREDIT_TRUAUDIENCE_DEV,SNOWFLAKE_INTELLIGENCE,SNOWFLAKE_INTELLIGENCE,TU_US_NONCREDIT_TRUAUDIENCE_DEV,TU_US_NONCREDIT_TRUAUDIENCE_DEV,"{""environment"":""Development"",""team"":""TruAudience""}"
TU_US_NONCREDIT_TRUAUDIENCE_DEV,TU_US_NONCREDIT_TRUAUDIENCE_DEV,2026-08-01,2026-09-01,Usage,2026-08-03,2026-08-04,4.294911,10.34,Snowflake,AWS_US_EAST_1,TU_US_NONCREDIT_TRUAUDIENCE_DEV,SNOWPARK_CONTAINER_SERVICES,SNOWPARK_CONTAINER_SERVICES,TU_US_NONCREDIT_TRUAUDIENCE_DEV,TU_US_NONCREDIT_TRUAUDIENCE_DEV,"{""environment"":""Development"",""team"":""TruAudience""}"
TU_US_NONCREDIT_TRUAUDIENCE_DEV,TU_US_NONCREDIT_TRUAUDIENCE_DEV,2026-08-01,2026-09-01,Usage,2026-08-03,2026-08-04,1.233984,2.97,Snowflake,AWS_US_EAST_1,TU_US_NONCREDIT_TRUAUDIENCE_DEV,CORTEX_CODE_SNOWSIGHT,CORTEX_CODE_SNOWSIGHT,TU_US_NONCREDIT_TRUAUDIENCE_DEV,TU_US_NONCREDIT_TRUAUDIENCE_DEV,"{""environment"":""Development"",""team"":""TruAudience""}"
TU_US_NONCREDIT_TRUAUDIENCE_DEV,TU_US_NONCREDIT_TRUAUDIENCE_DEV,2026-08-01,2026-09-01,Usage,2026-08-03,2026-08-04,0.849848,2.05,Snowflake,AWS_US_EAST_1,TU_US_NONCREDIT_TRUAUDIENCE_DEV,POSTGRES_COMPUTE,POSTGRES_COMPUTE,TU_US_NONCREDIT_TRUAUDIENCE_DEV,TU_US_NONCREDIT_TRUAUDIENCE_DEV,"{""environment"":""Development"",""team"":""TruAudience""}"
TU_US_NONCREDIT_TRUAUDIENCE_DEV,TU_US_NONCREDIT_TRUAUDIENCE_DEV,2026-08-01,2026-09-01,Usage,2026-08-03,2026-08-04,0.057012,0.14,Snowflake,AWS_US_EAST_1,TU_US_NONCREDIT_TRUAUDIENCE_DEV,CORTEX_SEARCH,CORTEX_SEARCH,TU_US_NONCREDIT_TRUAUDIENCE_DEV,TU_US_NONCREDIT_TRUAUDIENCE_DEV,"{""environment"":""Development"",""team"":""TruAudience""}"
TU_US_NONCREDIT_TRUAUDIENCE_DEV,TU_US_NONCREDIT_TRUAUDIENCE_DEV,2026-08-01,2026-09-01,Usage,2026-08-03,2026-08-04,0.010063,0.02,Snowflake,AWS_US_EAST_1,TU_US_NONCREDIT_TRUAUDIENCE_DEV,TELEMETRY_DATA_INGEST,TELEMETRY_DATA_INGEST,TU_US_NONCREDIT_TRUAUDIENCE_DEV,TU_US_NONCREDIT_TRUAUDIENCE_DEV,"{""environment"":""Development"",""team"":""TruAudience""}"
TU_US_NONCREDIT_TRUAUDIENCE_DEV,TU_US_NONCREDIT_TRUAUDIENCE_DEV,2026-08-01,2026-09-01,Usage,2026-08-03,2026-08-04,0.001138,0.00,Snowflake,AWS_US_EAST_1,TU_US_NONCREDIT_TRUAUDIENCE_DEV,AUTO_CLUSTERING,AUTO_CLUSTERING,TU_US_NONCREDIT_TRUAUDIENCE_DEV,TU_US_NONCREDIT_TRUAUDIENCE_DEV,"{""environment"":""Development"",""team"":""TruAudience""}"
TU_US_NONCREDIT_TRUAUDIENCE_DEV,TU_US_NONCREDIT_TRUAUDIENCE_DEV,2026-08-01,2026-09-01,Usage,2026-08-03,2026-08-04,0.000057,0.00,Snowflake,AWS_US_EAST_1,TU_US_NONCREDIT_TRUAUDIENCE_DEV,AI_INFERENCE,AI_INFERENCE,TU_US_NONCREDIT_TRUAUDIENCE_DEV,TU_US_NONCREDIT_TRUAUDIENCE_DEV,"{""environment"":""Development"",""team"":""TruAudience""}"
TU_US_NONCREDIT_TRUAUDIENCE_DEV,TU_US_NONCREDIT_TRUAUDIENCE_DEV,2026-08-01,2026-09-01,Usage,2026-08-02,2026-08-03,40.198453,96.81,Snowflake,AWS_US_EAST_1,TU_US_NONCREDIT_TRUAUDIENCE_DEV,WAREHOUSE_METERING,WAREHOUSE_METERING,TU_US_NONCREDIT_TRUAUDIENCE_DEV,TU_US_NONCREDIT_TRUAUDIENCE_DEV,"{""environment"":""Development"",""team"":""TruAudience""}"
TU_US_NONCREDIT_TRUAUDIENCE_DEV,TU_US_NONCREDIT_TRUAUDIENCE_DEV,2026-08-01,2026-09-01,Usage,2026-08-02,2026-08-03,15.409258,37.11,Snowflake,AWS_US_EAST_1,TU_US_NONCREDIT_TRUAUDIENCE_DEV,SNOWFLAKE_INTELLIGENCE,SNOWFLAKE_INTELLIGENCE,TU_US_NONCREDIT_TRUAUDIENCE_DEV,TU_US_NONCREDIT_TRUAUDIENCE_DEV,"{""environment"":""Development"",""team"":""TruAudience""}"
TU_US_NONCREDIT_TRUAUDIENCE_DEV,TU_US_NONCREDIT_TRUAUDIENCE_DEV,2026-08-01,2026-09-01,Usage,2026-08-02,2026-08-03,4.308630,10.38,Snowflake,AWS_US_EAST_1,TU_US_NONCREDIT_TRUAUDIENCE_DEV,SNOWPARK_CONTAINER_SERVICES,SNOWPARK_CONTAINER_SERVICES,TU_US_NONCREDIT_TRUAUDIENCE_DEV,TU_US_NONCREDIT_TRUAUDIENCE_DEV,"{""environment"":""Development"",""team"":""TruAudience""}"
TU_US_NONCREDIT_TRUAUDIENCE_DEV,TU_US_NONCREDIT_TRUAUDIENCE_DEV,2026-08-01,2026-09-01,Usage,2026-08-02,2026-08-03,0.837302,2.02,Snowflake,AWS_US_EAST_1,TU_US_NONCREDIT_TRUAUDIENCE_DEV,POSTGRES_COMPUTE,POSTGRES_COMPUTE,TU_US_NONCREDIT_TRUAUDIENCE_DEV,TU_US_NONCREDIT_TRUAUDIENCE_DEV,"{""environment"":""Development"",""team"":""TruAudience""}"
TU_US_NONCREDIT_TRUAUDIENCE_DEV,TU_US_NONCREDIT_TRUAUDIENCE_DEV,2026-08-01,2026-09-01,Usage,2026-08-02,2026-08-03,0.056988,0.14,Snowflake,AWS_US_EAST_1,TU_US_NONCREDIT_TRUAUDIENCE_DEV,CORTEX_SEARCH,CORTEX_SEARCH,TU_US_NONCREDIT_TRUAUDIENCE_DEV,TU_US_NONCREDIT_TRUAUDIENCE_DEV,"{""environment"":""Development"",""team"":""TruAudience""}"
TU_US_NONCREDIT_TRUAUDIENCE_DEV,TU_US_NONCREDIT_TRUAUDIENCE_DEV,2026-08-01,2026-09-01,Usage,2026-08-02,2026-08-03,0.031702,0.08,Snowflake,AWS_US_EAST_1,TU_US_NONCREDIT_TRUAUDIENCE_DEV,CORTEX_CODE_SNOWSIGHT,CORTEX_CODE_SNOWSIGHT,TU_US_NONCREDIT_TRUAUDIENCE_DEV,TU_US_NONCREDIT_TRUAUDIENCE_DEV,"{""environment"":""Development"",""team"":""TruAudience""}"
TU_US_NONCREDIT_TRUAUDIENCE_DEV,TU_US_NONCREDIT_TRUAUDIENCE_DEV,2026-08-01,2026-09-01,Usage,2026-08-02,2026-08-03,0.009971,0.02,Snowflake,AWS_US_EAST_1,TU_US_NONCREDIT_TRUAUDIENCE_DEV,TELEMETRY_DATA_INGEST,TELEMETRY_DATA_INGEST,TU_US_NONCREDIT_TRUAUDIENCE_DEV,TU_US_NONCREDIT_TRUAUDIENCE_DEV,"{""environment"":""Development"",""team"":""TruAudience""}"
TU_US_NONCREDIT_TRUAUDIENCE_DEV,TU_US_NONCREDIT_TRUAUDIENCE_DEV,2026-08-01,2026-09-01,Usage,2026-08-02,2026-08-03,0.002633,0.01,Snowflake,AWS_US_EAST_1,TU_US_NONCREDIT_TRUAUDIENCE_DEV,AI_FUNCTIONS,AI_FUNCTIONS,TU_US_NONCREDIT_TRUAUDIENCE_DEV,TU_US_NONCREDIT_TRUAUDIENCE_DEV,"{""environment"":""Development"",""team"":""TruAudience""}"
TU_US_NONCREDIT_TRUAUDIENCE_DEV,TU_US_NONCREDIT_TRUAUDIENCE_DEV,2026-08-01,2026-09-01,Usage,2026-08-02,2026-08-03,0.001073,0.00,Snowflake,AWS_US_EAST_1,TU_US_NONCREDIT_TRUAUDIENCE_DEV,AUTO_CLUSTERING,AUTO_CLUSTERING,TU_US_NONCREDIT_TRUAUDIENCE_DEV,TU_US_NONCREDIT_TRUAUDIENCE_DEV,"{""environment"":""Development"",""team"":""TruAudience""}"
TU_US_NONCREDIT_TRUAUDIENCE_DEV,TU_US_NONCREDIT_TRUAUDIENCE_DEV,2026-08-01,2026-09-01,Usage,2026-08-02,2026-08-03,0.000054,0.00,Snowflake,AWS_US_EAST_1,TU_US_NONCREDIT_TRUAUDIENCE_DEV,AI_INFERENCE,AI_INFERENCE,TU_US_NONCREDIT_TRUAUDIENCE_DEV,TU_US_NONCREDIT_TRUAUDIENCE_DEV,"{""environment"":""Development"",""team"":""TruAudience""}"
TU_US_NONCREDIT_TRUAUDIENCE_DEV,TU_US_NONCREDIT_TRUAUDIENCE_DEV,2026-08-01,2026-09-01,Usage,2026-08-01,2026-08-02,59.466385,143.22,Snowflake,AWS_US_EAST_1,TU_US_NONCREDIT_TRUAUDIENCE_DEV,WAREHOUSE_METERING,WAREHOUSE_METERING,TU_US_NONCREDIT_TRUAUDIENCE_DEV,TU_US_NONCREDIT_TRUAUDIENCE_DEV,"{""environment"":""Development"",""team"":""TruAudience""}"
TU_US_NONCREDIT_TRUAUDIENCE_DEV,TU_US_NONCREDIT_TRUAUDIENCE_DEV,2026-08-01,2026-09-01,Usage,2026-08-01,2026-08-02,20.162536,48.56,Snowflake,AWS_US_EAST_1,TU_US_NONCREDIT_TRUAUDIENCE_DEV,SNOWFLAKE_INTELLIGENCE,SNOWFLAKE_INTELLIGENCE,TU_US_NONCREDIT_TRUAUDIENCE_DEV,TU_US_NONCREDIT_TRUAUDIENCE_DEV,"{""environment"":""Development"",""team"":""TruAudience""}"
TU_US_NONCREDIT_TRUAUDIENCE_DEV,TU_US_NONCREDIT_TRUAUDIENCE_DEV,2026-08-01,2026-09-01,Usage,2026-08-01,2026-08-02,4.308026,10.38,Snowflake,AWS_US_EAST_1,TU_US_NONCREDIT_TRUAUDIENCE_DEV,SNOWPARK_CONTAINER_SERVICES,SNOWPARK_CONTAINER_SERVICES,TU_US_NONCREDIT_TRUAUDIENCE_DEV,TU_US_NONCREDIT_TRUAUDIENCE_DEV,"{""environment"":""Development"",""team"":""TruAudience""}"
TU_US_NONCREDIT_TRUAUDIENCE_DEV,TU_US_NONCREDIT_TRUAUDIENCE_DEV,2026-08-01,2026-09-01,Usage,2026-08-01,2026-08-02,0.849326,2.05,Snowflake,AWS_US_EAST_1,TU_US_NONCREDIT_TRUAUDIENCE_DEV,POSTGRES_COMPUTE,POSTGRES_COMPUTE,TU_US_NONCREDIT_TRUAUDIENCE_DEV,TU_US_NONCREDIT_TRUAUDIENCE_DEV,"{""environment"":""Development"",""team"":""TruAudience""}"
TU_US_NONCREDIT_TRUAUDIENCE_DEV,TU_US_NONCREDIT_TRUAUDIENCE_DEV,2026-08-01,2026-09-01,Usage,2026-08-01,2026-08-02,0.057022,0.14,Snowflake,AWS_US_EAST_1,TU_US_NONCREDIT_TRUAUDIENCE_DEV,CORTEX_SEARCH,CORTEX_SEARCH,TU_US_NONCREDIT_TRUAUDIENCE_DEV,TU_US_NONCREDIT_TRUAUDIENCE_DEV,"{""environment"":""Development"",""team"":""TruAudience""}"
TU_US_NONCREDIT_TRUAUDIENCE_DEV,TU_US_NONCREDIT_TRUAUDIENCE_DEV,2026-08-01,2026-09-01,Usage,2026-08-01,2026-08-02,0.010022,0.02,Snowflake,AWS_US_EAST_1,TU_US_NONCREDIT_TRUAUDIENCE_DEV,TELEMETRY_DATA_INGEST,TELEMETRY_DATA_INGEST,TU_US_NONCREDIT_TRUAUDIENCE_DEV,TU_US_NONCREDIT_TRUAUDIENCE_DEV,"{""environment"":""Development"",""team"":""TruAudience""}"
TU_US_NONCREDIT_TRUAUDIENCE_DEV,TU_US_NONCREDIT_TRUAUDIENCE_DEV,2026-08-01,2026-09-01,Usage,2026-08-01,2026-08-02,0.001026,0.00,Snowflake,AWS_US_EAST_1,TU_US_NONCREDIT_TRUAUDIENCE_DEV,AUTO_CLUSTERING,AUTO_CLUSTERING,TU_US_NONCREDIT_TRUAUDIENCE_DEV,TU_US_NONCREDIT_TRUAUDIENCE_DEV,"{""environment"":""Development"",""team"":""TruAudience""}"
TU_US_NONCREDIT_TRUAUDIENCE_DEV,TU_US_NONCREDIT_TRUAUDIENCE_DEV,2026-08-01,2026-09-01,Usage,2026-08-01,2026-08-02,0.000289,0.00,Snowflake,AWS_US_EAST_1,TU_US_NONCREDIT_TRUAUDIENCE_DEV,AI_INFERENCE,AI_INFERENCE,TU_US_NONCREDIT_TRUAUDIENCE_DEV,TU_US_NONCREDIT_TRUAUDIENCE_DEV,"{""environment"":""Development"",""team"":""TruAudience""}"
TU_US_NONCREDIT_TRUAUDIENCE_PROD,TU_US_NONCREDIT_TRUAUDIENCE_PROD,2026-08-01,2026-09-01,Usage,2026-08-29,2026-08-30,463.333168,1115.89,Snowflake,AWS_US_EAST_1,TU_US_NONCREDIT_TRUAUDIENCE_PROD,WAREHOUSE_METERING,WAREHOUSE_METERING,TU_US_NONCREDIT_TRUAUDIENCE_PROD,TU_US_NONCREDIT_TRUAUDIENCE_PROD,"{""environment"":""Production"",""team"":""TruAudience""}"
TU_US_NONCREDIT_TRUAUDIENCE_PROD,TU_US_NONCREDIT_TRUAUDIENCE_PROD,2026-08-01,2026-09-01,Usage,2026-08-29,2026-08-30,18.889547,45.49,Snowflake,AWS_US_EAST_1,TU_US_NONCREDIT_TRUAUDIENCE_PROD,SERVERLESS_TASK,SERVERLESS_TASK,TU_US_NONCREDIT_TRUAUDIENCE_PROD,TU_US_NONCREDIT_TRUAUDIENCE_PROD,"{""environment"":""Production"",""team"":""TruAudience""}"
TU_US_NONCREDIT_TRUAUDIENCE_PROD,TU_US_NONCREDIT_TRUAUDIENCE_PROD,2026-08-01,2026-09-01,Usage,2026-08-29,2026-08-30,2.968170,7.15,Snowflake,AWS_US_EAST_1,TU_US_NONCREDIT_TRUAUDIENCE_PROD,AUTO_CLUSTERING,AUTO_CLUSTERING,TU_US_NONCREDIT_TRUAUDIENCE_PROD,TU_US_NONCREDIT_TRUAUDIENCE_PROD,"{""environment"":""Production"",""team"":""TruAudience""}"
TU_US_NONCREDIT_TRUAUDIENCE_PROD,TU_US_NONCREDIT_TRUAUDIENCE_PROD,2026-08-01,2026-09-01,Usage,2026-08-29,2026-08-30,1.811837,4.36,Snowflake,AWS_US_EAST_1,TU_US_NONCREDIT_TRUAUDIENCE_PROD,TRUST_CENTER,TRUST_CENTER,TU_US_NONCREDIT_TRUAUDIENCE_PROD,TU_US_NONCREDIT_TRUAUDIENCE_PROD,"{""environment"":""Production"",""team"":""TruAudience""}"
TU_US_NONCREDIT_TRUAUDIENCE_PROD,TU_US_NONCREDIT_TRUAUDIENCE_PROD,2026-08-01,2026-09-01,Usage,2026-08-29,2026-08-30,0.014591,0.04,Snowflake,AWS_US_EAST_1,TU_US_NONCREDIT_TRUAUDIENCE_PROD,TELEMETRY_DATA_INGEST,TELEMETRY_DATA_INGEST,TU_US_NONCREDIT_TRUAUDIENCE_PROD,TU_US_NONCREDIT_TRUAUDIENCE_PROD,"{""environment"":""Production"",""team"":""TruAudience""}"
TU_US_NONCREDIT_TRUAUDIENCE_PROD,TU_US_NONCREDIT_TRUAUDIENCE_PROD,2026-08-01,2026-09-01,Usage,2026-08-29,2026-08-30,0.012366,0.03,Snowflake,AWS_US_EAST_1,TU_US_NONCREDIT_TRUAUDIENCE_PROD,COPY_FILES,COPY_FILES,TU_US_NONCREDIT_TRUAUDIENCE_PROD,TU_US_NONCREDIT_TRUAUDIENCE_PROD,"{""environment"":""Production"",""team"":""TruAudience""}"
TU_US_NONCREDIT_TRUAUDIENCE_PROD,TU_US_NONCREDIT_TRUAUDIENCE_PROD,2026-08-01,2026-09-01,Usage,2026-08-29,2026-08-30,0.000808,0.00,Snowflake,AWS_US_EAST_1,TU_US_NONCREDIT_TRUAUDIENCE_PROD,AI_INFERENCE,AI_INFERENCE,TU_US_NONCREDIT_TRUAUDIENCE_PROD,TU_US_NONCREDIT_TRUAUDIENCE_PROD,"{""environment"":""Production"",""team"":""TruAudience""}"
TU_US_NONCREDIT_TRUAUDIENCE_PROD,TU_US_NONCREDIT_TRUAUDIENCE_PROD,2026-08-01,2026-09-01,Usage,2026-08-28,2026-08-29,197.625325,475.97,Snowflake,AWS_US_EAST_1,TU_US_NONCREDIT_TRUAUDIENCE_PROD,WAREHOUSE_METERING,WAREHOUSE_METERING,TU_US_NONCREDIT_TRUAUDIENCE_PROD,TU_US_NONCREDIT_TRUAUDIENCE_PROD,"{""environment"":""Production"",""team"":""TruAudience""}"
TU_US_NONCREDIT_TRUAUDIENCE_PROD,TU_US_NONCREDIT_TRUAUDIENCE_PROD,2026-08-01,2026-09-01,Usage,2026-08-28,2026-08-29,17.961634,43.26,Snowflake,AWS_US_EAST_1,TU_US_NONCREDIT_TRUAUDIENCE_PROD,SERVERLESS_TASK,SERVERLESS_TASK,TU_US_NONCREDIT_TRUAUDIENCE_PROD,TU_US_NONCREDIT_TRUAUDIENCE_PROD,"{""environment"":""Production"",""team"":""TruAudience""}"
TU_US_NONCREDIT_TRUAUDIENCE_PROD,TU_US_NONCREDIT_TRUAUDIENCE_PROD,2026-08-01,2026-09-01,Usage,2026-08-28,2026-08-29,1.671607,4.03,Snowflake,AWS_US_EAST_1,TU_US_NONCREDIT_TRUAUDIENCE_PROD,TRUST_CENTER,TRUST_CENTER,TU_US_NONCREDIT_TRUAUDIENCE_PROD,TU_US_NONCREDIT_TRUAUDIENCE_PROD,"{""environment"":""Production"",""team"":""TruAudience""}"
TU_US_NONCREDIT_TRUAUDIENCE_PROD,TU_US_NONCREDIT_TRUAUDIENCE_PROD,2026-08-01,2026-09-01,Usage,2026-08-28,2026-08-29,0.010871,0.03,Snowflake,AWS_US_EAST_1,TU_US_NONCREDIT_TRUAUDIENCE_PROD,AUTO_CLUSTERING,AUTO_CLUSTERING,TU_US_NONCREDIT_TRUAUDIENCE_PROD,TU_US_NONCREDIT_TRUAUDIENCE_PROD,"{""environment"":""Production"",""team"":""TruAudience""}"
TU_US_NONCREDIT_TRUAUDIENCE_PROD,TU_US_NONCREDIT_TRUAUDIENCE_PROD,2026-08-01,2026-09-01,Usage,2026-08-28,2026-08-29,0.008238,0.02,Snowflake,AWS_US_EAST_1,TU_US_NONCREDIT_TRUAUDIENCE_PROD,TELEMETRY_DATA_INGEST,TELEMETRY_DATA_INGEST,TU_US_NONCREDIT_TRUAUDIENCE_PROD,TU_US_NONCREDIT_TRUAUDIENCE_PROD,"{""environment"":""Production"",""team"":""TruAudience""}"
TU_US_NONCREDIT_TRUAUDIENCE_PROD,TU_US_NONCREDIT_TRUAUDIENCE_PROD,2026-08-01,2026-09-01,Usage,2026-08-28,2026-08-29,0.005949,0.01,Snowflake,AWS_US_EAST_1,TU_US_NONCREDIT_TRUAUDIENCE_PROD,COPY_FILES,COPY_FILES,TU_US_NONCREDIT_TRUAUDIENCE_PROD,TU_US_NONCREDIT_TRUAUDIENCE_PROD,"{""environment"":""Production"",""team"":""TruAudience""}"
TU_US_NONCREDIT_TRUAUDIENCE_PROD,TU_US_NONCREDIT_TRUAUDIENCE_PROD,2026-08-01,2026-09-01,Usage,2026-08-27,2026-08-28,164.083400,395.20,Snowflake,AWS_US_EAST_1,TU_US_NONCREDIT_TRUAUDIENCE_PROD,WAREHOUSE_METERING,WAREHOUSE_METERING,TU_US_NONCREDIT_TRUAUDIENCE_PROD,TU_US_NONCREDIT_TRUAUDIENCE_PROD,"{""environment"":""Production"",""team"":""TruAudience""}"
TU_US_NONCREDIT_TRUAUDIENCE_PROD,TU_US_NONCREDIT_TRUAUDIENCE_PROD,2026-08-01,2026-09-01,Usage,2026-08-27,2026-08-28,15.910898,38.32,Snowflake,AWS_US_EAST_1,TU_US_NONCREDIT_TRUAUDIENCE_PROD,SERVERLESS_TASK,SERVERLESS_TASK,TU_US_NONCREDIT_TRUAUDIENCE_PROD,TU_US_NONCREDIT_TRUAUDIENCE_PROD,"{""environment"":""Production"",""team"":""TruAudience""}"
TU_US_NONCREDIT_TRUAUDIENCE_PROD,TU_US_NONCREDIT_TRUAUDIENCE_PROD,2026-08-01,2026-09-01,Usage,2026-08-27,2026-08-28,1.654423,3.98,Snowflake,AWS_US_EAST_1,TU_US_NONCREDIT_TRUAUDIENCE_PROD,TRUST_CENTER,TRUST_CENTER,TU_US_NONCREDIT_TRUAUDIENCE_PROD,TU_US_NONCREDIT_TRUAUDIENCE_PROD,"{""environment"":""Production"",""team"":""TruAudience""}"
TU_US_NONCREDIT_TRUAUDIENCE_PROD,TU_US_NONCREDIT_TRUAUDIENCE_PROD,2026-08-01,2026-09-01,Usage,2026-08-27,2026-08-28,0.014009,0.03,Snowflake,AWS_US_EAST_1,TU_US_NONCREDIT_TRUAUDIENCE_PROD,AUTO_CLUSTERING,AUTO_CLUSTERING,TU_US_NONCREDIT_TRUAUDIENCE_PROD,TU_US_NONCREDIT_TRUAUDIENCE_PROD,"{""environment"":""Production"",""team"":""TruAudience""}"
TU_US_NONCREDIT_TRUAUDIENCE_PROD,TU_US_NONCREDIT_TRUAUDIENCE_PROD,2026-08-01,2026-09-01,Usage,2026-08-27,2026-08-28,0.005799,0.01,Snowflake,AWS_US_EAST_1,TU_US_NONCREDIT_TRUAUDIENCE_PROD,COPY_FILES,COPY_FILES,TU_US_NONCREDIT_TRUAUDIENCE_PROD,TU_US_NONCREDIT_TRUAUDIENCE_PROD,"{""environment"":""Production"",""team"":""TruAudience""}"
TU_US_NONCREDIT_TRUAUDIENCE_PROD,TU_US_NONCREDIT_TRUAUDIENCE_PROD,2026-08-01,2026-09-01,Usage,2026-08-27,2026-08-28,0.001947,0.00,Snowflake,AWS_US_EAST_1,TU_US_NONCREDIT_TRUAUDIENCE_PROD,TELEMETRY_DATA_INGEST,TELEMETRY_DATA_INGEST,TU_US_NONCREDIT_TRUAUDIENCE_PROD,TU_US_NONCREDIT_TRUAUDIENCE_PROD,"{""environment"":""Production"",""team"":""TruAudience""}"
TU_US_NONCREDIT_TRUAUDIENCE_PROD,TU_US_NONCREDIT_TRUAUDIENCE_PROD,2026-08-01,2026-09-01,Usage,2026-08-26,2026-08-27,328.943092,792.22,Snowflake,AWS_US_EAST_1,TU_US_NONCREDIT_TRUAUDIENCE_PROD,WAREHOUSE_METERING,WAREHOUSE_METERING,TU_US_NONCREDIT_TRUAUDIENCE_PROD,TU_US_NONCREDIT_TRUAUDIENCE_PROD,"{""environment"":""Production"",""team"":""TruAudience""}"
TU_US_NONCREDIT_TRUAUDIENCE_PROD,TU_US_NONCREDIT_TRUAUDIENCE_PROD,2026-08-01,2026-09-01,Usage,2026-08-26,2026-08-27,17.771297,42.80,Snowflake,AWS_US_EAST_1,TU_US_NONCREDIT_TRUAUDIENCE_PROD,SERVERLESS_TASK,SERVERLESS_TASK,TU_US_NONCREDIT_TRUAUDIENCE_PROD,TU_US_NONCREDIT_TRUAUDIENCE_PROD,"{""environment"":""Production"",""team"":""TruAudience""}"
TU_US_NONCREDIT_TRUAUDIENCE_PROD,TU_US_NONCREDIT_TRUAUDIENCE_PROD,2026-08-01,2026-09-01,Usage,2026-08-26,2026-08-27,1.911566,4.60,Snowflake,AWS_US_EAST_1,TU_US_NONCREDIT_TRUAUDIENCE_PROD,TRUST_CENTER,TRUST_CENTER,TU_US_NONCREDIT_TRUAUDIENCE_PROD,TU_US_NONCREDIT_TRUAUDIENCE_PROD,"{""environment"":""Production"",""team"":""TruAudience""}"
TU_US_NONCREDIT_TRUAUDIENCE_PROD,TU_US_NONCREDIT_TRUAUDIENCE_PROD,2026-08-01,2026-09-01,Usage,2026-08-26,2026-08-27,0.010900,0.03,Snowflake,AWS_US_EAST_1,TU_US_NONCREDIT_TRUAUDIENCE_PROD,AUTO_CLUSTERING,AUTO_CLUSTERING,TU_US_NONCREDIT_TRUAUDIENCE_PROD,TU_US_NONCREDIT_TRUAUDIENCE_PROD,"{""environment"":""Production"",""team"":""TruAudience""}"
TU_US_NONCREDIT_TRUAUDIENCE_PROD,TU_US_NONCREDIT_TRUAUDIENCE_PROD,2026-08-01,2026-09-01,Usage,2026-08-26,2026-08-27,0.010816,0.03,Snowflake,AWS_US_EAST_1,TU_US_NONCREDIT_TRUAUDIENCE_PROD,COPY_FILES,COPY_FILES,TU_US_NONCREDIT_TRUAUDIENCE_PROD,TU_US_NONCREDIT_TRUAUDIENCE_PROD,"{""environment"":""Production"",""team"":""TruAudience""}"
TU_US_NONCREDIT_TRUAUDIENCE_PROD,TU_US_NONCREDIT_TRUAUDIENCE_PROD,2026-08-01,2026-09-01,Usage,2026-08-26,2026-08-27,0.000105,0.00,Snowflake,AWS_US_EAST_1,TU_US_NONCREDIT_TRUAUDIENCE_PROD,AI_INFERENCE,AI_INFERENCE,TU_US_NONCREDIT_TRUAUDIENCE_PROD,TU_US_NONCREDIT_TRUAUDIENCE_PROD,"{""environment"":""Production"",""team"":""TruAudience""}"
TU_US_NONCREDIT_TRUAUDIENCE_PROD,TU_US_NONCREDIT_TRUAUDIENCE_PROD,2026-08-01,2026-09-01,Usage,2026-08-26,2026-08-27,0.001995,0.00,Snowflake,AWS_US_EAST_1,TU_US_NONCREDIT_TRUAUDIENCE_PROD,TELEMETRY_DATA_INGEST,TELEMETRY_DATA_INGEST,TU_US_NONCREDIT_TRUAUDIENCE_PROD,TU_US_NONCREDIT_TRUAUDIENCE_PROD,"{""environment"":""Production"",""team"":""TruAudience""}"
TU_US_NONCREDIT_TRUAUDIENCE_PROD,TU_US_NONCREDIT_TRUAUDIENCE_PROD,2026-08-01,2026-09-01,Usage,2026-08-25,2026-08-26,213.954825,515.30,Snowflake,AWS_US_EAST_1,TU_US_NONCREDIT_TRUAUDIENCE_PROD,WAREHOUSE_METERING,WAREHOUSE_METERING,TU_US_NONCREDIT_TRUAUDIENCE_PROD,TU_US_NONCREDIT_TRUAUDIENCE_PROD,"{""environment"":""Production"",""team"":""TruAudience""}"
TU_US_NONCREDIT_TRUAUDIENCE_PROD,TU_US_NONCREDIT_TRUAUDIENCE_PROD,2026-08-01,2026-09-01,Usage,2026-08-25,2026-08-26,31.097462,74.90,Snowflake,AWS_US_EAST_1,TU_US_NONCREDIT_TRUAUDIENCE_PROD,SERVERLESS_TASK,SERVERLESS_TASK,TU_US_NONCREDIT_TRUAUDIENCE_PROD,TU_US_NONCREDIT_TRUAUDIENCE_PROD,"{""environment"":""Production"",""team"":""TruAudience""}"
TU_US_NONCREDIT_TRUAUDIENCE_PROD,TU_US_NONCREDIT_TRUAUDIENCE_PROD,2026-08-01,2026-09-01,Usage,2026-08-25,2026-08-26,1.958716,4.72,Snowflake,AWS_US_EAST_1,TU_US_NONCREDIT_TRUAUDIENCE_PROD,TRUST_CENTER,TRUST_CENTER,TU_US_NONCREDIT_TRUAUDIENCE_PROD,TU_US_NONCREDIT_TRUAUDIENCE_PROD,"{""environment"":""Production"",""team"":""TruAudience""}"
TU_US_NONCREDIT_TRUAUDIENCE_PROD,TU_US_NONCREDIT_TRUAUDIENCE_PROD,2026-08-01,2026-09-01,Usage,2026-08-25,2026-08-26,0.012243,0.03,Snowflake,AWS_US_EAST_1,TU_US_NONCREDIT_TRUAUDIENCE_PROD,AUTO_CLUSTERING,AUTO_CLUSTERING,TU_US_NONCREDIT_TRUAUDIENCE_PROD,TU_US_NONCREDIT_TRUAUDIENCE_PROD,"{""environment"":""Production"",""team"":""TruAudience""}"
TU_US_NONCREDIT_TRUAUDIENCE_PROD,TU_US_NONCREDIT_TRUAUDIENCE_PROD,2026-08-01,2026-09-01,Usage,2026-08-25,2026-08-26,0.008350,0.02,Snowflake,AWS_US_EAST_1,TU_US_NONCREDIT_TRUAUDIENCE_PROD,TELEMETRY_DATA_INGEST,TELEMETRY_DATA_INGEST,TU_US_NONCREDIT_TRUAUDIENCE_PROD,TU_US_NONCREDIT_TRUAUDIENCE_PROD,"{""environment"":""Production"",""team"":""TruAudience""}"
TU_US_NONCREDIT_TRUAUDIENCE_PROD,TU_US_NONCREDIT_TRUAUDIENCE_PROD,2026-08-01,2026-09-01,Usage,2026-08-25,2026-08-26,0.007971,0.02,Snowflake,AWS_US_EAST_1,TU_US_NONCREDIT_TRUAUDIENCE_PROD,COPY_FILES,COPY_FILES,TU_US_NONCREDIT_TRUAUDIENCE_PROD,TU_US_NONCREDIT_TRUAUDIENCE_PROD,"{""environment"":""Production"",""team"":""TruAudience""}"
TU_US_NONCREDIT_TRUAUDIENCE_PROD,TU_US_NONCREDIT_TRUAUDIENCE_PROD,2026-08-01,2026-09-01,Usage,2026-08-25,2026-08-26,0.000060,0.00,Snowflake,AWS_US_EAST_1,TU_US_NONCREDIT_TRUAUDIENCE_PROD,AI_INFERENCE,AI_INFERENCE,TU_US_NONCREDIT_TRUAUDIENCE_PROD,TU_US_NONCREDIT_TRUAUDIENCE_PROD,"{""environment"":""Production"",""team"":""TruAudience""}"
TU_US_NONCREDIT_TRUAUDIENCE_PROD,TU_US_NONCREDIT_TRUAUDIENCE_PROD,2026-08-01,2026-09-01,Usage,2026-08-24,2026-08-25,664.674566,1600.85,Snowflake,AWS_US_EAST_1,TU_US_NONCREDIT_TRUAUDIENCE_PROD,WAREHOUSE_METERING,WAREHOUSE_METERING,TU_US_NONCREDIT_TRUAUDIENCE_PROD,TU_US_NONCREDIT_TRUAUDIENCE_PROD,"{""environment"":""Production"",""team"":""TruAudience""}"
TU_US_NONCREDIT_TRUAUDIENCE_PROD,TU_US_NONCREDIT_TRUAUDIENCE_PROD,2026-08-01,2026-09-01,Usage,2026-08-24,2026-08-25,32.203262,77.56,Snowflake,AWS_US_EAST_1,TU_US_NONCREDIT_TRUAUDIENCE_PROD,SERVERLESS_TASK,SERVERLESS_TASK,TU_US_NONCREDIT_TRUAUDIENCE_PROD,TU_US_NONCREDIT_TRUAUDIENCE_PROD,"{""environment"":""Production"",""team"":""TruAudience""}"
TU_US_NONCREDIT_TRUAUDIENCE_PROD,TU_US_NONCREDIT_TRUAUDIENCE_PROD,2026-08-01,2026-09-01,Usage,2026-08-24,2026-08-25,2.131457,5.13,Snowflake,AWS_US_EAST_1,TU_US_NONCREDIT_TRUAUDIENCE_PROD,TRUST_CENTER,TRUST_CENTER,TU_US_NONCREDIT_TRUAUDIENCE_PROD,TU_US_NONCREDIT_TRUAUDIENCE_PROD,"{""environment"":""Production"",""team"":""TruAudience""}"
TU_US_NONCREDIT_TRUAUDIENCE_PROD,TU_US_NONCREDIT_TRUAUDIENCE_PROD,2026-08-01,2026-09-01,Usage,2026-08-24,2026-08-25,0.027509,0.07,Snowflake,AWS_US_EAST_1,TU_US_NONCREDIT_TRUAUDIENCE_PROD,AUTO_CLUSTERING,AUTO_CLUSTERING,TU_US_NONCREDIT_TRUAUDIENCE_PROD,TU_US_NONCREDIT_TRUAUDIENCE_PROD,"{""environment"":""Production"",""team"":""TruAudience""}"
TU_US_NONCREDIT_TRUAUDIENCE_PROD,TU_US_NONCREDIT_TRUAUDIENCE_PROD,2026-08-01,2026-09-01,Usage,2026-08-24,2026-08-25,0.021497,0.05,Snowflake,AWS_US_EAST_1,TU_US_NONCREDIT_TRUAUDIENCE_PROD,COPY_FILES,COPY_FILES,TU_US_NONCREDIT_TRUAUDIENCE_PROD,TU_US_NONCREDIT_TRUAUDIENCE_PROD,"{""environment"":""Production"",""team"":""TruAudience""}"
TU_US_NONCREDIT_TRUAUDIENCE_PROD,TU_US_NONCREDIT_TRUAUDIENCE_PROD,2026-08-01,2026-09-01,Usage,2026-08-24,2026-08-25,0.008417,0.02,Snowflake,AWS_US_EAST_1,TU_US_NONCREDIT_TRUAUDIENCE_PROD,TELEMETRY_DATA_INGEST,TELEMETRY_DATA_INGEST,TU_US_NONCREDIT_TRUAUDIENCE_PROD,TU_US_NONCREDIT_TRUAUDIENCE_PROD,"{""environment"":""Production"",""team"":""TruAudience""}"
TU_US_NONCREDIT_TRUAUDIENCE_PROD,TU_US_NONCREDIT_TRUAUDIENCE_PROD,2026-08-01,2026-09-01,Usage,2026-08-23,2026-08-24,414.006639,997.07,Snowflake,AWS_US_EAST_1,TU_US_NONCREDIT_TRUAUDIENCE_PROD,WAREHOUSE_METERING,WAREHOUSE_METERING,TU_US_NONCREDIT_TRUAUDIENCE_PROD,TU_US_NONCREDIT_TRUAUDIENCE_PROD,"{""environment"":""Production"",""team"":""TruAudience""}"
TU_US_NONCREDIT_TRUAUDIENCE_PROD,TU_US_NONCREDIT_TRUAUDIENCE_PROD,2026-08-01,2026-09-01,Usage,2026-08-23,2026-08-24,84.140133,202.65,Snowflake,AWS_US_EAST_1,TU_US_NONCREDIT_TRUAUDIENCE_PROD,AUTO_CLUSTERING,AUTO_CLUSTERING,TU_US_NONCREDIT_TRUAUDIENCE_PROD,TU_US_NONCREDIT_TRUAUDIENCE_PROD,"{""environment"":""Production"",""team"":""TruAudience""}"
TU_US_NONCREDIT_TRUAUDIENCE_PROD,TU_US_NONCREDIT_TRUAUDIENCE_PROD,2026-08-01,2026-09-01,Usage,2026-08-23,2026-08-24,27.474739,66.17,Snowflake,AWS_US_EAST_1,TU_US_NONCREDIT_TRUAUDIENCE_PROD,SERVERLESS_TASK,SERVERLESS_TASK,TU_US_NONCREDIT_TRUAUDIENCE_PROD,TU_US_NONCREDIT_TRUAUDIENCE_PROD,"{""environment"":""Production"",""team"":""TruAudience""}"
TU_US_NONCREDIT_TRUAUDIENCE_PROD,TU_US_NONCREDIT_TRUAUDIENCE_PROD,2026-08-01,2026-09-01,Usage,2026-08-23,2026-08-24,2.070499,4.99,Snowflake,AWS_US_EAST_1,TU_US_NONCREDIT_TRUAUDIENCE_PROD,TRUST_CENTER,TRUST_CENTER,TU_US_NONCREDIT_TRUAUDIENCE_PROD,TU_US_NONCREDIT_TRUAUDIENCE_PROD,"{""environment"":""Production"",""team"":""TruAudience""}"
TU_US_NONCREDIT_TRUAUDIENCE_PROD,TU_US_NONCREDIT_TRUAUDIENCE_PROD,2026-08-01,2026-09-01,Usage,2026-08-23,2026-08-24,0.031118,0.07,Snowflake,AWS_US_EAST_1,TU_US_NONCREDIT_TRUAUDIENCE_PROD,COPY_FILES,COPY_FILES,TU_US_NONCREDIT_TRUAUDIENCE_PROD,TU_US_NONCREDIT_TRUAUDIENCE_PROD,"{""environment"":""Production"",""team"":""TruAudience""}"
TU_US_NONCREDIT_TRUAUDIENCE_PROD,TU_US_NONCREDIT_TRUAUDIENCE_PROD,2026-08-01,2026-09-01,Usage,2026-08-23,2026-08-24,0.000430,0.00,Snowflake,AWS_US_EAST_1,TU_US_NONCREDIT_TRUAUDIENCE_PROD,AI_INFERENCE,AI_INFERENCE,TU_US_NONCREDIT_TRUAUDIENCE_PROD,TU_US_NONCREDIT_TRUAUDIENCE_PROD,"{""environment"":""Production"",""team"":""TruAudience""}"
TU_US_NONCREDIT_TRUAUDIENCE_PROD,TU_US_NONCREDIT_TRUAUDIENCE_PROD,2026-08-01,2026-09-01,Usage,2026-08-23,2026-08-24,0.000111,0.00,Snowflake,AWS_US_EAST_1,TU_US_NONCREDIT_TRUAUDIENCE_PROD,PIPE,PIPE,TU_US_NONCREDIT_TRUAUDIENCE_PROD,TU_US_NONCREDIT_TRUAUDIENCE_PROD,"{""environment"":""Production"",""team"":""TruAudience""}"
TU_US_NONCREDIT_TRUAUDIENCE_PROD,TU_US_NONCREDIT_TRUAUDIENCE_PROD,2026-08-01,2026-09-01,Usage,2026-08-23,2026-08-24,0.002074,0.00,Snowflake,AWS_US_EAST_1,TU_US_NONCREDIT_TRUAUDIENCE_PROD,TELEMETRY_DATA_INGEST,TELEMETRY_DATA_INGEST,TU_US_NONCREDIT_TRUAUDIENCE_PROD,TU_US_NONCREDIT_TRUAUDIENCE_PROD,"{""environment"":""Production"",""team"":""TruAudience""}"
TU_US_NONCREDIT_TRUAUDIENCE_PROD,TU_US_NONCREDIT_TRUAUDIENCE_PROD,2026-08-01,2026-09-01,Usage,2026-08-22,2026-08-23,363.229746,874.79,Snowflake,AWS_US_EAST_1,TU_US_NONCREDIT_TRUAUDIENCE_PROD,WAREHOUSE_METERING,WAREHOUSE_METERING,TU_US_NONCREDIT_TRUAUDIENCE_PROD,TU_US_NONCREDIT_TRUAUDIENCE_PROD,"{""environment"":""Production"",""team"":""TruAudience""}"
TU_US_NONCREDIT_TRUAUDIENCE_PROD,TU_US_NONCREDIT_TRUAUDIENCE_PROD,2026-08-01,2026-09-01,Usage,2026-08-22,2026-08-23,28.146202,67.79,Snowflake,AWS_US_EAST_1,TU_US_NONCREDIT_TRUAUDIENCE_PROD,SERVERLESS_TASK,SERVERLESS_TASK,TU_US_NONCREDIT_TRUAUDIENCE_PROD,TU_US_NONCREDIT_TRUAUDIENCE_PROD,"{""environment"":""Production"",""team"":""TruAudience""}"
TU_US_NONCREDIT_TRUAUDIENCE_PROD,TU_US_NONCREDIT_TRUAUDIENCE_PROD,2026-08-01,2026-09-01,Usage,2026-08-22,2026-08-23,2.866644,6.90,Snowflake,AWS_US_EAST_1,TU_US_NONCREDIT_TRUAUDIENCE_PROD,AUTO_CLUSTERING,AUTO_CLUSTERING,TU_US_NONCREDIT_TRUAUDIENCE_PROD,TU_US_NONCREDIT_TRUAUDIENCE_PROD,"{""environment"":""Production"",""team"":""TruAudience""}"
TU_US_NONCREDIT_TRUAUDIENCE_PROD,TU_US_NONCREDIT_TRUAUDIENCE_PROD,2026-08-01,2026-09-01,Usage,2026-08-22,2026-08-23,1.879582,4.53,Snowflake,AWS_US_EAST_1,TU_US_NONCREDIT_TRUAUDIENCE_PROD,TRUST_CENTER,TRUST_CENTER,TU_US_NONCREDIT_TRUAUDIENCE_PROD,TU_US_NONCREDIT_TRUAUDIENCE_PROD,"{""environment"":""Production"",""team"":""TruAudience""}"
TU_US_NONCREDIT_TRUAUDIENCE_PROD,TU_US_NONCREDIT_TRUAUDIENCE_PROD,2026-08-01,2026-09-01,Usage,2026-08-22,2026-08-23,0.041987,0.10,Snowflake,AWS_US_EAST_1,TU_US_NONCREDIT_TRUAUDIENCE_PROD,COPY_FILES,COPY_FILES,TU_US_NONCREDIT_TRUAUDIENCE_PROD,TU_US_NONCREDIT_TRUAUDIENCE_PROD,"{""environment"":""Production"",""team"":""TruAudience""}"
TU_US_NONCREDIT_TRUAUDIENCE_PROD,TU_US_NONCREDIT_TRUAUDIENCE_PROD,2026-08-01,2026-09-01,Usage,2026-08-22,2026-08-23,0.002094,0.01,Snowflake,AWS_US_EAST_1,TU_US_NONCREDIT_TRUAUDIENCE_PROD,TELEMETRY_DATA_INGEST,TELEMETRY_DATA_INGEST,TU_US_NONCREDIT_TRUAUDIENCE_PROD,TU_US_NONCREDIT_TRUAUDIENCE_PROD,"{""environment"":""Production"",""team"":""TruAudience""}"
TU_US_NONCREDIT_TRUAUDIENCE_PROD,TU_US_NONCREDIT_TRUAUDIENCE_PROD,2026-08-01,2026-09-01,Usage,2026-08-22,2026-08-23,0.000224,0.00,Snowflake,AWS_US_EAST_1,TU_US_NONCREDIT_TRUAUDIENCE_PROD,AI_INFERENCE,AI_INFERENCE,TU_US_NONCREDIT_TRUAUDIENCE_PROD,TU_US_NONCREDIT_TRUAUDIENCE_PROD,"{""environment"":""Production"",""team"":""TruAudience""}"
TU_US_NONCREDIT_TRUAUDIENCE_PROD,TU_US_NONCREDIT_TRUAUDIENCE_PROD,2026-08-01,2026-09-01,Usage,2026-08-21,2026-08-22,310.549036,747.93,Snowflake,AWS_US_EAST_1,TU_US_NONCREDIT_TRUAUDIENCE_PROD,WAREHOUSE_METERING,WAREHOUSE_METERING,TU_US_NONCREDIT_TRUAUDIENCE_PROD,TU_US_NONCREDIT_TRUAUDIENCE_PROD,"{""environment"":""Production"",""team"":""TruAudience""}"
TU_US_NONCREDIT_TRUAUDIENCE_PROD,TU_US_NONCREDIT_TRUAUDIENCE_PROD,2026-08-01,2026-09-01,Usage,2026-08-21,2026-08-22,25.927909,62.44,Snowflake,AWS_US_EAST_1,TU_US_NONCREDIT_TRUAUDIENCE_PROD,SERVERLESS_TASK,SERVERLESS_TASK,TU_US_NONCREDIT_TRUAUDIENCE_PROD,TU_US_NONCREDIT_TRUAUDIENCE_PROD,"{""environment"":""Production"",""team"":""TruAudience""}"
TU_US_NONCREDIT_TRUAUDIENCE_PROD,TU_US_NONCREDIT_TRUAUDIENCE_PROD,2026-08-01,2026-09-01,Usage,2026-08-21,2026-08-22,1.596418,3.84,Snowflake,AWS_US_EAST_1,TU_US_NONCREDIT_TRUAUDIENCE_PROD,TRUST_CENTER,TRUST_CENTER,TU_US_NONCREDIT_TRUAUDIENCE_PROD,TU_US_NONCREDIT_TRUAUDIENCE_PROD,"{""environment"":""Production"",""team"":""TruAudience""}"
TU_US_NONCREDIT_TRUAUDIENCE_PROD,TU_US_NONCREDIT_TRUAUDIENCE_PROD,2026-08-01,2026-09-01,Usage,2026-08-21,2026-08-22,0.012942,0.03,Snowflake,AWS_US_EAST_1,TU_US_NONCREDIT_TRUAUDIENCE_PROD,AUTO_CLUSTERING,AUTO_CLUSTERING,TU_US_NONCREDIT_TRUAUDIENCE_PROD,TU_US_NONCREDIT_TRUAUDIENCE_PROD,"{""environment"":""Production"",""team"":""TruAudience""}"
TU_US_NONCREDIT_TRUAUDIENCE_PROD,TU_US_NONCREDIT_TRUAUDIENCE_PROD,2026-08-01,2026-09-01,Usage,2026-08-21,2026-08-22,0.002049,0.00,Snowflake,AWS_US_EAST_1,TU_US_NONCREDIT_TRUAUDIENCE_PROD,TELEMETRY_DATA_INGEST,TELEMETRY_DATA_INGEST,TU_US_NONCREDIT_TRUAUDIENCE_PROD,TU_US_NONCREDIT_TRUAUDIENCE_PROD,"{""environment"":""Production"",""team"":""TruAudience""}"
TU_US_NONCREDIT_TRUAUDIENCE_PROD,TU_US_NONCREDIT_TRUAUDIENCE_PROD,2026-08-01,2026-09-01,Usage,2026-08-20,2026-08-21,170.407770,410.43,Snowflake,AWS_US_EAST_1,TU_US_NONCREDIT_TRUAUDIENCE_PROD,WAREHOUSE_METERING,WAREHOUSE_METERING,TU_US_NONCREDIT_TRUAUDIENCE_PROD,TU_US_NONCREDIT_TRUAUDIENCE_PROD,"{""environment"":""Production"",""team"":""TruAudience""}"
TU_US_NONCREDIT_TRUAUDIENCE_PROD,TU_US_NONCREDIT_TRUAUDIENCE_PROD,2026-08-01,2026-09-01,Usage,2026-08-20,2026-08-21,26.346342,63.45,Snowflake,AWS_US_EAST_1,TU_US_NONCREDIT_TRUAUDIENCE_PROD,SERVERLESS_TASK,SERVERLESS_TASK,TU_US_NONCREDIT_TRUAUDIENCE_PROD,TU_US_NONCREDIT_TRUAUDIENCE_PROD,"{""environment"":""Production"",""team"":""TruAudience""}"
TU_US_NONCREDIT_TRUAUDIENCE_PROD,TU_US_NONCREDIT_TRUAUDIENCE_PROD,2026-08-01,2026-09-01,Usage,2026-08-20,2026-08-21,1.718131,4.14,Snowflake,AWS_US_EAST_1,TU_US_NONCREDIT_TRUAUDIENCE_PROD,TRUST_CENTER,TRUST_CENTER,TU_US_NONCREDIT_TRUAUDIENCE_PROD,TU_US_NONCREDIT_TRUAUDIENCE_PROD,"{""environment"":""Production"",""team"":""TruAudience""}"
TU_US_NONCREDIT_TRUAUDIENCE_PROD,TU_US_NONCREDIT_TRUAUDIENCE_PROD,2026-08-01,2026-09-01,Usage,2026-08-20,2026-08-21,1.567162,3.77,Snowflake,AWS_US_EAST_1,TU_US_NONCREDIT_TRUAUDIENCE_PROD,PIPE,PIPE,TU_US_NONCREDIT_TRUAUDIENCE_PROD,TU_US_NONCREDIT_TRUAUDIENCE_PROD,"{""environment"":""Production"",""team"":""TruAudience""}"
TU_US_NONCREDIT_TRUAUDIENCE_PROD,TU_US_NONCREDIT_TRUAUDIENCE_PROD,2026-08-01,2026-09-01,Usage,2026-08-20,2026-08-21,0.012055,0.03,Snowflake,AWS_US_EAST_1,TU_US_NONCREDIT_TRUAUDIENCE_PROD,AUTO_CLUSTERING,AUTO_CLUSTERING,TU_US_NONCREDIT_TRUAUDIENCE_PROD,TU_US_NONCREDIT_TRUAUDIENCE_PROD,"{""environment"":""Production"",""team"":""TruAudience""}"
TU_US_NONCREDIT_TRUAUDIENCE_PROD,TU_US_NONCREDIT_TRUAUDIENCE_PROD,2026-08-01,2026-09-01,Usage,2026-08-20,2026-08-21,0.002055,0.00,Snowflake,AWS_US_EAST_1,TU_US_NONCREDIT_TRUAUDIENCE_PROD,TELEMETRY_DATA_INGEST,TELEMETRY_DATA_INGEST,TU_US_NONCREDIT_TRUAUDIENCE_PROD,TU_US_NONCREDIT_TRUAUDIENCE_PROD,"{""environment"":""Production"",""team"":""TruAudience""}"
TU_US_NONCREDIT_TRUAUDIENCE_PROD,TU_US_NONCREDIT_TRUAUDIENCE_PROD,2026-08-01,2026-09-01,Usage,2026-08-19,2026-08-20,766.637015,1846.34,Snowflake,AWS_US_EAST_1,TU_US_NONCREDIT_TRUAUDIENCE_PROD,WAREHOUSE_METERING,WAREHOUSE_METERING,TU_US_NONCREDIT_TRUAUDIENCE_PROD,TU_US_NONCREDIT_TRUAUDIENCE_PROD,"{""environment"":""Production"",""team"":""TruAudience""}"
TU_US_NONCREDIT_TRUAUDIENCE_PROD,TU_US_NONCREDIT_TRUAUDIENCE_PROD,2026-08-01,2026-09-01,Usage,2026-08-19,2026-08-20,24.644643,59.35,Snowflake,AWS_US_EAST_1,TU_US_NONCREDIT_TRUAUDIENCE_PROD,SERVERLESS_TASK,SERVERLESS_TASK,TU_US_NONCREDIT_TRUAUDIENCE_PROD,TU_US_NONCREDIT_TRUAUDIENCE_PROD,"{""environment"":""Production"",""team"":""TruAudience""}"
TU_US_NONCREDIT_TRUAUDIENCE_PROD,TU_US_NONCREDIT_TRUAUDIENCE_PROD,2026-08-01,2026-09-01,Usage,2026-08-19,2026-08-20,1.883498,4.54,Snowflake,AWS_US_EAST_1,TU_US_NONCREDIT_TRUAUDIENCE_PROD,TRUST_CENTER,TRUST_CENTER,TU_US_NONCREDIT_TRUAUDIENCE_PROD,TU_US_NONCREDIT_TRUAUDIENCE_PROD,"{""environment"":""Production"",""team"":""TruAudience""}"
TU_US_NONCREDIT_TRUAUDIENCE_PROD,TU_US_NONCREDIT_TRUAUDIENCE_PROD,2026-08-01,2026-09-01,Usage,2026-08-19,2026-08-20,0.014089,0.03,Snowflake,AWS_US_EAST_1,TU_US_NONCREDIT_TRUAUDIENCE_PROD,AUTO_CLUSTERING,AUTO_CLUSTERING,TU_US_NONCREDIT_TRUAUDIENCE_PROD,TU_US_NONCREDIT_TRUAUDIENCE_PROD,"{""environment"":""Production"",""team"":""TruAudience""}"
TU_US_NONCREDIT_TRUAUDIENCE_PROD,TU_US_NONCREDIT_TRUAUDIENCE_PROD,2026-08-01,2026-09-01,Usage,2026-08-19,2026-08-20,0.010567,0.03,Snowflake,AWS_US_EAST_1,TU_US_NONCREDIT_TRUAUDIENCE_PROD,COPY_FILES,COPY_FILES,TU_US_NONCREDIT_TRUAUDIENCE_PROD,TU_US_NONCREDIT_TRUAUDIENCE_PROD,"{""environment"":""Production"",""team"":""TruAudience""}"
TU_US_NONCREDIT_TRUAUDIENCE_PROD,TU_US_NONCREDIT_TRUAUDIENCE_PROD,2026-08-01,2026-09-01,Usage,2026-08-19,2026-08-20,0.002087,0.01,Snowflake,AWS_US_EAST_1,TU_US_NONCREDIT_TRUAUDIENCE_PROD,TELEMETRY_DATA_INGEST,TELEMETRY_DATA_INGEST,TU_US_NONCREDIT_TRUAUDIENCE_PROD,TU_US_NONCREDIT_TRUAUDIENCE_PROD,"{""environment"":""Production"",""team"":""TruAudience""}"
TU_US_NONCREDIT_TRUAUDIENCE_PROD,TU_US_NONCREDIT_TRUAUDIENCE_PROD,2026-08-01,2026-09-01,Usage,2026-08-18,2026-08-19,289.099384,696.28,Snowflake,AWS_US_EAST_1,TU_US_NONCREDIT_TRUAUDIENCE_PROD,WAREHOUSE_METERING,WAREHOUSE_METERING,TU_US_NONCREDIT_TRUAUDIENCE_PROD,TU_US_NONCREDIT_TRUAUDIENCE_PROD,"{""environment"":""Production"",""team"":""TruAudience""}"
TU_US_NONCREDIT_TRUAUDIENCE_PROD,TU_US_NONCREDIT_TRUAUDIENCE_PROD,2026-08-01,2026-09-01,Usage,2026-08-18,2026-08-19,31.579725,76.06,Snowflake,AWS_US_EAST_1,TU_US_NONCREDIT_TRUAUDIENCE_PROD,SERVERLESS_TASK,SERVERLESS_TASK,TU_US_NONCREDIT_TRUAUDIENCE_PROD,TU_US_NONCREDIT_TRUAUDIENCE_PROD,"{""environment"":""Production"",""team"":""TruAudience""}"
TU_US_NONCREDIT_TRUAUDIENCE_PROD,TU_US_NONCREDIT_TRUAUDIENCE_PROD,2026-08-01,2026-09-01,Usage,2026-08-18,2026-08-19,3.086346,7.43,Snowflake,AWS_US_EAST_1,TU_US_NONCREDIT_TRUAUDIENCE_PROD,AUTO_CLUSTERING,AUTO_CLUSTERING,TU_US_NONCREDIT_TRUAUDIENCE_PROD,TU_US_NONCREDIT_TRUAUDIENCE_PROD,"{""environment"":""Production"",""team"":""TruAudience""}"
TU_US_NONCREDIT_TRUAUDIENCE_PROD,TU_US_NONCREDIT_TRUAUDIENCE_PROD,2026-08-01,2026-09-01,Usage,2026-08-18,2026-08-19,1.878627,4.52,Snowflake,AWS_US_EAST_1,TU_US_NONCREDIT_TRUAUDIENCE_PROD,TRUST_CENTER,TRUST_CENTER,TU_US_NONCREDIT_TRUAUDIENCE_PROD,TU_US_NONCREDIT_TRUAUDIENCE_PROD,"{""environment"":""Production"",""team"":""TruAudience""}"
TU_US_NONCREDIT_TRUAUDIENCE_PROD,TU_US_NONCREDIT_TRUAUDIENCE_PROD,2026-08-01,2026-09-01,Usage,2026-08-18,2026-08-19,0.013840,0.03,Snowflake,AWS_US_EAST_1,TU_US_NONCREDIT_TRUAUDIENCE_PROD,COPY_FILES,COPY_FILES,TU_US_NONCREDIT_TRUAUDIENCE_PROD,TU_US_NONCREDIT_TRUAUDIENCE_PROD,"{""environment"":""Production"",""team"":""TruAudience""}"
TU_US_NONCREDIT_TRUAUDIENCE_PROD,TU_US_NONCREDIT_TRUAUDIENCE_PROD,2026-08-01,2026-09-01,Usage,2026-08-18,2026-08-19,0.002175,0.01,Snowflake,AWS_US_EAST_1,TU_US_NONCREDIT_TRUAUDIENCE_PROD,TELEMETRY_DATA_INGEST,TELEMETRY_DATA_INGEST,TU_US_NONCREDIT_TRUAUDIENCE_PROD,TU_US_NONCREDIT_TRUAUDIENCE_PROD,"{""environment"":""Production"",""team"":""TruAudience""}"
TU_US_NONCREDIT_TRUAUDIENCE_PROD,TU_US_NONCREDIT_TRUAUDIENCE_PROD,2026-08-01,2026-09-01,Usage,2026-08-18,2026-08-19,0.000222,0.00,Snowflake,AWS_US_EAST_1,TU_US_NONCREDIT_TRUAUDIENCE_PROD,AI_INFERENCE,AI_INFERENCE,TU_US_NONCREDIT_TRUAUDIENCE_PROD,TU_US_NONCREDIT_TRUAUDIENCE_PROD,"{""environment"":""Production"",""team"":""TruAudience""}"
TU_US_NONCREDIT_TRUAUDIENCE_PROD,TU_US_NONCREDIT_TRUAUDIENCE_PROD,2026-08-01,2026-09-01,Usage,2026-08-17,2026-08-18,438.639143,1056.45,Snowflake,AWS_US_EAST_1,TU_US_NONCREDIT_TRUAUDIENCE_PROD,WAREHOUSE_METERING,WAREHOUSE_METERING,TU_US_NONCREDIT_TRUAUDIENCE_PROD,TU_US_NONCREDIT_TRUAUDIENCE_PROD,"{""environment"":""Production"",""team"":""TruAudience""}"
TU_US_NONCREDIT_TRUAUDIENCE_PROD,TU_US_NONCREDIT_TRUAUDIENCE_PROD,2026-08-01,2026-09-01,Usage,2026-08-17,2026-08-18,35.282965,84.98,Snowflake,AWS_US_EAST_1,TU_US_NONCREDIT_TRUAUDIENCE_PROD,AUTO_CLUSTERING,AUTO_CLUSTERING,TU_US_NONCREDIT_TRUAUDIENCE_PROD,TU_US_NONCREDIT_TRUAUDIENCE_PROD,"{""environment"":""Production"",""team"":""TruAudience""}"
TU_US_NONCREDIT_TRUAUDIENCE_PROD,TU_US_NONCREDIT_TRUAUDIENCE_PROD,2026-08-01,2026-09-01,Usage,2026-08-17,2026-08-18,26.537135,63.91,Snowflake,AWS_US_EAST_1,TU_US_NONCREDIT_TRUAUDIENCE_PROD,SERVERLESS_TASK,SERVERLESS_TASK,TU_US_NONCREDIT_TRUAUDIENCE_PROD,TU_US_NONCREDIT_TRUAUDIENCE_PROD,"{""environment"":""Production"",""team"":""TruAudience""}"
TU_US_NONCREDIT_TRUAUDIENCE_PROD,TU_US_NONCREDIT_TRUAUDIENCE_PROD,2026-08-01,2026-09-01,Usage,2026-08-17,2026-08-18,1.835408,4.42,Snowflake,AWS_US_EAST_1,TU_US_NONCREDIT_TRUAUDIENCE_PROD,TRUST_CENTER,TRUST_CENTER,TU_US_NONCREDIT_TRUAUDIENCE_PROD,TU_US_NONCREDIT_TRUAUDIENCE_PROD,"{""environment"":""Production"",""team"":""TruAudience""}"
TU_US_NONCREDIT_TRUAUDIENCE_PROD,TU_US_NONCREDIT_TRUAUDIENCE_PROD,2026-08-01,2026-09-01,Usage,2026-08-17,2026-08-18,0.024298,0.06,Snowflake,AWS_US_EAST_1,TU_US_NONCREDIT_TRUAUDIENCE_PROD,COPY_FILES,COPY_FILES,TU_US_NONCREDIT_TRUAUDIENCE_PROD,TU_US_NONCREDIT_TRUAUDIENCE_PROD,"{""environment"":""Production"",""team"":""TruAudience""}"
TU_US_NONCREDIT_TRUAUDIENCE_PROD,TU_US_NONCREDIT_TRUAUDIENCE_PROD,2026-08-01,2026-09-01,Usage,2026-08-17,2026-08-18,0.002126,0.01,Snowflake,AWS_US_EAST_1,TU_US_NONCREDIT_TRUAUDIENCE_PROD,TELEMETRY_DATA_INGEST,TELEMETRY_DATA_INGEST,TU_US_NONCREDIT_TRUAUDIENCE_PROD,TU_US_NONCREDIT_TRUAUDIENCE_PROD,"{""environment"":""Production"",""team"":""TruAudience""}"
TU_US_NONCREDIT_TRUAUDIENCE_PROD,TU_US_NONCREDIT_TRUAUDIENCE_PROD,2026-08-01,2026-09-01,Usage,2026-08-17,2026-08-18,0.000175,0.00,Snowflake,AWS_US_EAST_1,TU_US_NONCREDIT_TRUAUDIENCE_PROD,AI_INFERENCE,AI_INFERENCE,TU_US_NONCREDIT_TRUAUDIENCE_PROD,TU_US_NONCREDIT_TRUAUDIENCE_PROD,"{""environment"":""Production"",""team"":""TruAudience""}"
TU_US_NONCREDIT_TRUAUDIENCE_PROD,TU_US_NONCREDIT_TRUAUDIENCE_PROD,2026-08-01,2026-09-01,Usage,2026-08-16,2026-08-17,336.867457,811.35,Snowflake,AWS_US_EAST_1,TU_US_NONCREDIT_TRUAUDIENCE_PROD,WAREHOUSE_METERING,WAREHOUSE_METERING,TU_US_NONCREDIT_TRUAUDIENCE_PROD,TU_US_NONCREDIT_TRUAUDIENCE_PROD,"{""environment"":""Production"",""team"":""TruAudience""}"
TU_US_NONCREDIT_TRUAUDIENCE_PROD,TU_US_NONCREDIT_TRUAUDIENCE_PROD,2026-08-01,2026-09-01,Usage,2026-08-16,2026-08-17,26.665398,64.22,Snowflake,AWS_US_EAST_1,TU_US_NONCREDIT_TRUAUDIENCE_PROD,SERVERLESS_TASK,SERVERLESS_TASK,TU_US_NONCREDIT_TRUAUDIENCE_PROD,TU_US_NONCREDIT_TRUAUDIENCE_PROD,"{""environment"":""Production"",""team"":""TruAudience""}"
TU_US_NONCREDIT_TRUAUDIENCE_PROD,TU_US_NONCREDIT_TRUAUDIENCE_PROD,2026-08-01,2026-09-01,Usage,2026-08-16,2026-08-17,1.743854,4.20,Snowflake,AWS_US_EAST_1,TU_US_NONCREDIT_TRUAUDIENCE_PROD,TRUST_CENTER,TRUST_CENTER,TU_US_NONCREDIT_TRUAUDIENCE_PROD,TU_US_NONCREDIT_TRUAUDIENCE_PROD,"{""environment"":""Production"",""team"":""TruAudience""}"
TU_US_NONCREDIT_TRUAUDIENCE_PROD,TU_US_NONCREDIT_TRUAUDIENCE_PROD,2026-08-01,2026-09-01,Usage,2026-08-16,2026-08-17,0.018961,0.05,Snowflake,AWS_US_EAST_1,TU_US_NONCREDIT_TRUAUDIENCE_PROD,AUTO_CLUSTERING,AUTO_CLUSTERING,TU_US_NONCREDIT_TRUAUDIENCE_PROD,TU_US_NONCREDIT_TRUAUDIENCE_PROD,"{""environment"":""Production"",""team"":""TruAudience""}"
TU_US_NONCREDIT_TRUAUDIENCE_PROD,TU_US_NONCREDIT_TRUAUDIENCE_PROD,2026-08-01,2026-09-01,Usage,2026-08-16,2026-08-17,0.002203,0.01,Snowflake,AWS_US_EAST_1,TU_US_NONCREDIT_TRUAUDIENCE_PROD,TELEMETRY_DATA_INGEST,TELEMETRY_DATA_INGEST,TU_US_NONCREDIT_TRUAUDIENCE_PROD,TU_US_NONCREDIT_TRUAUDIENCE_PROD,"{""environment"":""Production"",""team"":""TruAudience""}"
TU_US_NONCREDIT_TRUAUDIENCE_PROD,TU_US_NONCREDIT_TRUAUDIENCE_PROD,2026-08-01,2026-09-01,Usage,2026-08-16,2026-08-17,0.006074,0.01,Snowflake,AWS_US_EAST_1,TU_US_NONCREDIT_TRUAUDIENCE_PROD,COPY_FILES,COPY_FILES,TU_US_NONCREDIT_TRUAUDIENCE_PROD,TU_US_NONCREDIT_TRUAUDIENCE_PROD,"{""environment"":""Production"",""team"":""TruAudience""}"
TU_US_NONCREDIT_TRUAUDIENCE_PROD,TU_US_NONCREDIT_TRUAUDIENCE_PROD,2026-08-01,2026-09-01,Usage,2026-08-16,2026-08-17,0.000181,0.00,Snowflake,AWS_US_EAST_1,TU_US_NONCREDIT_TRUAUDIENCE_PROD,AI_INFERENCE,AI_INFERENCE,TU_US_NONCREDIT_TRUAUDIENCE_PROD,TU_US_NONCREDIT_TRUAUDIENCE_PROD,"{""environment"":""Production"",""team"":""TruAudience""}"
TU_US_NONCREDIT_TRUAUDIENCE_PROD,TU_US_NONCREDIT_TRUAUDIENCE_PROD,2026-08-01,2026-09-01,Usage,2026-08-15,2026-08-16,245.182253,590.49,Snowflake,AWS_US_EAST_1,TU_US_NONCREDIT_TRUAUDIENCE_PROD,WAREHOUSE_METERING,WAREHOUSE_METERING,TU_US_NONCREDIT_TRUAUDIENCE_PROD,TU_US_NONCREDIT_TRUAUDIENCE_PROD,"{""environment"":""Production"",""team"":""TruAudience""}"
TU_US_NONCREDIT_TRUAUDIENCE_PROD,TU_US_NONCREDIT_TRUAUDIENCE_PROD,2026-08-01,2026-09-01,Usage,2026-08-15,2026-08-16,24.711177,59.51,Snowflake,AWS_US_EAST_1,TU_US_NONCREDIT_TRUAUDIENCE_PROD,SERVERLESS_TASK,SERVERLESS_TASK,TU_US_NONCREDIT_TRUAUDIENCE_PROD,TU_US_NONCREDIT_TRUAUDIENCE_PROD,"{""environment"":""Production"",""team"":""TruAudience""}"
TU_US_NONCREDIT_TRUAUDIENCE_PROD,TU_US_NONCREDIT_TRUAUDIENCE_PROD,2026-08-01,2026-09-01,Usage,2026-08-15,2026-08-16,1.732005,4.17,Snowflake,AWS_US_EAST_1,TU_US_NONCREDIT_TRUAUDIENCE_PROD,TRUST_CENTER,TRUST_CENTER,TU_US_NONCREDIT_TRUAUDIENCE_PROD,TU_US_NONCREDIT_TRUAUDIENCE_PROD,"{""environment"":""Production"",""team"":""TruAudience""}"
TU_US_NONCREDIT_TRUAUDIENCE_PROD,TU_US_NONCREDIT_TRUAUDIENCE_PROD,2026-08-01,2026-09-01,Usage,2026-08-15,2026-08-16,0.133930,0.32,Snowflake,AWS_US_EAST_1,TU_US_NONCREDIT_TRUAUDIENCE_PROD,QUERY_ACCELERATION,QUERY_ACCELERATION,TU_US_NONCREDIT_TRUAUDIENCE_PROD,TU_US_NONCREDIT_TRUAUDIENCE_PROD,"{""environment"":""Production"",""team"":""TruAudience""}"
TU_US_NONCREDIT_TRUAUDIENCE_PROD,TU_US_NONCREDIT_TRUAUDIENCE_PROD,2026-08-01,2026-09-01,Usage,2026-08-15,2026-08-16,0.013615,0.03,Snowflake,AWS_US_EAST_1,TU_US_NONCREDIT_TRUAUDIENCE_PROD,AUTO_CLUSTERING,AUTO_CLUSTERING,TU_US_NONCREDIT_TRUAUDIENCE_PROD,TU_US_NONCREDIT_TRUAUDIENCE_PROD,"{""environment"":""Production"",""team"":""TruAudience""}"
TU_US_NONCREDIT_TRUAUDIENCE_PROD,TU_US_NONCREDIT_TRUAUDIENCE_PROD,2026-08-01,2026-09-01,Usage,2026-08-15,2026-08-16,0.008534,0.02,Snowflake,AWS_US_EAST_1,TU_US_NONCREDIT_TRUAUDIENCE_PROD,COPY_FILES,COPY_FILES,TU_US_NONCREDIT_TRUAUDIENCE_PROD,TU_US_NONCREDIT_TRUAUDIENCE_PROD,"{""environment"":""Production"",""team"":""TruAudience""}"
TU_US_NONCREDIT_TRUAUDIENCE_PROD,TU_US_NONCREDIT_TRUAUDIENCE_PROD,2026-08-01,2026-09-01,Usage,2026-08-15,2026-08-16,0.002125,0.01,Snowflake,AWS_US_EAST_1,TU_US_NONCREDIT_TRUAUDIENCE_PROD,TELEMETRY_DATA_INGEST,TELEMETRY_DATA_INGEST,TU_US_NONCREDIT_TRUAUDIENCE_PROD,TU_US_NONCREDIT_TRUAUDIENCE_PROD,"{""environment"":""Production"",""team"":""TruAudience""}"
TU_US_NONCREDIT_TRUAUDIENCE_PROD,TU_US_NONCREDIT_TRUAUDIENCE_PROD,2026-08-01,2026-09-01,Usage,2026-08-14,2026-08-15,72.149027,173.76,Snowflake,AWS_US_EAST_1,TU_US_NONCREDIT_TRUAUDIENCE_PROD,WAREHOUSE_METERING,WAREHOUSE_METERING,TU_US_NONCREDIT_TRUAUDIENCE_PROD,TU_US_NONCREDIT_TRUAUDIENCE_PROD,"{""environment"":""Production"",""team"":""TruAudience""}"
TU_US_NONCREDIT_TRUAUDIENCE_PROD,TU_US_NONCREDIT_TRUAUDIENCE_PROD,2026-08-01,2026-09-01,Usage,2026-08-14,2026-08-15,24.936535,60.06,Snowflake,AWS_US_EAST_1,TU_US_NONCREDIT_TRUAUDIENCE_PROD,SERVERLESS_TASK,SERVERLESS_TASK,TU_US_NONCREDIT_TRUAUDIENCE_PROD,TU_US_NONCREDIT_TRUAUDIENCE_PROD,"{""environment"":""Production"",""team"":""TruAudience""}"
TU_US_NONCREDIT_TRUAUDIENCE_PROD,TU_US_NONCREDIT_TRUAUDIENCE_PROD,2026-08-01,2026-09-01,Usage,2026-08-14,2026-08-15,1.575396,3.79,Snowflake,AWS_US_EAST_1,TU_US_NONCREDIT_TRUAUDIENCE_PROD,TRUST_CENTER,TRUST_CENTER,TU_US_NONCREDIT_TRUAUDIENCE_PROD,TU_US_NONCREDIT_TRUAUDIENCE_PROD,"{""environment"":""Production"",""team"":""TruAudience""}"
TU_US_NONCREDIT_TRUAUDIENCE_PROD,TU_US_NONCREDIT_TRUAUDIENCE_PROD,2026-08-01,2026-09-01,Usage,2026-08-14,2026-08-15,0.024850,0.06,Snowflake,AWS_US_EAST_1,TU_US_NONCREDIT_TRUAUDIENCE_PROD,COPY_FILES,COPY_FILES,TU_US_NONCREDIT_TRUAUDIENCE_PROD,TU_US_NONCREDIT_TRUAUDIENCE_PROD,"{""environment"":""Production"",""team"":""TruAudience""}"
TU_US_NONCREDIT_TRUAUDIENCE_PROD,TU_US_NONCREDIT_TRUAUDIENCE_PROD,2026-08-01,2026-09-01,Usage,2026-08-14,2026-08-15,0.014876,0.04,Snowflake,AWS_US_EAST_1,TU_US_NONCREDIT_TRUAUDIENCE_PROD,AUTO_CLUSTERING,AUTO_CLUSTERING,TU_US_NONCREDIT_TRUAUDIENCE_PROD,TU_US_NONCREDIT_TRUAUDIENCE_PROD,"{""environment"":""Production"",""team"":""TruAudience""}"
TU_US_NONCREDIT_TRUAUDIENCE_PROD,TU_US_NONCREDIT_TRUAUDIENCE_PROD,2026-08-01,2026-09-01,Usage,2026-08-14,2026-08-15,0.002025,0.00,Snowflake,AWS_US_EAST_1,TU_US_NONCREDIT_TRUAUDIENCE_PROD,TELEMETRY_DATA_INGEST,TELEMETRY_DATA_INGEST,TU_US_NONCREDIT_TRUAUDIENCE_PROD,TU_US_NONCREDIT_TRUAUDIENCE_PROD,"{""environment"":""Production"",""team"":""TruAudience""}"
TU_US_NONCREDIT_TRUAUDIENCE_PROD,TU_US_NONCREDIT_TRUAUDIENCE_PROD,2026-08-01,2026-09-01,Usage,2026-08-13,2026-08-14,70.621521,170.09,Snowflake,AWS_US_EAST_1,TU_US_NONCREDIT_TRUAUDIENCE_PROD,WAREHOUSE_METERING,WAREHOUSE_METERING,TU_US_NONCREDIT_TRUAUDIENCE_PROD,TU_US_NONCREDIT_TRUAUDIENCE_PROD,"{""environment"":""Production"",""team"":""TruAudience""}"
TU_US_NONCREDIT_TRUAUDIENCE_PROD,TU_US_NONCREDIT_TRUAUDIENCE_PROD,2026-08-01,2026-09-01,Usage,2026-08-13,2026-08-14,26.899055,64.79,Snowflake,AWS_US_EAST_1,TU_US_NONCREDIT_TRUAUDIENCE_PROD,SERVERLESS_TASK,SERVERLESS_TASK,TU_US_NONCREDIT_TRUAUDIENCE_PROD,TU_US_NONCREDIT_TRUAUDIENCE_PROD,"{""environment"":""Production"",""team"":""TruAudience""}"
TU_US_NONCREDIT_TRUAUDIENCE_PROD,TU_US_NONCREDIT_TRUAUDIENCE_PROD,2026-08-01,2026-09-01,Usage,2026-08-13,2026-08-14,2.930709,7.06,Snowflake,AWS_US_EAST_1,TU_US_NONCREDIT_TRUAUDIENCE_PROD,AUTO_CLUSTERING,AUTO_CLUSTERING,TU_US_NONCREDIT_TRUAUDIENCE_PROD,TU_US_NONCREDIT_TRUAUDIENCE_PROD,"{""environment"":""Production"",""team"":""TruAudience""}"
TU_US_NONCREDIT_TRUAUDIENCE_PROD,TU_US_NONCREDIT_TRUAUDIENCE_PROD,2026-08-01,2026-09-01,Usage,2026-08-13,2026-08-14,1.655416,3.99,Snowflake,AWS_US_EAST_1,TU_US_NONCREDIT_TRUAUDIENCE_PROD,TRUST_CENTER,TRUST_CENTER,TU_US_NONCREDIT_TRUAUDIENCE_PROD,TU_US_NONCREDIT_TRUAUDIENCE_PROD,"{""environment"":""Production"",""team"":""TruAudience""}"
TU_US_NONCREDIT_TRUAUDIENCE_PROD,TU_US_NONCREDIT_TRUAUDIENCE_PROD,2026-08-01,2026-09-01,Usage,2026-08-13,2026-08-14,0.011198,0.03,Snowflake,AWS_US_EAST_1,TU_US_NONCREDIT_TRUAUDIENCE_PROD,COPY_FILES,COPY_FILES,TU_US_NONCREDIT_TRUAUDIENCE_PROD,TU_US_NONCREDIT_TRUAUDIENCE_PROD,"{""environment"":""Production"",""team"":""TruAudience""}"
TU_US_NONCREDIT_TRUAUDIENCE_PROD,TU_US_NONCREDIT_TRUAUDIENCE_PROD,2026-08-01,2026-09-01,Usage,2026-08-13,2026-08-14,0.000124,0.00,Snowflake,AWS_US_EAST_1,TU_US_NONCREDIT_TRUAUDIENCE_PROD,AI_INFERENCE,AI_INFERENCE,TU_US_NONCREDIT_TRUAUDIENCE_PROD,TU_US_NONCREDIT_TRUAUDIENCE_PROD,"{""environment"":""Production"",""team"":""TruAudience""}"
TU_US_NONCREDIT_TRUAUDIENCE_PROD,TU_US_NONCREDIT_TRUAUDIENCE_PROD,2026-08-01,2026-09-01,Usage,2026-08-13,2026-08-14,0.002048,0.00,Snowflake,AWS_US_EAST_1,TU_US_NONCREDIT_TRUAUDIENCE_PROD,TELEMETRY_DATA_INGEST,TELEMETRY_DATA_INGEST,TU_US_NONCREDIT_TRUAUDIENCE_PROD,TU_US_NONCREDIT_TRUAUDIENCE_PROD,"{""environment"":""Production"",""team"":""TruAudience""}"
TU_US_NONCREDIT_TRUAUDIENCE_PROD,TU_US_NONCREDIT_TRUAUDIENCE_PROD,2026-08-01,2026-09-01,Usage,2026-08-12,2026-08-13,126.187356,303.93,Snowflake,AWS_US_EAST_1,TU_US_NONCREDIT_TRUAUDIENCE_PROD,WAREHOUSE_METERING,WAREHOUSE_METERING,TU_US_NONCREDIT_TRUAUDIENCE_PROD,TU_US_NONCREDIT_TRUAUDIENCE_PROD,"{""environment"":""Production"",""team"":""TruAudience""}"
TU_US_NONCREDIT_TRUAUDIENCE_PROD,TU_US_NONCREDIT_TRUAUDIENCE_PROD,2026-08-01,2026-09-01,Usage,2026-08-12,2026-08-13,29.796011,71.76,Snowflake,AWS_US_EAST_1,TU_US_NONCREDIT_TRUAUDIENCE_PROD,SERVERLESS_TASK,SERVERLESS_TASK,TU_US_NONCREDIT_TRUAUDIENCE_PROD,TU_US_NONCREDIT_TRUAUDIENCE_PROD,"{""environment"":""Production"",""team"":""TruAudience""}"
TU_US_NONCREDIT_TRUAUDIENCE_PROD,TU_US_NONCREDIT_TRUAUDIENCE_PROD,2026-08-01,2026-09-01,Usage,2026-08-12,2026-08-13,1.827555,4.40,Snowflake,AWS_US_EAST_1,TU_US_NONCREDIT_TRUAUDIENCE_PROD,TRUST_CENTER,TRUST_CENTER,TU_US_NONCREDIT_TRUAUDIENCE_PROD,TU_US_NONCREDIT_TRUAUDIENCE_PROD,"{""environment"":""Production"",""team"":""TruAudience""}"
TU_US_NONCREDIT_TRUAUDIENCE_PROD,TU_US_NONCREDIT_TRUAUDIENCE_PROD,2026-08-01,2026-09-01,Usage,2026-08-12,2026-08-13,0.016748,0.04,Snowflake,AWS_US_EAST_1,TU_US_NONCREDIT_TRUAUDIENCE_PROD,AUTO_CLUSTERING,AUTO_CLUSTERING,TU_US_NONCREDIT_TRUAUDIENCE_PROD,TU_US_NONCREDIT_TRUAUDIENCE_PROD,"{""environment"":""Production"",""team"":""TruAudience""}"
TU_US_NONCREDIT_TRUAUDIENCE_PROD,TU_US_NONCREDIT_TRUAUDIENCE_PROD,2026-08-01,2026-09-01,Usage,2026-08-12,2026-08-13,0.008354,0.02,Snowflake,AWS_US_EAST_1,TU_US_NONCREDIT_TRUAUDIENCE_PROD,TELEMETRY_DATA_INGEST,TELEMETRY_DATA_INGEST,TU_US_NONCREDIT_TRUAUDIENCE_PROD,TU_US_NONCREDIT_TRUAUDIENCE_PROD,"{""environment"":""Production"",""team"":""TruAudience""}"
TU_US_NONCREDIT_TRUAUDIENCE_PROD,TU_US_NONCREDIT_TRUAUDIENCE_PROD,2026-08-01,2026-09-01,Usage,2026-08-12,2026-08-13,0.000230,0.00,Snowflake,AWS_US_EAST_1,TU_US_NONCREDIT_TRUAUDIENCE_PROD,AI_INFERENCE,AI_INFERENCE,TU_US_NONCREDIT_TRUAUDIENCE_PROD,TU_US_NONCREDIT_TRUAUDIENCE_PROD,"{""environment"":""Production"",""team"":""TruAudience""}"
TU_US_NONCREDIT_TRUAUDIENCE_PROD,TU_US_NONCREDIT_TRUAUDIENCE_PROD,2026-08-01,2026-09-01,Usage,2026-08-11,2026-08-12,87.964347,211.85,Snowflake,AWS_US_EAST_1,TU_US_NONCREDIT_TRUAUDIENCE_PROD,WAREHOUSE_METERING,WAREHOUSE_METERING,TU_US_NONCREDIT_TRUAUDIENCE_PROD,TU_US_NONCREDIT_TRUAUDIENCE_PROD,"{""environment"":""Production"",""team"":""TruAudience""}"
TU_US_NONCREDIT_TRUAUDIENCE_PROD,TU_US_NONCREDIT_TRUAUDIENCE_PROD,2026-08-01,2026-09-01,Usage,2026-08-11,2026-08-12,26.741115,64.40,Snowflake,AWS_US_EAST_1,TU_US_NONCREDIT_TRUAUDIENCE_PROD,SERVERLESS_TASK,SERVERLESS_TASK,TU_US_NONCREDIT_TRUAUDIENCE_PROD,TU_US_NONCREDIT_TRUAUDIENCE_PROD,"{""environment"":""Production"",""team"":""TruAudience""}"
TU_US_NONCREDIT_TRUAUDIENCE_PROD,TU_US_NONCREDIT_TRUAUDIENCE_PROD,2026-08-01,2026-09-01,Usage,2026-08-11,2026-08-12,1.797015,4.33,Snowflake,AWS_US_EAST_1,TU_US_NONCREDIT_TRUAUDIENCE_PROD,TRUST_CENTER,TRUST_CENTER,TU_US_NONCREDIT_TRUAUDIENCE_PROD,TU_US_NONCREDIT_TRUAUDIENCE_PROD,"{""environment"":""Production"",""team"":""TruAudience""}"
TU_US_NONCREDIT_TRUAUDIENCE_PROD,TU_US_NONCREDIT_TRUAUDIENCE_PROD,2026-08-01,2026-09-01,Usage,2026-08-11,2026-08-12,0.013286,0.03,Snowflake,AWS_US_EAST_1,TU_US_NONCREDIT_TRUAUDIENCE_PROD,AUTO_CLUSTERING,AUTO_CLUSTERING,TU_US_NONCREDIT_TRUAUDIENCE_PROD,TU_US_NONCREDIT_TRUAUDIENCE_PROD,"{""environment"":""Production"",""team"":""TruAudience""}"
TU_US_NONCREDIT_TRUAUDIENCE_PROD,TU_US_NONCREDIT_TRUAUDIENCE_PROD,2026-08-01,2026-09-01,Usage,2026-08-11,2026-08-12,0.002107,0.01,Snowflake,AWS_US_EAST_1,TU_US_NONCREDIT_TRUAUDIENCE_PROD,TELEMETRY_DATA_INGEST,TELEMETRY_DATA_INGEST,TU_US_NONCREDIT_TRUAUDIENCE_PROD,TU_US_NONCREDIT_TRUAUDIENCE_PROD,"{""environment"":""Production"",""team"":""TruAudience""}"
TU_US_NONCREDIT_TRUAUDIENCE_PROD,TU_US_NONCREDIT_TRUAUDIENCE_PROD,2026-08-01,2026-09-01,Usage,2026-08-11,2026-08-12,0.000062,0.00,Snowflake,AWS_US_EAST_1,TU_US_NONCREDIT_TRUAUDIENCE_PROD,AI_INFERENCE,AI_INFERENCE,TU_US_NONCREDIT_TRUAUDIENCE_PROD,TU_US_NONCREDIT_TRUAUDIENCE_PROD,"{""environment"":""Production"",""team"":""TruAudience""}"
TU_US_NONCREDIT_TRUAUDIENCE_PROD,TU_US_NONCREDIT_TRUAUDIENCE_PROD,2026-08-01,2026-09-01,Usage,2026-08-10,2026-08-11,91.363625,220.05,Snowflake,AWS_US_EAST_1,TU_US_NONCREDIT_TRUAUDIENCE_PROD,WAREHOUSE_METERING,WAREHOUSE_METERING,TU_US_NONCREDIT_TRUAUDIENCE_PROD,TU_US_NONCREDIT_TRUAUDIENCE_PROD,"{""environment"":""Production"",""team"":""TruAudience""}"
TU_US_NONCREDIT_TRUAUDIENCE_PROD,TU_US_NONCREDIT_TRUAUDIENCE_PROD,2026-08-01,2026-09-01,Usage,2026-08-10,2026-08-11,26.174140,63.04,Snowflake,AWS_US_EAST_1,TU_US_NONCREDIT_TRUAUDIENCE_PROD,SERVERLESS_TASK,SERVERLESS_TASK,TU_US_NONCREDIT_TRUAUDIENCE_PROD,TU_US_NONCREDIT_TRUAUDIENCE_PROD,"{""environment"":""Production"",""team"":""TruAudience""}"
TU_US_NONCREDIT_TRUAUDIENCE_PROD,TU_US_NONCREDIT_TRUAUDIENCE_PROD,2026-08-01,2026-09-01,Usage,2026-08-10,2026-08-11,1.773692,4.27,Snowflake,AWS_US_EAST_1,TU_US_NONCREDIT_TRUAUDIENCE_PROD,TRUST_CENTER,TRUST_CENTER,TU_US_NONCREDIT_TRUAUDIENCE_PROD,TU_US_NONCREDIT_TRUAUDIENCE_PROD,"{""environment"":""Production"",""team"":""TruAudience""}"
TU_US_NONCREDIT_TRUAUDIENCE_PROD,TU_US_NONCREDIT_TRUAUDIENCE_PROD,2026-08-01,2026-09-01,Usage,2026-08-10,2026-08-11,0.899968,2.17,Snowflake,AWS_US_EAST_1,TU_US_NONCREDIT_TRUAUDIENCE_PROD,PIPE,PIPE,TU_US_NONCREDIT_TRUAUDIENCE_PROD,TU_US_NONCREDIT_TRUAUDIENCE_PROD,"{""environment"":""Production"",""team"":""TruAudience""}"
TU_US_NONCREDIT_TRUAUDIENCE_PROD,TU_US_NONCREDIT_TRUAUDIENCE_PROD,2026-08-01,2026-09-01,Usage,2026-08-10,2026-08-11,0.020974,0.05,Snowflake,AWS_US_EAST_1,TU_US_NONCREDIT_TRUAUDIENCE_PROD,TELEMETRY_DATA_INGEST,TELEMETRY_DATA_INGEST,TU_US_NONCREDIT_TRUAUDIENCE_PROD,TU_US_NONCREDIT_TRUAUDIENCE_PROD,"{""environment"":""Production"",""team"":""TruAudience""}"
TU_US_NONCREDIT_TRUAUDIENCE_PROD,TU_US_NONCREDIT_TRUAUDIENCE_PROD,2026-08-01,2026-09-01,Usage,2026-08-10,2026-08-11,0.013381,0.03,Snowflake,AWS_US_EAST_1,TU_US_NONCREDIT_TRUAUDIENCE_PROD,AUTO_CLUSTERING,AUTO_CLUSTERING,TU_US_NONCREDIT_TRUAUDIENCE_PROD,TU_US_NONCREDIT_TRUAUDIENCE_PROD,"{""environment"":""Production"",""team"":""TruAudience""}"
TU_US_NONCREDIT_TRUAUDIENCE_PROD,TU_US_NONCREDIT_TRUAUDIENCE_PROD,2026-08-01,2026-09-01,Usage,2026-08-10,2026-08-11,0.003426,0.01,Snowflake,AWS_US_EAST_1,TU_US_NONCREDIT_TRUAUDIENCE_PROD,COPY_FILES,COPY_FILES,TU_US_NONCREDIT_TRUAUDIENCE_PROD,TU_US_NONCREDIT_TRUAUDIENCE_PROD,"{""environment"":""Production"",""team"":""TruAudience""}"
TU_US_NONCREDIT_TRUAUDIENCE_PROD,TU_US_NONCREDIT_TRUAUDIENCE_PROD,2026-08-01,2026-09-01,Usage,2026-08-10,2026-08-11,0.000122,0.00,Snowflake,AWS_US_EAST_1,TU_US_NONCREDIT_TRUAUDIENCE_PROD,AI_INFERENCE,AI_INFERENCE,TU_US_NONCREDIT_TRUAUDIENCE_PROD,TU_US_NONCREDIT_TRUAUDIENCE_PROD,"{""environment"":""Production"",""team"":""TruAudience""}"
TU_US_NONCREDIT_TRUAUDIENCE_PROD,TU_US_NONCREDIT_TRUAUDIENCE_PROD,2026-08-01,2026-09-01,Usage,2026-08-09,2026-08-10,136.392136,328.50,Snowflake,AWS_US_EAST_1,TU_US_NONCREDIT_TRUAUDIENCE_PROD,WAREHOUSE_METERING,WAREHOUSE_METERING,TU_US_NONCREDIT_TRUAUDIENCE_PROD,TU_US_NONCREDIT_TRUAUDIENCE_PROD,"{""environment"":""Production"",""team"":""TruAudience""}"
TU_US_NONCREDIT_TRUAUDIENCE_PROD,TU_US_NONCREDIT_TRUAUDIENCE_PROD,2026-08-01,2026-09-01,Usage,2026-08-09,2026-08-10,26.575147,64.01,Snowflake,AWS_US_EAST_1,TU_US_NONCREDIT_TRUAUDIENCE_PROD,SERVERLESS_TASK,SERVERLESS_TASK,TU_US_NONCREDIT_TRUAUDIENCE_PROD,TU_US_NONCREDIT_TRUAUDIENCE_PROD,"{""environment"":""Production"",""team"":""TruAudience""}"
TU_US_NONCREDIT_TRUAUDIENCE_PROD,TU_US_NONCREDIT_TRUAUDIENCE_PROD,2026-08-01,2026-09-01,Usage,2026-08-09,2026-08-10,1.871551,4.51,Snowflake,AWS_US_EAST_1,TU_US_NONCREDIT_TRUAUDIENCE_PROD,TRUST_CENTER,TRUST_CENTER,TU_US_NONCREDIT_TRUAUDIENCE_PROD,TU_US_NONCREDIT_TRUAUDIENCE_PROD,"{""environment"":""Production"",""team"":""TruAudience""}"
TU_US_NONCREDIT_TRUAUDIENCE_PROD,TU_US_NONCREDIT_TRUAUDIENCE_PROD,2026-08-01,2026-09-01,Usage,2026-08-09,2026-08-10,0.032629,0.08,Snowflake,AWS_US_EAST_1,TU_US_NONCREDIT_TRUAUDIENCE_PROD,AUTO_CLUSTERING,AUTO_CLUSTERING,TU_US_NONCREDIT_TRUAUDIENCE_PROD,TU_US_NONCREDIT_TRUAUDIENCE_PROD,"{""environment"":""Production"",""team"":""TruAudience""}"
TU_US_NONCREDIT_TRUAUDIENCE_PROD,TU_US_NONCREDIT_TRUAUDIENCE_PROD,2026-08-01,2026-09-01,Usage,2026-08-09,2026-08-10,0.020699,0.05,Snowflake,AWS_US_EAST_1,TU_US_NONCREDIT_TRUAUDIENCE_PROD,COPY_FILES,COPY_FILES,TU_US_NONCREDIT_TRUAUDIENCE_PROD,TU_US_NONCREDIT_TRUAUDIENCE_PROD,"{""environment"":""Production"",""team"":""TruAudience""}"
TU_US_NONCREDIT_TRUAUDIENCE_PROD,TU_US_NONCREDIT_TRUAUDIENCE_PROD,2026-08-01,2026-09-01,Usage,2026-08-09,2026-08-10,0.002091,0.01,Snowflake,AWS_US_EAST_1,TU_US_NONCREDIT_TRUAUDIENCE_PROD,TELEMETRY_DATA_INGEST,TELEMETRY_DATA_INGEST,TU_US_NONCREDIT_TRUAUDIENCE_PROD,TU_US_NONCREDIT_TRUAUDIENCE_PROD,"{""environment"":""Production"",""team"":""TruAudience""}"
TU_US_NONCREDIT_TRUAUDIENCE_PROD,TU_US_NONCREDIT_TRUAUDIENCE_PROD,2026-08-01,2026-09-01,Usage,2026-08-09,2026-08-10,0.000442,0.00,Snowflake,AWS_US_EAST_1,TU_US_NONCREDIT_TRUAUDIENCE_PROD,AI_INFERENCE,AI_INFERENCE,TU_US_NONCREDIT_TRUAUDIENCE_PROD,TU_US_NONCREDIT_TRUAUDIENCE_PROD,"{""environment"":""Production"",""team"":""TruAudience""}"
TU_US_NONCREDIT_TRUAUDIENCE_PROD,TU_US_NONCREDIT_TRUAUDIENCE_PROD,2026-08-01,2026-09-01,Usage,2026-08-08,2026-08-09,231.468663,557.50,Snowflake,AWS_US_EAST_1,TU_US_NONCREDIT_TRUAUDIENCE_PROD,WAREHOUSE_METERING,WAREHOUSE_METERING,TU_US_NONCREDIT_TRUAUDIENCE_PROD,TU_US_NONCREDIT_TRUAUDIENCE_PROD,"{""environment"":""Production"",""team"":""TruAudience""}"
TU_US_NONCREDIT_TRUAUDIENCE_PROD,TU_US_NONCREDIT_TRUAUDIENCE_PROD,2026-08-01,2026-09-01,Usage,2026-08-08,2026-08-09,27.780504,66.91,Snowflake,AWS_US_EAST_1,TU_US_NONCREDIT_TRUAUDIENCE_PROD,SERVERLESS_TASK,SERVERLESS_TASK,TU_US_NONCREDIT_TRUAUDIENCE_PROD,TU_US_NONCREDIT_TRUAUDIENCE_PROD,"{""environment"":""Production"",""team"":""TruAudience""}"
TU_US_NONCREDIT_TRUAUDIENCE_PROD,TU_US_NONCREDIT_TRUAUDIENCE_PROD,2026-08-01,2026-09-01,Usage,2026-08-08,2026-08-09,1.723332,4.15,Snowflake,AWS_US_EAST_1,TU_US_NONCREDIT_TRUAUDIENCE_PROD,TRUST_CENTER,TRUST_CENTER,TU_US_NONCREDIT_TRUAUDIENCE_PROD,TU_US_NONCREDIT_TRUAUDIENCE_PROD,"{""environment"":""Production"",""team"":""TruAudience""}"
TU_US_NONCREDIT_TRUAUDIENCE_PROD,TU_US_NONCREDIT_TRUAUDIENCE_PROD,2026-08-01,2026-09-01,Usage,2026-08-08,2026-08-09,0.013387,0.03,Snowflake,AWS_US_EAST_1,TU_US_NONCREDIT_TRUAUDIENCE_PROD,AUTO_CLUSTERING,AUTO_CLUSTERING,TU_US_NONCREDIT_TRUAUDIENCE_PROD,TU_US_NONCREDIT_TRUAUDIENCE_PROD,"{""environment"":""Production"",""team"":""TruAudience""}"
TU_US_NONCREDIT_TRUAUDIENCE_PROD,TU_US_NONCREDIT_TRUAUDIENCE_PROD,2026-08-01,2026-09-01,Usage,2026-08-08,2026-08-09,0.003121,0.01,Snowflake,AWS_US_EAST_1,TU_US_NONCREDIT_TRUAUDIENCE_PROD,COPY_FILES,COPY_FILES,TU_US_NONCREDIT_TRUAUDIENCE_PROD,TU_US_NONCREDIT_TRUAUDIENCE_PROD,"{""environment"":""Production"",""team"":""TruAudience""}"
TU_US_NONCREDIT_TRUAUDIENCE_PROD,TU_US_NONCREDIT_TRUAUDIENCE_PROD,2026-08-01,2026-09-01,Usage,2026-08-08,2026-08-09,0.002076,0.01,Snowflake,AWS_US_EAST_1,TU_US_NONCREDIT_TRUAUDIENCE_PROD,TELEMETRY_DATA_INGEST,TELEMETRY_DATA_INGEST,TU_US_NONCREDIT_TRUAUDIENCE_PROD,TU_US_NONCREDIT_TRUAUDIENCE_PROD,"{""environment"":""Production"",""team"":""TruAudience""}"
TU_US_NONCREDIT_TRUAUDIENCE_PROD,TU_US_NONCREDIT_TRUAUDIENCE_PROD,2026-08-01,2026-09-01,Usage,2026-08-08,2026-08-09,0.000783,0.00,Snowflake,AWS_US_EAST_1,TU_US_NONCREDIT_TRUAUDIENCE_PROD,AI_INFERENCE,AI_INFERENCE,TU_US_NONCREDIT_TRUAUDIENCE_PROD,TU_US_NONCREDIT_TRUAUDIENCE_PROD,"{""environment"":""Production"",""team"":""TruAudience""}"
TU_US_NONCREDIT_TRUAUDIENCE_PROD,TU_US_NONCREDIT_TRUAUDIENCE_PROD,2026-08-01,2026-09-01,Usage,2026-08-07,2026-08-08,69.124457,166.48,Snowflake,AWS_US_EAST_1,TU_US_NONCREDIT_TRUAUDIENCE_PROD,WAREHOUSE_METERING,WAREHOUSE_METERING,TU_US_NONCREDIT_TRUAUDIENCE_PROD,TU_US_NONCREDIT_TRUAUDIENCE_PROD,"{""environment"":""Production"",""team"":""TruAudience""}"
TU_US_NONCREDIT_TRUAUDIENCE_PROD,TU_US_NONCREDIT_TRUAUDIENCE_PROD,2026-08-01,2026-09-01,Usage,2026-08-07,2026-08-08,27.519661,66.28,Snowflake,AWS_US_EAST_1,TU_US_NONCREDIT_TRUAUDIENCE_PROD,SERVERLESS_TASK,SERVERLESS_TASK,TU_US_NONCREDIT_TRUAUDIENCE_PROD,TU_US_NONCREDIT_TRUAUDIENCE_PROD,"{""environment"":""Production"",""team"":""TruAudience""}"
TU_US_NONCREDIT_TRUAUDIENCE_PROD,TU_US_NONCREDIT_TRUAUDIENCE_PROD,2026-08-01,2026-09-01,Usage,2026-08-07,2026-08-08,1.607462,3.87,Snowflake,AWS_US_EAST_1,TU_US_NONCREDIT_TRUAUDIENCE_PROD,TRUST_CENTER,TRUST_CENTER,TU_US_NONCREDIT_TRUAUDIENCE_PROD,TU_US_NONCREDIT_TRUAUDIENCE_PROD,"{""environment"":""Production"",""team"":""TruAudience""}"
TU_US_NONCREDIT_TRUAUDIENCE_PROD,TU_US_NONCREDIT_TRUAUDIENCE_PROD,2026-08-01,2026-09-01,Usage,2026-08-07,2026-08-08,0.011672,0.03,Snowflake,AWS_US_EAST_1,TU_US_NONCREDIT_TRUAUDIENCE_PROD,AUTO_CLUSTERING,AUTO_CLUSTERING,TU_US_NONCREDIT_TRUAUDIENCE_PROD,TU_US_NONCREDIT_TRUAUDIENCE_PROD,"{""environment"":""Production"",""team"":""TruAudience""}"
TU_US_NONCREDIT_TRUAUDIENCE_PROD,TU_US_NONCREDIT_TRUAUDIENCE_PROD,2026-08-01,2026-09-01,Usage,2026-08-07,2026-08-08,0.002020,0.00,Snowflake,AWS_US_EAST_1,TU_US_NONCREDIT_TRUAUDIENCE_PROD,TELEMETRY_DATA_INGEST,TELEMETRY_DATA_INGEST,TU_US_NONCREDIT_TRUAUDIENCE_PROD,TU_US_NONCREDIT_TRUAUDIENCE_PROD,"{""environment"":""Production"",""team"":""TruAudience""}"
TU_US_NONCREDIT_TRUAUDIENCE_PROD,TU_US_NONCREDIT_TRUAUDIENCE_PROD,2026-08-01,2026-09-01,Usage,2026-08-06,2026-08-07,71.737247,172.78,Snowflake,AWS_US_EAST_1,TU_US_NONCREDIT_TRUAUDIENCE_PROD,WAREHOUSE_METERING,WAREHOUSE_METERING,TU_US_NONCREDIT_TRUAUDIENCE_PROD,TU_US_NONCREDIT_TRUAUDIENCE_PROD,"{""environment"":""Production"",""team"":""TruAudience""}"
TU_US_NONCREDIT_TRUAUDIENCE_PROD,TU_US_NONCREDIT_TRUAUDIENCE_PROD,2026-08-01,2026-09-01,Usage,2026-08-06,2026-08-07,22.025569,53.05,Snowflake,AWS_US_EAST_1,TU_US_NONCREDIT_TRUAUDIENCE_PROD,SERVERLESS_TASK,SERVERLESS_TASK,TU_US_NONCREDIT_TRUAUDIENCE_PROD,TU_US_NONCREDIT_TRUAUDIENCE_PROD,"{""environment"":""Production"",""team"":""TruAudience""}"
TU_US_NONCREDIT_TRUAUDIENCE_PROD,TU_US_NONCREDIT_TRUAUDIENCE_PROD,2026-08-01,2026-09-01,Usage,2026-08-06,2026-08-07,1.574747,3.79,Snowflake,AWS_US_EAST_1,TU_US_NONCREDIT_TRUAUDIENCE_PROD,TRUST_CENTER,TRUST_CENTER,TU_US_NONCREDIT_TRUAUDIENCE_PROD,TU_US_NONCREDIT_TRUAUDIENCE_PROD,"{""environment"":""Production"",""team"":""TruAudience""}"
TU_US_NONCREDIT_TRUAUDIENCE_PROD,TU_US_NONCREDIT_TRUAUDIENCE_PROD,2026-08-01,2026-09-01,Usage,2026-08-06,2026-08-07,0.012110,0.03,Snowflake,AWS_US_EAST_1,TU_US_NONCREDIT_TRUAUDIENCE_PROD,AUTO_CLUSTERING,AUTO_CLUSTERING,TU_US_NONCREDIT_TRUAUDIENCE_PROD,TU_US_NONCREDIT_TRUAUDIENCE_PROD,"{""environment"":""Production"",""team"":""TruAudience""}"
TU_US_NONCREDIT_TRUAUDIENCE_PROD,TU_US_NONCREDIT_TRUAUDIENCE_PROD,2026-08-01,2026-09-01,Usage,2026-08-06,2026-08-07,0.002026,0.00,Snowflake,AWS_US_EAST_1,TU_US_NONCREDIT_TRUAUDIENCE_PROD,TELEMETRY_DATA_INGEST,TELEMETRY_DATA_INGEST,TU_US_NONCREDIT_TRUAUDIENCE_PROD,TU_US_NONCREDIT_TRUAUDIENCE_PROD,"{""environment"":""Production"",""team"":""TruAudience""}"
TU_US_NONCREDIT_TRUAUDIENCE_PROD,TU_US_NONCREDIT_TRUAUDIENCE_PROD,2026-08-01,2026-09-01,Usage,2026-08-05,2026-08-06,301.274531,725.57,Snowflake,AWS_US_EAST_1,TU_US_NONCREDIT_TRUAUDIENCE_PROD,WAREHOUSE_METERING,WAREHOUSE_METERING,TU_US_NONCREDIT_TRUAUDIENCE_PROD,TU_US_NONCREDIT_TRUAUDIENCE_PROD,"{""environment"":""Production"",""team"":""TruAudience""}"
TU_US_NONCREDIT_TRUAUDIENCE_PROD,TU_US_NONCREDIT_TRUAUDIENCE_PROD,2026-08-01,2026-09-01,Usage,2026-08-05,2026-08-06,77.237917,186.03,Snowflake,AWS_US_EAST_1,TU_US_NONCREDIT_TRUAUDIENCE_PROD,AUTO_CLUSTERING,AUTO_CLUSTERING,TU_US_NONCREDIT_TRUAUDIENCE_PROD,TU_US_NONCREDIT_TRUAUDIENCE_PROD,"{""environment"":""Production"",""team"":""TruAudience""}"
TU_US_NONCREDIT_TRUAUDIENCE_PROD,TU_US_NONCREDIT_TRUAUDIENCE_PROD,2026-08-01,2026-09-01,Usage,2026-08-05,2026-08-06,28.565247,68.80,Snowflake,AWS_US_EAST_1,TU_US_NONCREDIT_TRUAUDIENCE_PROD,SERVERLESS_TASK,SERVERLESS_TASK,TU_US_NONCREDIT_TRUAUDIENCE_PROD,TU_US_NONCREDIT_TRUAUDIENCE_PROD,"{""environment"":""Production"",""team"":""TruAudience""}"
TU_US_NONCREDIT_TRUAUDIENCE_PROD,TU_US_NONCREDIT_TRUAUDIENCE_PROD,2026-08-01,2026-09-01,Usage,2026-08-05,2026-08-06,1.696286,4.09,Snowflake,AWS_US_EAST_1,TU_US_NONCREDIT_TRUAUDIENCE_PROD,TRUST_CENTER,TRUST_CENTER,TU_US_NONCREDIT_TRUAUDIENCE_PROD,TU_US_NONCREDIT_TRUAUDIENCE_PROD,"{""environment"":""Production"",""team"":""TruAudience""}"
TU_US_NONCREDIT_TRUAUDIENCE_PROD,TU_US_NONCREDIT_TRUAUDIENCE_PROD,2026-08-01,2026-09-01,Usage,2026-08-05,2026-08-06,0.015592,0.04,Snowflake,AWS_US_EAST_1,TU_US_NONCREDIT_TRUAUDIENCE_PROD,COPY_FILES,COPY_FILES,TU_US_NONCREDIT_TRUAUDIENCE_PROD,TU_US_NONCREDIT_TRUAUDIENCE_PROD,"{""environment"":""Production"",""team"":""TruAudience""}"
TU_US_NONCREDIT_TRUAUDIENCE_PROD,TU_US_NONCREDIT_TRUAUDIENCE_PROD,2026-08-01,2026-09-01,Usage,2026-08-05,2026-08-06,0.002043,0.00,Snowflake,AWS_US_EAST_1,TU_US_NONCREDIT_TRUAUDIENCE_PROD,TELEMETRY_DATA_INGEST,TELEMETRY_DATA_INGEST,TU_US_NONCREDIT_TRUAUDIENCE_PROD,TU_US_NONCREDIT_TRUAUDIENCE_PROD,"{""environment"":""Production"",""team"":""TruAudience""}"
TU_US_NONCREDIT_TRUAUDIENCE_PROD,TU_US_NONCREDIT_TRUAUDIENCE_PROD,2026-08-01,2026-09-01,Usage,2026-08-05,2026-08-06,0.000125,0.00,Snowflake,AWS_US_EAST_1,TU_US_NONCREDIT_TRUAUDIENCE_PROD,AI_INFERENCE,AI_INFERENCE,TU_US_NONCREDIT_TRUAUDIENCE_PROD,TU_US_NONCREDIT_TRUAUDIENCE_PROD,"{""environment"":""Production"",""team"":""TruAudience""}"
TU_US_NONCREDIT_TRUAUDIENCE_PROD,TU_US_NONCREDIT_TRUAUDIENCE_PROD,2026-08-01,2026-09-01,Usage,2026-08-04,2026-08-05,190.219206,458.12,Snowflake,AWS_US_EAST_1,TU_US_NONCREDIT_TRUAUDIENCE_PROD,WAREHOUSE_METERING,WAREHOUSE_METERING,TU_US_NONCREDIT_TRUAUDIENCE_PROD,TU_US_NONCREDIT_TRUAUDIENCE_PROD,"{""environment"":""Production"",""team"":""TruAudience""}"
TU_US_NONCREDIT_TRUAUDIENCE_PROD,TU_US_NONCREDIT_TRUAUDIENCE_PROD,2026-08-01,2026-09-01,Usage,2026-08-04,2026-08-05,24.989649,60.18,Snowflake,AWS_US_EAST_1,TU_US_NONCREDIT_TRUAUDIENCE_PROD,QUERY_ACCELERATION,QUERY_ACCELERATION,TU_US_NONCREDIT_TRUAUDIENCE_PROD,TU_US_NONCREDIT_TRUAUDIENCE_PROD,"{""environment"":""Production"",""team"":""TruAudience""}"
TU_US_NONCREDIT_TRUAUDIENCE_PROD,TU_US_NONCREDIT_TRUAUDIENCE_PROD,2026-08-01,2026-09-01,Usage,2026-08-04,2026-08-05,23.819138,57.36,Snowflake,AWS_US_EAST_1,TU_US_NONCREDIT_TRUAUDIENCE_PROD,SERVERLESS_TASK,SERVERLESS_TASK,TU_US_NONCREDIT_TRUAUDIENCE_PROD,TU_US_NONCREDIT_TRUAUDIENCE_PROD,"{""environment"":""Production"",""team"":""TruAudience""}"
TU_US_NONCREDIT_TRUAUDIENCE_PROD,TU_US_NONCREDIT_TRUAUDIENCE_PROD,2026-08-01,2026-09-01,Usage,2026-08-04,2026-08-05,1.775676,4.28,Snowflake,AWS_US_EAST_1,TU_US_NONCREDIT_TRUAUDIENCE_PROD,TRUST_CENTER,TRUST_CENTER,TU_US_NONCREDIT_TRUAUDIENCE_PROD,TU_US_NONCREDIT_TRUAUDIENCE_PROD,"{""environment"":""Production"",""team"":""TruAudience""}"
TU_US_NONCREDIT_TRUAUDIENCE_PROD,TU_US_NONCREDIT_TRUAUDIENCE_PROD,2026-08-01,2026-09-01,Usage,2026-08-04,2026-08-05,0.731077,1.76,Snowflake,AWS_US_EAST_1,TU_US_NONCREDIT_TRUAUDIENCE_PROD,PIPE,PIPE,TU_US_NONCREDIT_TRUAUDIENCE_PROD,TU_US_NONCREDIT_TRUAUDIENCE_PROD,"{""environment"":""Production"",""team"":""TruAudience""}"
TU_US_NONCREDIT_TRUAUDIENCE_PROD,TU_US_NONCREDIT_TRUAUDIENCE_PROD,2026-08-01,2026-09-01,Usage,2026-08-04,2026-08-05,0.023997,0.06,Snowflake,AWS_US_EAST_1,TU_US_NONCREDIT_TRUAUDIENCE_PROD,AUTO_CLUSTERING,AUTO_CLUSTERING,TU_US_NONCREDIT_TRUAUDIENCE_PROD,TU_US_NONCREDIT_TRUAUDIENCE_PROD,"{""environment"":""Production"",""team"":""TruAudience""}"
TU_US_NONCREDIT_TRUAUDIENCE_PROD,TU_US_NONCREDIT_TRUAUDIENCE_PROD,2026-08-01,2026-09-01,Usage,2026-08-04,2026-08-05,0.014967,0.04,Snowflake,AWS_US_EAST_1,TU_US_NONCREDIT_TRUAUDIENCE_PROD,COPY_FILES,COPY_FILES,TU_US_NONCREDIT_TRUAUDIENCE_PROD,TU_US_NONCREDIT_TRUAUDIENCE_PROD,"{""environment"":""Production"",""team"":""TruAudience""}"
TU_US_NONCREDIT_TRUAUDIENCE_PROD,TU_US_NONCREDIT_TRUAUDIENCE_PROD,2026-08-01,2026-09-01,Usage,2026-08-04,2026-08-05,0.002089,0.01,Snowflake,AWS_US_EAST_1,TU_US_NONCREDIT_TRUAUDIENCE_PROD,TELEMETRY_DATA_INGEST,TELEMETRY_DATA_INGEST,TU_US_NONCREDIT_TRUAUDIENCE_PROD,TU_US_NONCREDIT_TRUAUDIENCE_PROD,"{""environment"":""Production"",""team"":""TruAudience""}"
TU_US_NONCREDIT_TRUAUDIENCE_PROD,TU_US_NONCREDIT_TRUAUDIENCE_PROD,2026-08-01,2026-09-01,Usage,2026-08-04,2026-08-05,0.000636,0.00,Snowflake,AWS_US_EAST_1,TU_US_NONCREDIT_TRUAUDIENCE_PROD,AI_INFERENCE,AI_INFERENCE,TU_US_NONCREDIT_TRUAUDIENCE_PROD,TU_US_NONCREDIT_TRUAUDIENCE_PROD,"{""environment"":""Production"",""team"":""TruAudience""}"
TU_US_NONCREDIT_TRUAUDIENCE_PROD,TU_US_NONCREDIT_TRUAUDIENCE_PROD,2026-08-01,2026-09-01,Usage,2026-08-03,2026-08-04,153.149678,368.84,Snowflake,AWS_US_EAST_1,TU_US_NONCREDIT_TRUAUDIENCE_PROD,WAREHOUSE_METERING,WAREHOUSE_METERING,TU_US_NONCREDIT_TRUAUDIENCE_PROD,TU_US_NONCREDIT_TRUAUDIENCE_PROD,"{""environment"":""Production"",""team"":""TruAudience""}"
TU_US_NONCREDIT_TRUAUDIENCE_PROD,TU_US_NONCREDIT_TRUAUDIENCE_PROD,2026-08-01,2026-09-01,Usage,2026-08-03,2026-08-04,14.749789,35.52,Snowflake,AWS_US_EAST_1,TU_US_NONCREDIT_TRUAUDIENCE_PROD,SERVERLESS_TASK,SERVERLESS_TASK,TU_US_NONCREDIT_TRUAUDIENCE_PROD,TU_US_NONCREDIT_TRUAUDIENCE_PROD,"{""environment"":""Production"",""team"":""TruAudience""}"
TU_US_NONCREDIT_TRUAUDIENCE_PROD,TU_US_NONCREDIT_TRUAUDIENCE_PROD,2026-08-01,2026-09-01,Usage,2026-08-03,2026-08-04,1.842143,4.44,Snowflake,AWS_US_EAST_1,TU_US_NONCREDIT_TRUAUDIENCE_PROD,TRUST_CENTER,TRUST_CENTER,TU_US_NONCREDIT_TRUAUDIENCE_PROD,TU_US_NONCREDIT_TRUAUDIENCE_PROD,"{""environment"":""Production"",""team"":""TruAudience""}"
TU_US_NONCREDIT_TRUAUDIENCE_PROD,TU_US_NONCREDIT_TRUAUDIENCE_PROD,2026-08-01,2026-09-01,Usage,2026-08-03,2026-08-04,0.012790,0.03,Snowflake,AWS_US_EAST_1,TU_US_NONCREDIT_TRUAUDIENCE_PROD,AUTO_CLUSTERING,AUTO_CLUSTERING,TU_US_NONCREDIT_TRUAUDIENCE_PROD,TU_US_NONCREDIT_TRUAUDIENCE_PROD,"{""environment"":""Production"",""team"":""TruAudience""}"
TU_US_NONCREDIT_TRUAUDIENCE_PROD,TU_US_NONCREDIT_TRUAUDIENCE_PROD,2026-08-01,2026-09-01,Usage,2026-08-03,2026-08-04,0.010175,0.02,Snowflake,AWS_US_EAST_1,TU_US_NONCREDIT_TRUAUDIENCE_PROD,COPY_FILES,COPY_FILES,TU_US_NONCREDIT_TRUAUDIENCE_PROD,TU_US_NONCREDIT_TRUAUDIENCE_PROD,"{""environment"":""Production"",""team"":""TruAudience""}"
TU_US_NONCREDIT_TRUAUDIENCE_PROD,TU_US_NONCREDIT_TRUAUDIENCE_PROD,2026-08-01,2026-09-01,Usage,2026-08-03,2026-08-04,0.002161,0.01,Snowflake,AWS_US_EAST_1,TU_US_NONCREDIT_TRUAUDIENCE_PROD,TELEMETRY_DATA_INGEST,TELEMETRY_DATA_INGEST,TU_US_NONCREDIT_TRUAUDIENCE_PROD,TU_US_NONCREDIT_TRUAUDIENCE_PROD,"{""environment"":""Production"",""team"":""TruAudience""}"
TU_US_NONCREDIT_TRUAUDIENCE_PROD,TU_US_NONCREDIT_TRUAUDIENCE_PROD,2026-08-01,2026-09-01,Usage,2026-08-03,2026-08-04,0.000112,0.00,Snowflake,AWS_US_EAST_1,TU_US_NONCREDIT_TRUAUDIENCE_PROD,AI_INFERENCE,AI_INFERENCE,TU_US_NONCREDIT_TRUAUDIENCE_PROD,TU_US_NONCREDIT_TRUAUDIENCE_PROD,"{""environment"":""Production"",""team"":""TruAudience""}"
TU_US_NONCREDIT_TRUAUDIENCE_PROD,TU_US_NONCREDIT_TRUAUDIENCE_PROD,2026-08-01,2026-09-01,Usage,2026-08-02,2026-08-03,135.052943,325.27,Snowflake,AWS_US_EAST_1,TU_US_NONCREDIT_TRUAUDIENCE_PROD,WAREHOUSE_METERING,WAREHOUSE_METERING,TU_US_NONCREDIT_TRUAUDIENCE_PROD,TU_US_NONCREDIT_TRUAUDIENCE_PROD,"{""environment"":""Production"",""team"":""TruAudience""}"
TU_US_NONCREDIT_TRUAUDIENCE_PROD,TU_US_NONCREDIT_TRUAUDIENCE_PROD,2026-08-01,2026-09-01,Usage,2026-08-02,2026-08-03,24.428237,58.83,Snowflake,AWS_US_EAST_1,TU_US_NONCREDIT_TRUAUDIENCE_PROD,SERVERLESS_TASK,SERVERLESS_TASK,TU_US_NONCREDIT_TRUAUDIENCE_PROD,TU_US_NONCREDIT_TRUAUDIENCE_PROD,"{""environment"":""Production"",""team"":""TruAudience""}"
TU_US_NONCREDIT_TRUAUDIENCE_PROD,TU_US_NONCREDIT_TRUAUDIENCE_PROD,2026-08-01,2026-09-01,Usage,2026-08-02,2026-08-03,1.758161,4.23,Snowflake,AWS_US_EAST_1,TU_US_NONCREDIT_TRUAUDIENCE_PROD,TRUST_CENTER,TRUST_CENTER,TU_US_NONCREDIT_TRUAUDIENCE_PROD,TU_US_NONCREDIT_TRUAUDIENCE_PROD,"{""environment"":""Production"",""team"":""TruAudience""}"
TU_US_NONCREDIT_TRUAUDIENCE_PROD,TU_US_NONCREDIT_TRUAUDIENCE_PROD,2026-08-01,2026-09-01,Usage,2026-08-02,2026-08-03,0.043592,0.10,Snowflake,AWS_US_EAST_1,TU_US_NONCREDIT_TRUAUDIENCE_PROD,AUTO_CLUSTERING,AUTO_CLUSTERING,TU_US_NONCREDIT_TRUAUDIENCE_PROD,TU_US_NONCREDIT_TRUAUDIENCE_PROD,"{""environment"":""Production"",""team"":""TruAudience""}"
TU_US_NONCREDIT_TRUAUDIENCE_PROD,TU_US_NONCREDIT_TRUAUDIENCE_PROD,2026-08-01,2026-09-01,Usage,2026-08-02,2026-08-03,0.033113,0.08,Snowflake,AWS_US_EAST_1,TU_US_NONCREDIT_TRUAUDIENCE_PROD,COPY_FILES,COPY_FILES,TU_US_NONCREDIT_TRUAUDIENCE_PROD,TU_US_NONCREDIT_TRUAUDIENCE_PROD,"{""environment"":""Production"",""team"":""TruAudience""}"
TU_US_NONCREDIT_TRUAUDIENCE_PROD,TU_US_NONCREDIT_TRUAUDIENCE_PROD,2026-08-01,2026-09-01,Usage,2026-08-02,2026-08-03,0.000221,0.00,Snowflake,AWS_US_EAST_1,TU_US_NONCREDIT_TRUAUDIENCE_PROD,PIPE,PIPE,TU_US_NONCREDIT_TRUAUDIENCE_PROD,TU_US_NONCREDIT_TRUAUDIENCE_PROD,"{""environment"":""Production"",""team"":""TruAudience""}"
TU_US_NONCREDIT_TRUAUDIENCE_PROD,TU_US_NONCREDIT_TRUAUDIENCE_PROD,2026-08-01,2026-09-01,Usage,2026-08-02,2026-08-03,0.002061,0.00,Snowflake,AWS_US_EAST_1,TU_US_NONCREDIT_TRUAUDIENCE_PROD,TELEMETRY_DATA_INGEST,TELEMETRY_DATA_INGEST,TU_US_NONCREDIT_TRUAUDIENCE_PROD,TU_US_NONCREDIT_TRUAUDIENCE_PROD,"{""environment"":""Production"",""team"":""TruAudience""}"
TU_US_NONCREDIT_TRUAUDIENCE_PROD,TU_US_NONCREDIT_TRUAUDIENCE_PROD,2026-08-01,2026-09-01,Usage,2026-08-02,2026-08-03,0.000062,0.00,Snowflake,AWS_US_EAST_1,TU_US_NONCREDIT_TRUAUDIENCE_PROD,AI_INFERENCE,AI_INFERENCE,TU_US_NONCREDIT_TRUAUDIENCE_PROD,TU_US_NONCREDIT_TRUAUDIENCE_PROD,"{""environment"":""Production"",""team"":""TruAudience""}"
TU_US_NONCREDIT_TRUAUDIENCE_PROD,TU_US_NONCREDIT_TRUAUDIENCE_PROD,2026-08-01,2026-09-01,Usage,2026-08-01,2026-08-02,221.789668,534.17,Snowflake,AWS_US_EAST_1,TU_US_NONCREDIT_TRUAUDIENCE_PROD,WAREHOUSE_METERING,WAREHOUSE_METERING,TU_US_NONCREDIT_TRUAUDIENCE_PROD,TU_US_NONCREDIT_TRUAUDIENCE_PROD,"{""environment"":""Production"",""team"":""TruAudience""}"
TU_US_NONCREDIT_TRUAUDIENCE_PROD,TU_US_NONCREDIT_TRUAUDIENCE_PROD,2026-08-01,2026-09-01,Usage,2026-08-01,2026-08-02,23.474055,56.54,Snowflake,AWS_US_EAST_1,TU_US_NONCREDIT_TRUAUDIENCE_PROD,SERVERLESS_TASK,SERVERLESS_TASK,TU_US_NONCREDIT_TRUAUDIENCE_PROD,TU_US_NONCREDIT_TRUAUDIENCE_PROD,"{""environment"":""Production"",""team"":""TruAudience""}"
TU_US_NONCREDIT_TRUAUDIENCE_PROD,TU_US_NONCREDIT_TRUAUDIENCE_PROD,2026-08-01,2026-09-01,Usage,2026-08-01,2026-08-02,1.819328,4.38,Snowflake,AWS_US_EAST_1,TU_US_NONCREDIT_TRUAUDIENCE_PROD,TRUST_CENTER,TRUST_CENTER,TU_US_NONCREDIT_TRUAUDIENCE_PROD,TU_US_NONCREDIT_TRUAUDIENCE_PROD,"{""environment"":""Production"",""team"":""TruAudience""}"
TU_US_NONCREDIT_TRUAUDIENCE_PROD,TU_US_NONCREDIT_TRUAUDIENCE_PROD,2026-08-01,2026-09-01,Usage,2026-08-01,2026-08-02,0.032280,0.08,Snowflake,AWS_US_EAST_1,TU_US_NONCREDIT_TRUAUDIENCE_PROD,COPY_FILES,COPY_FILES,TU_US_NONCREDIT_TRUAUDIENCE_PROD,TU_US_NONCREDIT_TRUAUDIENCE_PROD,"{""environment"":""Production"",""team"":""TruAudience""}"
TU_US_NONCREDIT_TRUAUDIENCE_PROD,TU_US_NONCREDIT_TRUAUDIENCE_PROD,2026-08-01,2026-09-01,Usage,2026-08-01,2026-08-02,0.019524,0.05,Snowflake,AWS_US_EAST_1,TU_US_NONCREDIT_TRUAUDIENCE_PROD,AUTO_CLUSTERING,AUTO_CLUSTERING,TU_US_NONCREDIT_TRUAUDIENCE_PROD,TU_US_NONCREDIT_TRUAUDIENCE_PROD,"{""environment"":""Production"",""team"":""TruAudience""}"
TU_US_NONCREDIT_TRUAUDIENCE_PROD,TU_US_NONCREDIT_TRUAUDIENCE_PROD,2026-08-01,2026-09-01,Usage,2026-08-01,2026-08-02,0.002097,0.01,Snowflake,AWS_US_EAST_1,TU_US_NONCREDIT_TRUAUDIENCE_PROD,TELEMETRY_DATA_INGEST,TELEMETRY_DATA_INGEST,TU_US_NONCREDIT_TRUAUDIENCE_PROD,TU_US_NONCREDIT_TRUAUDIENCE_PROD,"{""environment"":""Production"",""team"":""TruAudience""}"
TU_US_NONCREDIT_TRUAUDIENCE_PROD,TU_US_NONCREDIT_TRUAUDIENCE_PROD,2026-08-01,2026-09-01,Usage,2026-08-01,2026-08-02,0.000572,0.00,Snowflake,AWS_US_EAST_1,TU_US_NONCREDIT_TRUAUDIENCE_PROD,AI_INFERENCE,AI_INFERENCE,TU_US_NONCREDIT_TRUAUDIENCE_PROD,TU_US_NONCREDIT_TRUAUDIENCE_PROD,"{""environment"":""Production"",""team"":""TruAudience""}"
TU_US_NONCREDIT_TRUAUDIENCE_STAGE,TU_US_NONCREDIT_TRUAUDIENCE_STAGE,2026-08-01,2026-09-01,Usage,2026-08-29,2026-08-30,195.510276,470.89,Snowflake,AWS_US_EAST_1,TU_US_NONCREDIT_TRUAUDIENCE_STAGE,WAREHOUSE_METERING,WAREHOUSE_METERING,TU_US_NONCREDIT_TRUAUDIENCE_STAGE,TU_US_NONCREDIT_TRUAUDIENCE_STAGE,"{""environment"":""Staging"",""team"":""TruAudience""}"
TU_US_NONCREDIT_TRUAUDIENCE_STAGE,TU_US_NONCREDIT_TRUAUDIENCE_STAGE,2026-08-01,2026-09-01,Usage,2026-08-29,2026-08-30,5.768464,13.89,Snowflake,AWS_US_EAST_1,TU_US_NONCREDIT_TRUAUDIENCE_STAGE,SERVERLESS_TASK,SERVERLESS_TASK,TU_US_NONCREDIT_TRUAUDIENCE_STAGE,TU_US_NONCREDIT_TRUAUDIENCE_STAGE,"{""environment"":""Staging"",""team"":""TruAudience""}"
TU_US_NONCREDIT_TRUAUDIENCE_STAGE,TU_US_NONCREDIT_TRUAUDIENCE_STAGE,2026-08-01,2026-09-01,Usage,2026-08-29,2026-08-30,3.478538,8.38,Snowflake,AWS_US_EAST_1,TU_US_NONCREDIT_TRUAUDIENCE_STAGE,SNOWFLAKE_INTELLIGENCE,SNOWFLAKE_INTELLIGENCE,TU_US_NONCREDIT_TRUAUDIENCE_STAGE,TU_US_NONCREDIT_TRUAUDIENCE_STAGE,"{""environment"":""Staging"",""team"":""TruAudience""}"
TU_US_NONCREDIT_TRUAUDIENCE_STAGE,TU_US_NONCREDIT_TRUAUDIENCE_STAGE,2026-08-01,2026-09-01,Usage,2026-08-29,2026-08-30,3.162858,7.62,Snowflake,AWS_US_EAST_1,TU_US_NONCREDIT_TRUAUDIENCE_STAGE,SNOWPARK_CONTAINER_SERVICES,SNOWPARK_CONTAINER_SERVICES,TU_US_NONCREDIT_TRUAUDIENCE_STAGE,TU_US_NONCREDIT_TRUAUDIENCE_STAGE,"{""environment"":""Staging"",""team"":""TruAudience""}"
TU_US_NONCREDIT_TRUAUDIENCE_STAGE,TU_US_NONCREDIT_TRUAUDIENCE_STAGE,2026-08-01,2026-09-01,Usage,2026-08-29,2026-08-30,2.559706,6.16,Snowflake,AWS_US_EAST_1,TU_US_NONCREDIT_TRUAUDIENCE_STAGE,CORTEX_CODE_SNOWSIGHT,CORTEX_CODE_SNOWSIGHT,TU_US_NONCREDIT_TRUAUDIENCE_STAGE,TU_US_NONCREDIT_TRUAUDIENCE_STAGE,"{""environment"":""Staging"",""team"":""TruAudience""}"
TU_US_NONCREDIT_TRUAUDIENCE_STAGE,TU_US_NONCREDIT_TRUAUDIENCE_STAGE,2026-08-01,2026-09-01,Usage,2026-08-29,2026-08-30,1.023569,2.47,Snowflake,AWS_US_EAST_1,TU_US_NONCREDIT_TRUAUDIENCE_STAGE,TRUST_CENTER,TRUST_CENTER,TU_US_NONCREDIT_TRUAUDIENCE_STAGE,TU_US_NONCREDIT_TRUAUDIENCE_STAGE,"{""environment"":""Staging"",""team"":""TruAudience""}"
TU_US_NONCREDIT_TRUAUDIENCE_STAGE,TU_US_NONCREDIT_TRUAUDIENCE_STAGE,2026-08-01,2026-09-01,Usage,2026-08-29,2026-08-30,0.017348,0.04,Snowflake,AWS_US_EAST_1,TU_US_NONCREDIT_TRUAUDIENCE_STAGE,TELEMETRY_DATA_INGEST,TELEMETRY_DATA_INGEST,TU_US_NONCREDIT_TRUAUDIENCE_STAGE,TU_US_NONCREDIT_TRUAUDIENCE_STAGE,"{""environment"":""Staging"",""team"":""TruAudience""}"
TU_US_NONCREDIT_TRUAUDIENCE_STAGE,TU_US_NONCREDIT_TRUAUDIENCE_STAGE,2026-08-01,2026-09-01,Usage,2026-08-29,2026-08-30,0.004269,0.01,Snowflake,AWS_US_EAST_1,TU_US_NONCREDIT_TRUAUDIENCE_STAGE,AUTO_CLUSTERING,AUTO_CLUSTERING,TU_US_NONCREDIT_TRUAUDIENCE_STAGE,TU_US_NONCREDIT_TRUAUDIENCE_STAGE,"{""environment"":""Staging"",""team"":""TruAudience""}"
TU_US_NONCREDIT_TRUAUDIENCE_STAGE,TU_US_NONCREDIT_TRUAUDIENCE_STAGE,2026-08-01,2026-09-01,Usage,2026-08-29,2026-08-30,0.003290,0.01,Snowflake,AWS_US_EAST_1,TU_US_NONCREDIT_TRUAUDIENCE_STAGE,CORTEX_SEARCH,CORTEX_SEARCH,TU_US_NONCREDIT_TRUAUDIENCE_STAGE,TU_US_NONCREDIT_TRUAUDIENCE_STAGE,"{""environment"":""Staging"",""team"":""TruAudience""}"
TU_US_NONCREDIT_TRUAUDIENCE_STAGE,TU_US_NONCREDIT_TRUAUDIENCE_STAGE,2026-08-01,2026-09-01,Usage,2026-08-29,2026-08-30,0.000433,0.00,Snowflake,AWS_US_EAST_1,TU_US_NONCREDIT_TRUAUDIENCE_STAGE,COPY_FILES,COPY_FILES,TU_US_NONCREDIT_TRUAUDIENCE_STAGE,TU_US_NONCREDIT_TRUAUDIENCE_STAGE,"{""environment"":""Staging"",""team"":""TruAudience""}"
TU_US_NONCREDIT_TRUAUDIENCE_STAGE,TU_US_NONCREDIT_TRUAUDIENCE_STAGE,2026-08-01,2026-09-01,Usage,2026-08-28,2026-08-29,592.646304,1427.38,Snowflake,AWS_US_EAST_1,TU_US_NONCREDIT_TRUAUDIENCE_STAGE,WAREHOUSE_METERING,WAREHOUSE_METERING,TU_US_NONCREDIT_TRUAUDIENCE_STAGE,TU_US_NONCREDIT_TRUAUDIENCE_STAGE,"{""environment"":""Staging"",""team"":""TruAudience""}"
TU_US_NONCREDIT_TRUAUDIENCE_STAGE,TU_US_NONCREDIT_TRUAUDIENCE_STAGE,2026-08-01,2026-09-01,Usage,2026-08-28,2026-08-29,4.897216,11.79,Snowflake,AWS_US_EAST_1,TU_US_NONCREDIT_TRUAUDIENCE_STAGE,SERVERLESS_TASK,SERVERLESS_TASK,TU_US_NONCREDIT_TRUAUDIENCE_STAGE,TU_US_NONCREDIT_TRUAUDIENCE_STAGE,"{""environment"":""Staging"",""team"":""TruAudience""}"
TU_US_NONCREDIT_TRUAUDIENCE_STAGE,TU_US_NONCREDIT_TRUAUDIENCE_STAGE,2026-08-01,2026-09-01,Usage,2026-08-28,2026-08-29,3.842015,9.25,Snowflake,AWS_US_EAST_1,TU_US_NONCREDIT_TRUAUDIENCE_STAGE,CORTEX_CODE_SNOWSIGHT,CORTEX_CODE_SNOWSIGHT,TU_US_NONCREDIT_TRUAUDIENCE_STAGE,TU_US_NONCREDIT_TRUAUDIENCE_STAGE,"{""environment"":""Staging"",""team"":""TruAudience""}"
TU_US_NONCREDIT_TRUAUDIENCE_STAGE,TU_US_NONCREDIT_TRUAUDIENCE_STAGE,2026-08-01,2026-09-01,Usage,2026-08-28,2026-08-29,2.862508,6.89,Snowflake,AWS_US_EAST_1,TU_US_NONCREDIT_TRUAUDIENCE_STAGE,SNOWPARK_CONTAINER_SERVICES,SNOWPARK_CONTAINER_SERVICES,TU_US_NONCREDIT_TRUAUDIENCE_STAGE,TU_US_NONCREDIT_TRUAUDIENCE_STAGE,"{""environment"":""Staging"",""team"":""TruAudience""}"
TU_US_NONCREDIT_TRUAUDIENCE_STAGE,TU_US_NONCREDIT_TRUAUDIENCE_STAGE,2026-08-01,2026-09-01,Usage,2026-08-28,2026-08-29,1.032888,2.49,Snowflake,AWS_US_EAST_1,TU_US_NONCREDIT_TRUAUDIENCE_STAGE,TRUST_CENTER,TRUST_CENTER,TU_US_NONCREDIT_TRUAUDIENCE_STAGE,TU_US_NONCREDIT_TRUAUDIENCE_STAGE,"{""environment"":""Staging"",""team"":""TruAudience""}"
TU_US_NONCREDIT_TRUAUDIENCE_STAGE,TU_US_NONCREDIT_TRUAUDIENCE_STAGE,2026-08-01,2026-09-01,Usage,2026-08-28,2026-08-29,0.011577,0.03,Snowflake,AWS_US_EAST_1,TU_US_NONCREDIT_TRUAUDIENCE_STAGE,TELEMETRY_DATA_INGEST,TELEMETRY_DATA_INGEST,TU_US_NONCREDIT_TRUAUDIENCE_STAGE,TU_US_NONCREDIT_TRUAUDIENCE_STAGE,"{""environment"":""Staging"",""team"":""TruAudience""}"
TU_US_NONCREDIT_TRUAUDIENCE_STAGE,TU_US_NONCREDIT_TRUAUDIENCE_STAGE,2026-08-01,2026-09-01,Usage,2026-08-28,2026-08-29,0.003288,0.01,Snowflake,AWS_US_EAST_1,TU_US_NONCREDIT_TRUAUDIENCE_STAGE,CORTEX_SEARCH,CORTEX_SEARCH,TU_US_NONCREDIT_TRUAUDIENCE_STAGE,TU_US_NONCREDIT_TRUAUDIENCE_STAGE,"{""environment"":""Staging"",""team"":""TruAudience""}"
TU_US_NONCREDIT_TRUAUDIENCE_STAGE,TU_US_NONCREDIT_TRUAUDIENCE_STAGE,2026-08-01,2026-09-01,Usage,2026-08-28,2026-08-29,0.004597,0.01,Snowflake,AWS_US_EAST_1,TU_US_NONCREDIT_TRUAUDIENCE_STAGE,AUTO_CLUSTERING,AUTO_CLUSTERING,TU_US_NONCREDIT_TRUAUDIENCE_STAGE,TU_US_NONCREDIT_TRUAUDIENCE_STAGE,"{""environment"":""Staging"",""team"":""TruAudience""}"
TU_US_NONCREDIT_TRUAUDIENCE_STAGE,TU_US_NONCREDIT_TRUAUDIENCE_STAGE,2026-08-01,2026-09-01,Usage,2026-08-28,2026-08-29,0.001195,0.00,Snowflake,AWS_US_EAST_1,TU_US_NONCREDIT_TRUAUDIENCE_STAGE,COPY_FILES,COPY_FILES,TU_US_NONCREDIT_TRUAUDIENCE_STAGE,TU_US_NONCREDIT_TRUAUDIENCE_STAGE,"{""environment"":""Staging"",""team"":""TruAudience""}"
TU_US_NONCREDIT_TRUAUDIENCE_STAGE,TU_US_NONCREDIT_TRUAUDIENCE_STAGE,2026-08-01,2026-09-01,Usage,2026-08-27,2026-08-28,415.745436,1001.31,Snowflake,AWS_US_EAST_1,TU_US_NONCREDIT_TRUAUDIENCE_STAGE,WAREHOUSE_METERING,WAREHOUSE_METERING,TU_US_NONCREDIT_TRUAUDIENCE_STAGE,TU_US_NONCREDIT_TRUAUDIENCE_STAGE,"{""environment"":""Staging"",""team"":""TruAudience""}"
TU_US_NONCREDIT_TRUAUDIENCE_STAGE,TU_US_NONCREDIT_TRUAUDIENCE_STAGE,2026-08-01,2026-09-01,Usage,2026-08-27,2026-08-28,4.417909,10.64,Snowflake,AWS_US_EAST_1,TU_US_NONCREDIT_TRUAUDIENCE_STAGE,SERVERLESS_TASK,SERVERLESS_TASK,TU_US_NONCREDIT_TRUAUDIENCE_STAGE,TU_US_NONCREDIT_TRUAUDIENCE_STAGE,"{""environment"":""Staging"",""team"":""TruAudience""}"
TU_US_NONCREDIT_TRUAUDIENCE_STAGE,TU_US_NONCREDIT_TRUAUDIENCE_STAGE,2026-08-01,2026-09-01,Usage,2026-08-27,2026-08-28,3.467115,8.35,Snowflake,AWS_US_EAST_1,TU_US_NONCREDIT_TRUAUDIENCE_STAGE,CORTEX_CODE_SNOWSIGHT,CORTEX_CODE_SNOWSIGHT,TU_US_NONCREDIT_TRUAUDIENCE_STAGE,TU_US_NONCREDIT_TRUAUDIENCE_STAGE,"{""environment"":""Staging"",""team"":""TruAudience""}"
TU_US_NONCREDIT_TRUAUDIENCE_STAGE,TU_US_NONCREDIT_TRUAUDIENCE_STAGE,2026-08-01,2026-09-01,Usage,2026-08-27,2026-08-28,2.971861,7.16,Snowflake,AWS_US_EAST_1,TU_US_NONCREDIT_TRUAUDIENCE_STAGE,SNOWPARK_CONTAINER_SERVICES,SNOWPARK_CONTAINER_SERVICES,TU_US_NONCREDIT_TRUAUDIENCE_STAGE,TU_US_NONCREDIT_TRUAUDIENCE_STAGE,"{""environment"":""Staging"",""team"":""TruAudience""}"
TU_US_NONCREDIT_TRUAUDIENCE_STAGE,TU_US_NONCREDIT_TRUAUDIENCE_STAGE,2026-08-01,2026-09-01,Usage,2026-08-27,2026-08-28,1.136103,2.74,Snowflake,AWS_US_EAST_1,TU_US_NONCREDIT_TRUAUDIENCE_STAGE,TRUST_CENTER,TRUST_CENTER,TU_US_NONCREDIT_TRUAUDIENCE_STAGE,TU_US_NONCREDIT_TRUAUDIENCE_STAGE,"{""environment"":""Staging"",""team"":""TruAudience""}"
TU_US_NONCREDIT_TRUAUDIENCE_STAGE,TU_US_NONCREDIT_TRUAUDIENCE_STAGE,2026-08-01,2026-09-01,Usage,2026-08-27,2026-08-28,0.003912,0.01,Snowflake,AWS_US_EAST_1,TU_US_NONCREDIT_TRUAUDIENCE_STAGE,AUTO_CLUSTERING,AUTO_CLUSTERING,TU_US_NONCREDIT_TRUAUDIENCE_STAGE,TU_US_NONCREDIT_TRUAUDIENCE_STAGE,"{""environment"":""Staging"",""team"":""TruAudience""}"
TU_US_NONCREDIT_TRUAUDIENCE_STAGE,TU_US_NONCREDIT_TRUAUDIENCE_STAGE,2026-08-01,2026-09-01,Usage,2026-08-27,2026-08-28,0.003287,0.01,Snowflake,AWS_US_EAST_1,TU_US_NONCREDIT_TRUAUDIENCE_STAGE,CORTEX_SEARCH,CORTEX_SEARCH,TU_US_NONCREDIT_TRUAUDIENCE_STAGE,TU_US_NONCREDIT_TRUAUDIENCE_STAGE,"{""environment"":""Staging"",""team"":""TruAudience""}"
TU_US_NONCREDIT_TRUAUDIENCE_STAGE,TU_US_NONCREDIT_TRUAUDIENCE_STAGE,2026-08-01,2026-09-01,Usage,2026-08-27,2026-08-28,0.003611,0.01,Snowflake,AWS_US_EAST_1,TU_US_NONCREDIT_TRUAUDIENCE_STAGE,TELEMETRY_DATA_INGEST,TELEMETRY_DATA_INGEST,TU_US_NONCREDIT_TRUAUDIENCE_STAGE,TU_US_NONCREDIT_TRUAUDIENCE_STAGE,"{""environment"":""Staging"",""team"":""TruAudience""}"
TU_US_NONCREDIT_TRUAUDIENCE_STAGE,TU_US_NONCREDIT_TRUAUDIENCE_STAGE,2026-08-01,2026-09-01,Usage,2026-08-27,2026-08-28,0.000756,0.00,Snowflake,AWS_US_EAST_1,TU_US_NONCREDIT_TRUAUDIENCE_STAGE,COPY_FILES,COPY_FILES,TU_US_NONCREDIT_TRUAUDIENCE_STAGE,TU_US_NONCREDIT_TRUAUDIENCE_STAGE,"{""environment"":""Staging"",""team"":""TruAudience""}"
TU_US_NONCREDIT_TRUAUDIENCE_STAGE,TU_US_NONCREDIT_TRUAUDIENCE_STAGE,2026-08-01,2026-09-01,Usage,2026-08-26,2026-08-27,82.235511,198.06,Snowflake,AWS_US_EAST_1,TU_US_NONCREDIT_TRUAUDIENCE_STAGE,WAREHOUSE_METERING,WAREHOUSE_METERING,TU_US_NONCREDIT_TRUAUDIENCE_STAGE,TU_US_NONCREDIT_TRUAUDIENCE_STAGE,"{""environment"":""Staging"",""team"":""TruAudience""}"
TU_US_NONCREDIT_TRUAUDIENCE_STAGE,TU_US_NONCREDIT_TRUAUDIENCE_STAGE,2026-08-01,2026-09-01,Usage,2026-08-26,2026-08-27,8.954989,21.57,Snowflake,AWS_US_EAST_1,TU_US_NONCREDIT_TRUAUDIENCE_STAGE,CORTEX_CODE_SNOWSIGHT,CORTEX_CODE_SNOWSIGHT,TU_US_NONCREDIT_TRUAUDIENCE_STAGE,TU_US_NONCREDIT_TRUAUDIENCE_STAGE,"{""environment"":""Staging"",""team"":""TruAudience""}"
TU_US_NONCREDIT_TRUAUDIENCE_STAGE,TU_US_NONCREDIT_TRUAUDIENCE_STAGE,2026-08-01,2026-09-01,Usage,2026-08-26,2026-08-27,4.777088,11.51,Snowflake,AWS_US_EAST_1,TU_US_NONCREDIT_TRUAUDIENCE_STAGE,SERVERLESS_TASK,SERVERLESS_TASK,TU_US_NONCREDIT_TRUAUDIENCE_STAGE,TU_US_NONCREDIT_TRUAUDIENCE_STAGE,"{""environment"":""Staging"",""team"":""TruAudience""}"
TU_US_NONCREDIT_TRUAUDIENCE_STAGE,TU_US_NONCREDIT_TRUAUDIENCE_STAGE,2026-08-01,2026-09-01,Usage,2026-08-26,2026-08-27,3.435737,8.27,Snowflake,AWS_US_EAST_1,TU_US_NONCREDIT_TRUAUDIENCE_STAGE,SNOWPARK_CONTAINER_SERVICES,SNOWPARK_CONTAINER_SERVICES,TU_US_NONCREDIT_TRUAUDIENCE_STAGE,TU_US_NONCREDIT_TRUAUDIENCE_STAGE,"{""environment"":""Staging"",""team"":""TruAudience""}"
TU_US_NONCREDIT_TRUAUDIENCE_STAGE,TU_US_NONCREDIT_TRUAUDIENCE_STAGE,2026-08-01,2026-09-01,Usage,2026-08-26,2026-08-27,1.008169,2.43,Snowflake,AWS_US_EAST_1,TU_US_NONCREDIT_TRUAUDIENCE_STAGE,TRUST_CENTER,TRUST_CENTER,TU_US_NONCREDIT_TRUAUDIENCE_STAGE,TU_US_NONCREDIT_TRUAUDIENCE_STAGE,"{""environment"":""Staging"",""team"":""TruAudience""}"
TU_US_NONCREDIT_TRUAUDIENCE_STAGE,TU_US_NONCREDIT_TRUAUDIENCE_STAGE,2026-08-01,2026-09-01,Usage,2026-08-26,2026-08-27,0.295162,0.71,Snowflake,AWS_US_EAST_1,TU_US_NONCREDIT_TRUAUDIENCE_STAGE,SNOWFLAKE_INTELLIGENCE,SNOWFLAKE_INTELLIGENCE,TU_US_NONCREDIT_TRUAUDIENCE_STAGE,TU_US_NONCREDIT_TRUAUDIENCE_STAGE,"{""environment"":""Staging"",""team"":""TruAudience""}"
TU_US_NONCREDIT_TRUAUDIENCE_STAGE,TU_US_NONCREDIT_TRUAUDIENCE_STAGE,2026-08-01,2026-09-01,Usage,2026-08-26,2026-08-27,0.003289,0.01,Snowflake,AWS_US_EAST_1,TU_US_NONCREDIT_TRUAUDIENCE_STAGE,CORTEX_SEARCH,CORTEX_SEARCH,TU_US_NONCREDIT_TRUAUDIENCE_STAGE,TU_US_NONCREDIT_TRUAUDIENCE_STAGE,"{""environment"":""Staging"",""team"":""TruAudience""}"
TU_US_NONCREDIT_TRUAUDIENCE_STAGE,TU_US_NONCREDIT_TRUAUDIENCE_STAGE,2026-08-01,2026-09-01,Usage,2026-08-26,2026-08-27,0.005270,0.01,Snowflake,AWS_US_EAST_1,TU_US_NONCREDIT_TRUAUDIENCE_STAGE,AUTO_CLUSTERING,AUTO_CLUSTERING,TU_US_NONCREDIT_TRUAUDIENCE_STAGE,TU_US_NONCREDIT_TRUAUDIENCE_STAGE,"{""environment"":""Staging"",""team"":""TruAudience""}"
TU_US_NONCREDIT_TRUAUDIENCE_STAGE,TU_US_NONCREDIT_TRUAUDIENCE_STAGE,2026-08-01,2026-09-01,Usage,2026-08-26,2026-08-27,0.003092,0.01,Snowflake,AWS_US_EAST_1,TU_US_NONCREDIT_TRUAUDIENCE_STAGE,TELEMETRY_DATA_INGEST,TELEMETRY_DATA_INGEST,TU_US_NONCREDIT_TRUAUDIENCE_STAGE,TU_US_NONCREDIT_TRUAUDIENCE_STAGE,"{""environment"":""Staging"",""team"":""TruAudience""}"
TU_US_NONCREDIT_TRUAUDIENCE_STAGE,TU_US_NONCREDIT_TRUAUDIENCE_STAGE,2026-08-01,2026-09-01,Usage,2026-08-26,2026-08-27,0.000123,0.00,Snowflake,AWS_US_EAST_1,TU_US_NONCREDIT_TRUAUDIENCE_STAGE,AI_INFERENCE,AI_INFERENCE,TU_US_NONCREDIT_TRUAUDIENCE_STAGE,TU_US_NONCREDIT_TRUAUDIENCE_STAGE,"{""environment"":""Staging"",""team"":""TruAudience""}"
TU_US_NONCREDIT_TRUAUDIENCE_STAGE,TU_US_NONCREDIT_TRUAUDIENCE_STAGE,2026-08-01,2026-09-01,Usage,2026-08-25,2026-08-26,90.061968,216.91,Snowflake,AWS_US_EAST_1,TU_US_NONCREDIT_TRUAUDIENCE_STAGE,WAREHOUSE_METERING,WAREHOUSE_METERING,TU_US_NONCREDIT_TRUAUDIENCE_STAGE,TU_US_NONCREDIT_TRUAUDIENCE_STAGE,"{""environment"":""Staging"",""team"":""TruAudience""}"
TU_US_NONCREDIT_TRUAUDIENCE_STAGE,TU_US_NONCREDIT_TRUAUDIENCE_STAGE,2026-08-01,2026-09-01,Usage,2026-08-25,2026-08-26,10.510483,25.31,Snowflake,AWS_US_EAST_1,TU_US_NONCREDIT_TRUAUDIENCE_STAGE,SNOWFLAKE_INTELLIGENCE,SNOWFLAKE_INTELLIGENCE,TU_US_NONCREDIT_TRUAUDIENCE_STAGE,TU_US_NONCREDIT_TRUAUDIENCE_STAGE,"{""environment"":""Staging"",""team"":""TruAudience""}"
TU_US_NONCREDIT_TRUAUDIENCE_STAGE,TU_US_NONCREDIT_TRUAUDIENCE_STAGE,2026-08-01,2026-09-01,Usage,2026-08-25,2026-08-26,9.579944,23.07,Snowflake,AWS_US_EAST_1,TU_US_NONCREDIT_TRUAUDIENCE_STAGE,CORTEX_CODE_SNOWSIGHT,CORTEX_CODE_SNOWSIGHT,TU_US_NONCREDIT_TRUAUDIENCE_STAGE,TU_US_NONCREDIT_TRUAUDIENCE_STAGE,"{""environment"":""Staging"",""team"":""TruAudience""}"
TU_US_NONCREDIT_TRUAUDIENCE_STAGE,TU_US_NONCREDIT_TRUAUDIENCE_STAGE,2026-08-01,2026-09-01,Usage,2026-08-25,2026-08-26,5.019787,12.09,Snowflake,AWS_US_EAST_1,TU_US_NONCREDIT_TRUAUDIENCE_STAGE,SERVERLESS_TASK,SERVERLESS_TASK,TU_US_NONCREDIT_TRUAUDIENCE_STAGE,TU_US_NONCREDIT_TRUAUDIENCE_STAGE,"{""environment"":""Staging"",""team"":""TruAudience""}"
TU_US_NONCREDIT_TRUAUDIENCE_STAGE,TU_US_NONCREDIT_TRUAUDIENCE_STAGE,2026-08-01,2026-09-01,Usage,2026-08-25,2026-08-26,2.870588,6.91,Snowflake,AWS_US_EAST_1,TU_US_NONCREDIT_TRUAUDIENCE_STAGE,SNOWPARK_CONTAINER_SERVICES,SNOWPARK_CONTAINER_SERVICES,TU_US_NONCREDIT_TRUAUDIENCE_STAGE,TU_US_NONCREDIT_TRUAUDIENCE_STAGE,"{""environment"":""Staging"",""team"":""TruAudience""}"
TU_US_NONCREDIT_TRUAUDIENCE_STAGE,TU_US_NONCREDIT_TRUAUDIENCE_STAGE,2026-08-01,2026-09-01,Usage,2026-08-25,2026-08-26,1.051371,2.53,Snowflake,AWS_US_EAST_1,TU_US_NONCREDIT_TRUAUDIENCE_STAGE,TRUST_CENTER,TRUST_CENTER,TU_US_NONCREDIT_TRUAUDIENCE_STAGE,TU_US_NONCREDIT_TRUAUDIENCE_STAGE,"{""environment"":""Staging"",""team"":""TruAudience""}"
TU_US_NONCREDIT_TRUAUDIENCE_STAGE,TU_US_NONCREDIT_TRUAUDIENCE_STAGE,2026-08-01,2026-09-01,Usage,2026-08-25,2026-08-26,0.006538,0.02,Snowflake,AWS_US_EAST_1,TU_US_NONCREDIT_TRUAUDIENCE_STAGE,AUTO_CLUSTERING,AUTO_CLUSTERING,TU_US_NONCREDIT_TRUAUDIENCE_STAGE,TU_US_NONCREDIT_TRUAUDIENCE_STAGE,"{""environment"":""Staging"",""team"":""TruAudience""}"
TU_US_NONCREDIT_TRUAUDIENCE_STAGE,TU_US_NONCREDIT_TRUAUDIENCE_STAGE,2026-08-01,2026-09-01,Usage,2026-08-25,2026-08-26,0.009526,0.02,Snowflake,AWS_US_EAST_1,TU_US_NONCREDIT_TRUAUDIENCE_STAGE,TELEMETRY_DATA_INGEST,TELEMETRY_DATA_INGEST,TU_US_NONCREDIT_TRUAUDIENCE_STAGE,TU_US_NONCREDIT_TRUAUDIENCE_STAGE,"{""environment"":""Staging"",""team"":""TruAudience""}"
TU_US_NONCREDIT_TRUAUDIENCE_STAGE,TU_US_NONCREDIT_TRUAUDIENCE_STAGE,2026-08-01,2026-09-01,Usage,2026-08-25,2026-08-26,0.003288,0.01,Snowflake,AWS_US_EAST_1,TU_US_NONCREDIT_TRUAUDIENCE_STAGE,CORTEX_SEARCH,CORTEX_SEARCH,TU_US_NONCREDIT_TRUAUDIENCE_STAGE,TU_US_NONCREDIT_TRUAUDIENCE_STAGE,"{""environment"":""Staging"",""team"":""TruAudience""}"
TU_US_NONCREDIT_TRUAUDIENCE_STAGE,TU_US_NONCREDIT_TRUAUDIENCE_STAGE,2026-08-01,2026-09-01,Usage,2026-08-24,2026-08-25,190.103896,457.86,Snowflake,AWS_US_EAST_1,TU_US_NONCREDIT_TRUAUDIENCE_STAGE,WAREHOUSE_METERING,WAREHOUSE_METERING,TU_US_NONCREDIT_TRUAUDIENCE_STAGE,TU_US_NONCREDIT_TRUAUDIENCE_STAGE,"{""environment"":""Staging"",""team"":""TruAudience""}"
TU_US_NONCREDIT_TRUAUDIENCE_STAGE,TU_US_NONCREDIT_TRUAUDIENCE_STAGE,2026-08-01,2026-09-01,Usage,2026-08-24,2026-08-25,11.303404,27.22,Snowflake,AWS_US_EAST_1,TU_US_NONCREDIT_TRUAUDIENCE_STAGE,SNOWFLAKE_INTELLIGENCE,SNOWFLAKE_INTELLIGENCE,TU_US_NONCREDIT_TRUAUDIENCE_STAGE,TU_US_NONCREDIT_TRUAUDIENCE_STAGE,"{""environment"":""Staging"",""team"":""TruAudience""}"
TU_US_NONCREDIT_TRUAUDIENCE_STAGE,TU_US_NONCREDIT_TRUAUDIENCE_STAGE,2026-08-01,2026-09-01,Usage,2026-08-24,2026-08-25,6.988116,16.83,Snowflake,AWS_US_EAST_1,TU_US_NONCREDIT_TRUAUDIENCE_STAGE,CORTEX_CODE_SNOWSIGHT,CORTEX_CODE_SNOWSIGHT,TU_US_NONCREDIT_TRUAUDIENCE_STAGE,TU_US_NONCREDIT_TRUAUDIENCE_STAGE,"{""environment"":""Staging"",""team"":""TruAudience""}"
TU_US_NONCREDIT_TRUAUDIENCE_STAGE,TU_US_NONCREDIT_TRUAUDIENCE_STAGE,2026-08-01,2026-09-01,Usage,2026-08-24,2026-08-25,5.198588,12.52,Snowflake,AWS_US_EAST_1,TU_US_NONCREDIT_TRUAUDIENCE_STAGE,SERVERLESS_TASK,SERVERLESS_TASK,TU_US_NONCREDIT_TRUAUDIENCE_STAGE,TU_US_NONCREDIT_TRUAUDIENCE_STAGE,"{""environment"":""Staging"",""team"":""TruAudience""}"
TU_US_NONCREDIT_TRUAUDIENCE_STAGE,TU_US_NONCREDIT_TRUAUDIENCE_STAGE,2026-08-01,2026-09-01,Usage,2026-08-24,2026-08-25,2.864442,6.90,Snowflake,AWS_US_EAST_1,TU_US_NONCREDIT_TRUAUDIENCE_STAGE,SNOWPARK_CONTAINER_SERVICES,SNOWPARK_CONTAINER_SERVICES,TU_US_NONCREDIT_TRUAUDIENCE_STAGE,TU_US_NONCREDIT_TRUAUDIENCE_STAGE,"{""environment"":""Staging"",""team"":""TruAudience""}"
TU_US_NONCREDIT_TRUAUDIENCE_STAGE,TU_US_NONCREDIT_TRUAUDIENCE_STAGE,2026-08-01,2026-09-01,Usage,2026-08-24,2026-08-25,1.203841,2.90,Snowflake,AWS_US_EAST_1,TU_US_NONCREDIT_TRUAUDIENCE_STAGE,TRUST_CENTER,TRUST_CENTER,TU_US_NONCREDIT_TRUAUDIENCE_STAGE,TU_US_NONCREDIT_TRUAUDIENCE_STAGE,"{""environment"":""Staging"",""team"":""TruAudience""}"
TU_US_NONCREDIT_TRUAUDIENCE_STAGE,TU_US_NONCREDIT_TRUAUDIENCE_STAGE,2026-08-01,2026-09-01,Usage,2026-08-24,2026-08-25,0.009456,0.02,Snowflake,AWS_US_EAST_1,TU_US_NONCREDIT_TRUAUDIENCE_STAGE,TELEMETRY_DATA_INGEST,TELEMETRY_DATA_INGEST,TU_US_NONCREDIT_TRUAUDIENCE_STAGE,TU_US_NONCREDIT_TRUAUDIENCE_STAGE,"{""environment"":""Staging"",""team"":""TruAudience""}"
TU_US_NONCREDIT_TRUAUDIENCE_STAGE,TU_US_NONCREDIT_TRUAUDIENCE_STAGE,2026-08-01,2026-09-01,Usage,2026-08-24,2026-08-25,0.008637,0.02,Snowflake,AWS_US_EAST_1,TU_US_NONCREDIT_TRUAUDIENCE_STAGE,AUTO_CLUSTERING,AUTO_CLUSTERING,TU_US_NONCREDIT_TRUAUDIENCE_STAGE,TU_US_NONCREDIT_TRUAUDIENCE_STAGE,"{""environment"":""Staging"",""team"":""TruAudience""}"
TU_US_NONCREDIT_TRUAUDIENCE_STAGE,TU_US_NONCREDIT_TRUAUDIENCE_STAGE,2026-08-01,2026-09-01,Usage,2026-08-24,2026-08-25,0.003116,0.01,Snowflake,AWS_US_EAST_1,TU_US_NONCREDIT_TRUAUDIENCE_STAGE,CORTEX_SEARCH,CORTEX_SEARCH,TU_US_NONCREDIT_TRUAUDIENCE_STAGE,TU_US_NONCREDIT_TRUAUDIENCE_STAGE,"{""environment"":""Staging"",""team"":""TruAudience""}"
TU_US_NONCREDIT_TRUAUDIENCE_STAGE,TU_US_NONCREDIT_TRUAUDIENCE_STAGE,2026-08-01,2026-09-01,Usage,2026-08-24,2026-08-25,0.005776,0.01,Snowflake,AWS_US_EAST_1,TU_US_NONCREDIT_TRUAUDIENCE_STAGE,AI_FUNCTIONS,AI_FUNCTIONS,TU_US_NONCREDIT_TRUAUDIENCE_STAGE,TU_US_NONCREDIT_TRUAUDIENCE_STAGE,"{""environment"":""Staging"",""team"":""TruAudience""}"
TU_US_NONCREDIT_TRUAUDIENCE_STAGE,TU_US_NONCREDIT_TRUAUDIENCE_STAGE,2026-08-01,2026-09-01,Usage,2026-08-24,2026-08-25,0.000457,0.00,Snowflake,AWS_US_EAST_1,TU_US_NONCREDIT_TRUAUDIENCE_STAGE,AI_INFERENCE,AI_INFERENCE,TU_US_NONCREDIT_TRUAUDIENCE_STAGE,TU_US_NONCREDIT_TRUAUDIENCE_STAGE,"{""environment"":""Staging"",""team"":""TruAudience""}"
TU_US_NONCREDIT_TRUAUDIENCE_STAGE,TU_US_NONCREDIT_TRUAUDIENCE_STAGE,2026-08-01,2026-09-01,Usage,2026-08-23,2026-08-24,139.201446,335.25,Snowflake,AWS_US_EAST_1,TU_US_NONCREDIT_TRUAUDIENCE_STAGE,WAREHOUSE_METERING,WAREHOUSE_METERING,TU_US_NONCREDIT_TRUAUDIENCE_STAGE,TU_US_NONCREDIT_TRUAUDIENCE_STAGE,"{""environment"":""Staging"",""team"":""TruAudience""}"
TU_US_NONCREDIT_TRUAUDIENCE_STAGE,TU_US_NONCREDIT_TRUAUDIENCE_STAGE,2026-08-01,2026-09-01,Usage,2026-08-23,2026-08-24,5.083999,12.24,Snowflake,AWS_US_EAST_1,TU_US_NONCREDIT_TRUAUDIENCE_STAGE,SERVERLESS_TASK,SERVERLESS_TASK,TU_US_NONCREDIT_TRUAUDIENCE_STAGE,TU_US_NONCREDIT_TRUAUDIENCE_STAGE,"{""environment"":""Staging"",""team"":""TruAudience""}"
TU_US_NONCREDIT_TRUAUDIENCE_STAGE,TU_US_NONCREDIT_TRUAUDIENCE_STAGE,2026-08-01,2026-09-01,Usage,2026-08-23,2026-08-24,2.865306,6.90,Snowflake,AWS_US_EAST_1,TU_US_NONCREDIT_TRUAUDIENCE_STAGE,SNOWPARK_CONTAINER_SERVICES,SNOWPARK_CONTAINER_SERVICES,TU_US_NONCREDIT_TRUAUDIENCE_STAGE,TU_US_NONCREDIT_TRUAUDIENCE_STAGE,"{""environment"":""Staging"",""team"":""TruAudience""}"
TU_US_NONCREDIT_TRUAUDIENCE_STAGE,TU_US_NONCREDIT_TRUAUDIENCE_STAGE,2026-08-01,2026-09-01,Usage,2026-08-23,2026-08-24,1.390158,3.35,Snowflake,AWS_US_EAST_1,TU_US_NONCREDIT_TRUAUDIENCE_STAGE,CORTEX_CODE_SNOWSIGHT,CORTEX_CODE_SNOWSIGHT,TU_US_NONCREDIT_TRUAUDIENCE_STAGE,TU_US_NONCREDIT_TRUAUDIENCE_STAGE,"{""environment"":""Staging"",""team"":""TruAudience""}"
TU_US_NONCREDIT_TRUAUDIENCE_STAGE,TU_US_NONCREDIT_TRUAUDIENCE_STAGE,2026-08-01,2026-09-01,Usage,2026-08-23,2026-08-24,0.999143,2.41,Snowflake,AWS_US_EAST_1,TU_US_NONCREDIT_TRUAUDIENCE_STAGE,SNOWFLAKE_INTELLIGENCE,SNOWFLAKE_INTELLIGENCE,TU_US_NONCREDIT_TRUAUDIENCE_STAGE,TU_US_NONCREDIT_TRUAUDIENCE_STAGE,"{""environment"":""Staging"",""team"":""TruAudience""}"
TU_US_NONCREDIT_TRUAUDIENCE_STAGE,TU_US_NONCREDIT_TRUAUDIENCE_STAGE,2026-08-01,2026-09-01,Usage,2026-08-23,2026-08-24,0.804692,1.94,Snowflake,AWS_US_EAST_1,TU_US_NONCREDIT_TRUAUDIENCE_STAGE,TRUST_CENTER,TRUST_CENTER,TU_US_NONCREDIT_TRUAUDIENCE_STAGE,TU_US_NONCREDIT_TRUAUDIENCE_STAGE,"{""environment"":""Staging"",""team"":""TruAudience""}"
TU_US_NONCREDIT_TRUAUDIENCE_STAGE,TU_US_NONCREDIT_TRUAUDIENCE_STAGE,2026-08-01,2026-09-01,Usage,2026-08-23,2026-08-24,0.004168,0.01,Snowflake,AWS_US_EAST_1,TU_US_NONCREDIT_TRUAUDIENCE_STAGE,TELEMETRY_DATA_INGEST,TELEMETRY_DATA_INGEST,TU_US_NONCREDIT_TRUAUDIENCE_STAGE,TU_US_NONCREDIT_TRUAUDIENCE_STAGE,"{""environment"":""Staging"",""team"":""TruAudience""}"
TU_US_NONCREDIT_TRUAUDIENCE_STAGE,TU_US_NONCREDIT_TRUAUDIENCE_STAGE,2026-08-01,2026-09-01,Usage,2026-08-23,2026-08-24,0.002432,0.01,Snowflake,AWS_US_EAST_1,TU_US_NONCREDIT_TRUAUDIENCE_STAGE,CORTEX_SEARCH,CORTEX_SEARCH,TU_US_NONCREDIT_TRUAUDIENCE_STAGE,TU_US_NONCREDIT_TRUAUDIENCE_STAGE,"{""environment"":""Staging"",""team"":""TruAudience""}"
TU_US_NONCREDIT_TRUAUDIENCE_STAGE,TU_US_NONCREDIT_TRUAUDIENCE_STAGE,2026-08-01,2026-09-01,Usage,2026-08-23,2026-08-24,0.003319,0.01,Snowflake,AWS_US_EAST_1,TU_US_NONCREDIT_TRUAUDIENCE_STAGE,AUTO_CLUSTERING,AUTO_CLUSTERING,TU_US_NONCREDIT_TRUAUDIENCE_STAGE,TU_US_NONCREDIT_TRUAUDIENCE_STAGE,"{""environment"":""Staging"",""team"":""TruAudience""}"
TU_US_NONCREDIT_TRUAUDIENCE_STAGE,TU_US_NONCREDIT_TRUAUDIENCE_STAGE,2026-08-01,2026-09-01,Usage,2026-08-23,2026-08-24,0.000371,0.00,Snowflake,AWS_US_EAST_1,TU_US_NONCREDIT_TRUAUDIENCE_STAGE,AI_INFERENCE,AI_INFERENCE,TU_US_NONCREDIT_TRUAUDIENCE_STAGE,TU_US_NONCREDIT_TRUAUDIENCE_STAGE,"{""environment"":""Staging"",""team"":""TruAudience""}"
TU_US_NONCREDIT_TRUAUDIENCE_STAGE,TU_US_NONCREDIT_TRUAUDIENCE_STAGE,2026-08-01,2026-09-01,Usage,2026-08-22,2026-08-23,63.802247,153.66,Snowflake,AWS_US_EAST_1,TU_US_NONCREDIT_TRUAUDIENCE_STAGE,WAREHOUSE_METERING,WAREHOUSE_METERING,TU_US_NONCREDIT_TRUAUDIENCE_STAGE,TU_US_NONCREDIT_TRUAUDIENCE_STAGE,"{""environment"":""Staging"",""team"":""TruAudience""}"
TU_US_NONCREDIT_TRUAUDIENCE_STAGE,TU_US_NONCREDIT_TRUAUDIENCE_STAGE,2026-08-01,2026-09-01,Usage,2026-08-22,2026-08-23,4.626014,11.14,Snowflake,AWS_US_EAST_1,TU_US_NONCREDIT_TRUAUDIENCE_STAGE,SERVERLESS_TASK,SERVERLESS_TASK,TU_US_NONCREDIT_TRUAUDIENCE_STAGE,TU_US_NONCREDIT_TRUAUDIENCE_STAGE,"{""environment"":""Staging"",""team"":""TruAudience""}"
TU_US_NONCREDIT_TRUAUDIENCE_STAGE,TU_US_NONCREDIT_TRUAUDIENCE_STAGE,2026-08-01,2026-09-01,Usage,2026-08-22,2026-08-23,4.491163,10.82,Snowflake,AWS_US_EAST_1,TU_US_NONCREDIT_TRUAUDIENCE_STAGE,SNOWFLAKE_INTELLIGENCE,SNOWFLAKE_INTELLIGENCE,TU_US_NONCREDIT_TRUAUDIENCE_STAGE,TU_US_NONCREDIT_TRUAUDIENCE_STAGE,"{""environment"":""Staging"",""team"":""TruAudience""}"
TU_US_NONCREDIT_TRUAUDIENCE_STAGE,TU_US_NONCREDIT_TRUAUDIENCE_STAGE,2026-08-01,2026-09-01,Usage,2026-08-22,2026-08-23,2.872279,6.92,Snowflake,AWS_US_EAST_1,TU_US_NONCREDIT_TRUAUDIENCE_STAGE,SNOWPARK_CONTAINER_SERVICES,SNOWPARK_CONTAINER_SERVICES,TU_US_NONCREDIT_TRUAUDIENCE_STAGE,TU_US_NONCREDIT_TRUAUDIENCE_STAGE,"{""environment"":""Staging"",""team"":""TruAudience""}"
TU_US_NONCREDIT_TRUAUDIENCE_STAGE,TU_US_NONCREDIT_TRUAUDIENCE_STAGE,2026-08-01,2026-09-01,Usage,2026-08-22,2026-08-23,1.519214,3.66,Snowflake,AWS_US_EAST_1,TU_US_NONCREDIT_TRUAUDIENCE_STAGE,CORTEX_CODE_SNOWSIGHT,CORTEX_CODE_SNOWSIGHT,TU_US_NONCREDIT_TRUAUDIENCE_STAGE,TU_US_NONCREDIT_TRUAUDIENCE_STAGE,"{""environment"":""Staging"",""team"":""TruAudience""}"
TU_US_NONCREDIT_TRUAUDIENCE_STAGE,TU_US_NONCREDIT_TRUAUDIENCE_STAGE,2026-08-01,2026-09-01,Usage,2026-08-22,2026-08-23,1.137306,2.74,Snowflake,AWS_US_EAST_1,TU_US_NONCREDIT_TRUAUDIENCE_STAGE,TRUST_CENTER,TRUST_CENTER,TU_US_NONCREDIT_TRUAUDIENCE_STAGE,TU_US_NONCREDIT_TRUAUDIENCE_STAGE,"{""environment"":""Staging"",""team"":""TruAudience""}"
TU_US_NONCREDIT_TRUAUDIENCE_STAGE,TU_US_NONCREDIT_TRUAUDIENCE_STAGE,2026-08-01,2026-09-01,Usage,2026-08-22,2026-08-23,0.004025,0.01,Snowflake,AWS_US_EAST_1,TU_US_NONCREDIT_TRUAUDIENCE_STAGE,TELEMETRY_DATA_INGEST,TELEMETRY_DATA_INGEST,TU_US_NONCREDIT_TRUAUDIENCE_STAGE,TU_US_NONCREDIT_TRUAUDIENCE_STAGE,"{""environment"":""Staging"",""team"":""TruAudience""}"
TU_US_NONCREDIT_TRUAUDIENCE_STAGE,TU_US_NONCREDIT_TRUAUDIENCE_STAGE,2026-08-01,2026-09-01,Usage,2026-08-22,2026-08-23,0.004300,0.01,Snowflake,AWS_US_EAST_1,TU_US_NONCREDIT_TRUAUDIENCE_STAGE,AUTO_CLUSTERING,AUTO_CLUSTERING,TU_US_NONCREDIT_TRUAUDIENCE_STAGE,TU_US_NONCREDIT_TRUAUDIENCE_STAGE,"{""environment"":""Staging"",""team"":""TruAudience""}"
TU_US_NONCREDIT_TRUAUDIENCE_STAGE,TU_US_NONCREDIT_TRUAUDIENCE_STAGE,2026-08-01,2026-09-01,Usage,2026-08-22,2026-08-23,0.002440,0.01,Snowflake,AWS_US_EAST_1,TU_US_NONCREDIT_TRUAUDIENCE_STAGE,CORTEX_SEARCH,CORTEX_SEARCH,TU_US_NONCREDIT_TRUAUDIENCE_STAGE,TU_US_NONCREDIT_TRUAUDIENCE_STAGE,"{""environment"":""Staging"",""team"":""TruAudience""}"
TU_US_NONCREDIT_TRUAUDIENCE_STAGE,TU_US_NONCREDIT_TRUAUDIENCE_STAGE,2026-08-01,2026-09-01,Usage,2026-08-22,2026-08-23,0.000304,0.00,Snowflake,AWS_US_EAST_1,TU_US_NONCREDIT_TRUAUDIENCE_STAGE,AI_INFERENCE,AI_INFERENCE,TU_US_NONCREDIT_TRUAUDIENCE_STAGE,TU_US_NONCREDIT_TRUAUDIENCE_STAGE,"{""environment"":""Staging"",""team"":""TruAudience""}"
TU_US_NONCREDIT_TRUAUDIENCE_STAGE,TU_US_NONCREDIT_TRUAUDIENCE_STAGE,2026-08-01,2026-09-01,Usage,2026-08-21,2026-08-22,21.663718,52.17,Snowflake,AWS_US_EAST_1,TU_US_NONCREDIT_TRUAUDIENCE_STAGE,WAREHOUSE_METERING,WAREHOUSE_METERING,TU_US_NONCREDIT_TRUAUDIENCE_STAGE,TU_US_NONCREDIT_TRUAUDIENCE_STAGE,"{""environment"":""Staging"",""team"":""TruAudience""}"
TU_US_NONCREDIT_TRUAUDIENCE_STAGE,TU_US_NONCREDIT_TRUAUDIENCE_STAGE,2026-08-01,2026-09-01,Usage,2026-08-21,2026-08-22,4.231100,10.19,Snowflake,AWS_US_EAST_1,TU_US_NONCREDIT_TRUAUDIENCE_STAGE,SERVERLESS_TASK,SERVERLESS_TASK,TU_US_NONCREDIT_TRUAUDIENCE_STAGE,TU_US_NONCREDIT_TRUAUDIENCE_STAGE,"{""environment"":""Staging"",""team"":""TruAudience""}"
TU_US_NONCREDIT_TRUAUDIENCE_STAGE,TU_US_NONCREDIT_TRUAUDIENCE_STAGE,2026-08-01,2026-09-01,Usage,2026-08-21,2026-08-22,2.864075,6.90,Snowflake,AWS_US_EAST_1,TU_US_NONCREDIT_TRUAUDIENCE_STAGE,SNOWPARK_CONTAINER_SERVICES,SNOWPARK_CONTAINER_SERVICES,TU_US_NONCREDIT_TRUAUDIENCE_STAGE,TU_US_NONCREDIT_TRUAUDIENCE_STAGE,"{""environment"":""Staging"",""team"":""TruAudience""}"
TU_US_NONCREDIT_TRUAUDIENCE_STAGE,TU_US_NONCREDIT_TRUAUDIENCE_STAGE,2026-08-01,2026-09-01,Usage,2026-08-21,2026-08-22,0.977088,2.35,Snowflake,AWS_US_EAST_1,TU_US_NONCREDIT_TRUAUDIENCE_STAGE,TRUST_CENTER,TRUST_CENTER,TU_US_NONCREDIT_TRUAUDIENCE_STAGE,TU_US_NONCREDIT_TRUAUDIENCE_STAGE,"{""environment"":""Staging"",""team"":""TruAudience""}"
TU_US_NONCREDIT_TRUAUDIENCE_STAGE,TU_US_NONCREDIT_TRUAUDIENCE_STAGE,2026-08-01,2026-09-01,Usage,2026-08-21,2026-08-22,0.003001,0.01,Snowflake,AWS_US_EAST_1,TU_US_NONCREDIT_TRUAUDIENCE_STAGE,AUTO_CLUSTERING,AUTO_CLUSTERING,TU_US_NONCREDIT_TRUAUDIENCE_STAGE,TU_US_NONCREDIT_TRUAUDIENCE_STAGE,"{""environment"":""Staging"",""team"":""TruAudience""}"
TU_US_NONCREDIT_TRUAUDIENCE_STAGE,TU_US_NONCREDIT_TRUAUDIENCE_STAGE,2026-08-01,2026-09-01,Usage,2026-08-21,2026-08-22,0.002296,0.01,Snowflake,AWS_US_EAST_1,TU_US_NONCREDIT_TRUAUDIENCE_STAGE,TELEMETRY_DATA_INGEST,TELEMETRY_DATA_INGEST,TU_US_NONCREDIT_TRUAUDIENCE_STAGE,TU_US_NONCREDIT_TRUAUDIENCE_STAGE,"{""environment"":""Staging"",""team"":""TruAudience""}"
TU_US_NONCREDIT_TRUAUDIENCE_STAGE,TU_US_NONCREDIT_TRUAUDIENCE_STAGE,2026-08-01,2026-09-01,Usage,2026-08-21,2026-08-22,0.002434,0.01,Snowflake,AWS_US_EAST_1,TU_US_NONCREDIT_TRUAUDIENCE_STAGE,CORTEX_SEARCH,CORTEX_SEARCH,TU_US_NONCREDIT_TRUAUDIENCE_STAGE,TU_US_NONCREDIT_TRUAUDIENCE_STAGE,"{""environment"":""Staging"",""team"":""TruAudience""}"
TU_US_NONCREDIT_TRUAUDIENCE_STAGE,TU_US_NONCREDIT_TRUAUDIENCE_STAGE,2026-08-01,2026-09-01,Usage,2026-08-20,2026-08-21,22.063348,53.14,Snowflake,AWS_US_EAST_1,TU_US_NONCREDIT_TRUAUDIENCE_STAGE,WAREHOUSE_METERING,WAREHOUSE_METERING,TU_US_NONCREDIT_TRUAUDIENCE_STAGE,TU_US_NONCREDIT_TRUAUDIENCE_STAGE,"{""environment"":""Staging"",""team"":""TruAudience""}"
TU_US_NONCREDIT_TRUAUDIENCE_STAGE,TU_US_NONCREDIT_TRUAUDIENCE_STAGE,2026-08-01,2026-09-01,Usage,2026-08-20,2026-08-21,4.223756,10.17,Snowflake,AWS_US_EAST_1,TU_US_NONCREDIT_TRUAUDIENCE_STAGE,SERVERLESS_TASK,SERVERLESS_TASK,TU_US_NONCREDIT_TRUAUDIENCE_STAGE,TU_US_NONCREDIT_TRUAUDIENCE_STAGE,"{""environment"":""Staging"",""team"":""TruAudience""}"
TU_US_NONCREDIT_TRUAUDIENCE_STAGE,TU_US_NONCREDIT_TRUAUDIENCE_STAGE,2026-08-01,2026-09-01,Usage,2026-08-20,2026-08-21,2.872381,6.92,Snowflake,AWS_US_EAST_1,TU_US_NONCREDIT_TRUAUDIENCE_STAGE,SNOWPARK_CONTAINER_SERVICES,SNOWPARK_CONTAINER_SERVICES,TU_US_NONCREDIT_TRUAUDIENCE_STAGE,TU_US_NONCREDIT_TRUAUDIENCE_STAGE,"{""environment"":""Staging"",""team"":""TruAudience""}"
TU_US_NONCREDIT_TRUAUDIENCE_STAGE,TU_US_NONCREDIT_TRUAUDIENCE_STAGE,2026-08-01,2026-09-01,Usage,2026-08-20,2026-08-21,1.371037,3.30,Snowflake,AWS_US_EAST_1,TU_US_NONCREDIT_TRUAUDIENCE_STAGE,TRUST_CENTER,TRUST_CENTER,TU_US_NONCREDIT_TRUAUDIENCE_STAGE,TU_US_NONCREDIT_TRUAUDIENCE_STAGE,"{""environment"":""Staging"",""team"":""TruAudience""}"
TU_US_NONCREDIT_TRUAUDIENCE_STAGE,TU_US_NONCREDIT_TRUAUDIENCE_STAGE,2026-08-01,2026-09-01,Usage,2026-08-20,2026-08-21,0.002376,0.01,Snowflake,AWS_US_EAST_1,TU_US_NONCREDIT_TRUAUDIENCE_STAGE,TELEMETRY_DATA_INGEST,TELEMETRY_DATA_INGEST,TU_US_NONCREDIT_TRUAUDIENCE_STAGE,TU_US_NONCREDIT_TRUAUDIENCE_STAGE,"{""environment"":""Staging"",""team"":""TruAudience""}"
TU_US_NONCREDIT_TRUAUDIENCE_STAGE,TU_US_NONCREDIT_TRUAUDIENCE_STAGE,2026-08-01,2026-09-01,Usage,2026-08-20,2026-08-21,0.002437,0.01,Snowflake,AWS_US_EAST_1,TU_US_NONCREDIT_TRUAUDIENCE_STAGE,CORTEX_SEARCH,CORTEX_SEARCH,TU_US_NONCREDIT_TRUAUDIENCE_STAGE,TU_US_NONCREDIT_TRUAUDIENCE_STAGE,"{""environment"":""Staging"",""team"":""TruAudience""}"
TU_US_NONCREDIT_TRUAUDIENCE_STAGE,TU_US_NONCREDIT_TRUAUDIENCE_STAGE,2026-08-01,2026-09-01,Usage,2026-08-20,2026-08-21,0.003006,0.01,Snowflake,AWS_US_EAST_1,TU_US_NONCREDIT_TRUAUDIENCE_STAGE,AUTO_CLUSTERING,AUTO_CLUSTERING,TU_US_NONCREDIT_TRUAUDIENCE_STAGE,TU_US_NONCREDIT_TRUAUDIENCE_STAGE,"{""environment"":""Staging"",""team"":""TruAudience""}"
TU_US_NONCREDIT_TRUAUDIENCE_STAGE,TU_US_NONCREDIT_TRUAUDIENCE_STAGE,2026-08-01,2026-09-01,Usage,2026-08-19,2026-08-20,51.616262,124.32,Snowflake,AWS_US_EAST_1,TU_US_NONCREDIT_TRUAUDIENCE_STAGE,WAREHOUSE_METERING,WAREHOUSE_METERING,TU_US_NONCREDIT_TRUAUDIENCE_STAGE,TU_US_NONCREDIT_TRUAUDIENCE_STAGE,"{""environment"":""Staging"",""team"":""TruAudience""}"
TU_US_NONCREDIT_TRUAUDIENCE_STAGE,TU_US_NONCREDIT_TRUAUDIENCE_STAGE,2026-08-01,2026-09-01,Usage,2026-08-19,2026-08-20,4.588773,11.05,Snowflake,AWS_US_EAST_1,TU_US_NONCREDIT_TRUAUDIENCE_STAGE,SERVERLESS_TASK,SERVERLESS_TASK,TU_US_NONCREDIT_TRUAUDIENCE_STAGE,TU_US_NONCREDIT_TRUAUDIENCE_STAGE,"{""environment"":""Staging"",""team"":""TruAudience""}"
TU_US_NONCREDIT_TRUAUDIENCE_STAGE,TU_US_NONCREDIT_TRUAUDIENCE_STAGE,2026-08-01,2026-09-01,Usage,2026-08-19,2026-08-20,2.868288,6.91,Snowflake,AWS_US_EAST_1,TU_US_NONCREDIT_TRUAUDIENCE_STAGE,SNOWPARK_CONTAINER_SERVICES,SNOWPARK_CONTAINER_SERVICES,TU_US_NONCREDIT_TRUAUDIENCE_STAGE,TU_US_NONCREDIT_TRUAUDIENCE_STAGE,"{""environment"":""Staging"",""team"":""TruAudience""}"
TU_US_NONCREDIT_TRUAUDIENCE_STAGE,TU_US_NONCREDIT_TRUAUDIENCE_STAGE,2026-08-01,2026-09-01,Usage,2026-08-19,2026-08-20,0.848386,2.04,Snowflake,AWS_US_EAST_1,TU_US_NONCREDIT_TRUAUDIENCE_STAGE,TRUST_CENTER,TRUST_CENTER,TU_US_NONCREDIT_TRUAUDIENCE_STAGE,TU_US_NONCREDIT_TRUAUDIENCE_STAGE,"{""environment"":""Staging"",""team"":""TruAudience""}"
TU_US_NONCREDIT_TRUAUDIENCE_STAGE,TU_US_NONCREDIT_TRUAUDIENCE_STAGE,2026-08-01,2026-09-01,Usage,2026-08-19,2026-08-20,0.002365,0.01,Snowflake,AWS_US_EAST_1,TU_US_NONCREDIT_TRUAUDIENCE_STAGE,TELEMETRY_DATA_INGEST,TELEMETRY_DATA_INGEST,TU_US_NONCREDIT_TRUAUDIENCE_STAGE,TU_US_NONCREDIT_TRUAUDIENCE_STAGE,"{""environment"":""Staging"",""team"":""TruAudience""}"
TU_US_NONCREDIT_TRUAUDIENCE_STAGE,TU_US_NONCREDIT_TRUAUDIENCE_STAGE,2026-08-01,2026-09-01,Usage,2026-08-19,2026-08-20,0.006178,0.01,Snowflake,AWS_US_EAST_1,TU_US_NONCREDIT_TRUAUDIENCE_STAGE,AUTO_CLUSTERING,AUTO_CLUSTERING,TU_US_NONCREDIT_TRUAUDIENCE_STAGE,TU_US_NONCREDIT_TRUAUDIENCE_STAGE,"{""environment"":""Staging"",""team"":""TruAudience""}"
TU_US_NONCREDIT_TRUAUDIENCE_STAGE,TU_US_NONCREDIT_TRUAUDIENCE_STAGE,2026-08-01,2026-09-01,Usage,2026-08-19,2026-08-20,0.002436,0.01,Snowflake,AWS_US_EAST_1,TU_US_NONCREDIT_TRUAUDIENCE_STAGE,CORTEX_SEARCH,CORTEX_SEARCH,TU_US_NONCREDIT_TRUAUDIENCE_STAGE,TU_US_NONCREDIT_TRUAUDIENCE_STAGE,"{""environment"":""Staging"",""team"":""TruAudience""}"
TU_US_NONCREDIT_TRUAUDIENCE_STAGE,TU_US_NONCREDIT_TRUAUDIENCE_STAGE,2026-08-01,2026-09-01,Usage,2026-08-18,2026-08-19,66.623176,160.46,Snowflake,AWS_US_EAST_1,TU_US_NONCREDIT_TRUAUDIENCE_STAGE,WAREHOUSE_METERING,WAREHOUSE_METERING,TU_US_NONCREDIT_TRUAUDIENCE_STAGE,TU_US_NONCREDIT_TRUAUDIENCE_STAGE,"{""environment"":""Staging"",""team"":""TruAudience""}"
TU_US_NONCREDIT_TRUAUDIENCE_STAGE,TU_US_NONCREDIT_TRUAUDIENCE_STAGE,2026-08-01,2026-09-01,Usage,2026-08-18,2026-08-19,8.325468,20.05,Snowflake,AWS_US_EAST_1,TU_US_NONCREDIT_TRUAUDIENCE_STAGE,SNOWFLAKE_INTELLIGENCE,SNOWFLAKE_INTELLIGENCE,TU_US_NONCREDIT_TRUAUDIENCE_STAGE,TU_US_NONCREDIT_TRUAUDIENCE_STAGE,"{""environment"":""Staging"",""team"":""TruAudience""}"
TU_US_NONCREDIT_TRUAUDIENCE_STAGE,TU_US_NONCREDIT_TRUAUDIENCE_STAGE,2026-08-01,2026-09-01,Usage,2026-08-18,2026-08-19,4.833029,11.64,Snowflake,AWS_US_EAST_1,TU_US_NONCREDIT_TRUAUDIENCE_STAGE,SERVERLESS_TASK,SERVERLESS_TASK,TU_US_NONCREDIT_TRUAUDIENCE_STAGE,TU_US_NONCREDIT_TRUAUDIENCE_STAGE,"{""environment"":""Staging"",""team"":""TruAudience""}"
TU_US_NONCREDIT_TRUAUDIENCE_STAGE,TU_US_NONCREDIT_TRUAUDIENCE_STAGE,2026-08-01,2026-09-01,Usage,2026-08-18,2026-08-19,2.865203,6.90,Snowflake,AWS_US_EAST_1,TU_US_NONCREDIT_TRUAUDIENCE_STAGE,SNOWPARK_CONTAINER_SERVICES,SNOWPARK_CONTAINER_SERVICES,TU_US_NONCREDIT_TRUAUDIENCE_STAGE,TU_US_NONCREDIT_TRUAUDIENCE_STAGE,"{""environment"":""Staging"",""team"":""TruAudience""}"
TU_US_NONCREDIT_TRUAUDIENCE_STAGE,TU_US_NONCREDIT_TRUAUDIENCE_STAGE,2026-08-01,2026-09-01,Usage,2026-08-18,2026-08-19,0.739391,1.78,Snowflake,AWS_US_EAST_1,TU_US_NONCREDIT_TRUAUDIENCE_STAGE,TRUST_CENTER,TRUST_CENTER,TU_US_NONCREDIT_TRUAUDIENCE_STAGE,TU_US_NONCREDIT_TRUAUDIENCE_STAGE,"{""environment"":""Staging"",""team"":""TruAudience""}"
TU_US_NONCREDIT_TRUAUDIENCE_STAGE,TU_US_NONCREDIT_TRUAUDIENCE_STAGE,2026-08-01,2026-09-01,Usage,2026-08-18,2026-08-19,0.006342,0.02,Snowflake,AWS_US_EAST_1,TU_US_NONCREDIT_TRUAUDIENCE_STAGE,AUTO_CLUSTERING,AUTO_CLUSTERING,TU_US_NONCREDIT_TRUAUDIENCE_STAGE,TU_US_NONCREDIT_TRUAUDIENCE_STAGE,"{""environment"":""Staging"",""team"":""TruAudience""}"
TU_US_NONCREDIT_TRUAUDIENCE_STAGE,TU_US_NONCREDIT_TRUAUDIENCE_STAGE,2026-08-01,2026-09-01,Usage,2026-08-18,2026-08-19,0.002432,0.01,Snowflake,AWS_US_EAST_1,TU_US_NONCREDIT_TRUAUDIENCE_STAGE,CORTEX_SEARCH,CORTEX_SEARCH,TU_US_NONCREDIT_TRUAUDIENCE_STAGE,TU_US_NONCREDIT_TRUAUDIENCE_STAGE,"{""environment"":""Staging"",""team"":""TruAudience""}"
TU_US_NONCREDIT_TRUAUDIENCE_STAGE,TU_US_NONCREDIT_TRUAUDIENCE_STAGE,2026-08-01,2026-09-01,Usage,2026-08-18,2026-08-19,0.002578,0.01,Snowflake,AWS_US_EAST_1,TU_US_NONCREDIT_TRUAUDIENCE_STAGE,TELEMETRY_DATA_INGEST,TELEMETRY_DATA_INGEST,TU_US_NONCREDIT_TRUAUDIENCE_STAGE,TU_US_NONCREDIT_TRUAUDIENCE_STAGE,"{""environment"":""Staging"",""team"":""TruAudience""}"
TU_US_NONCREDIT_TRUAUDIENCE_STAGE,TU_US_NONCREDIT_TRUAUDIENCE_STAGE,2026-08-01,2026-09-01,Usage,2026-08-18,2026-08-19,0.000058,0.00,Snowflake,AWS_US_EAST_1,TU_US_NONCREDIT_TRUAUDIENCE_STAGE,AI_INFERENCE,AI_INFERENCE,TU_US_NONCREDIT_TRUAUDIENCE_STAGE,TU_US_NONCREDIT_TRUAUDIENCE_STAGE,"{""environment"":""Staging"",""team"":""TruAudience""}"
TU_US_NONCREDIT_TRUAUDIENCE_STAGE,TU_US_NONCREDIT_TRUAUDIENCE_STAGE,2026-08-01,2026-09-01,Usage,2026-08-17,2026-08-18,64.309776,154.89,Snowflake,AWS_US_EAST_1,TU_US_NONCREDIT_TRUAUDIENCE_STAGE,WAREHOUSE_METERING,WAREHOUSE_METERING,TU_US_NONCREDIT_TRUAUDIENCE_STAGE,TU_US_NONCREDIT_TRUAUDIENCE_STAGE,"{""environment"":""Staging"",""team"":""TruAudience""}"
TU_US_NONCREDIT_TRUAUDIENCE_STAGE,TU_US_NONCREDIT_TRUAUDIENCE_STAGE,2026-08-01,2026-09-01,Usage,2026-08-17,2026-08-18,4.702989,11.33,Snowflake,AWS_US_EAST_1,TU_US_NONCREDIT_TRUAUDIENCE_STAGE,SERVERLESS_TASK,SERVERLESS_TASK,TU_US_NONCREDIT_TRUAUDIENCE_STAGE,TU_US_NONCREDIT_TRUAUDIENCE_STAGE,"{""environment"":""Staging"",""team"":""TruAudience""}"
TU_US_NONCREDIT_TRUAUDIENCE_STAGE,TU_US_NONCREDIT_TRUAUDIENCE_STAGE,2026-08-01,2026-09-01,Usage,2026-08-17,2026-08-18,2.871087,6.91,Snowflake,AWS_US_EAST_1,TU_US_NONCREDIT_TRUAUDIENCE_STAGE,SNOWPARK_CONTAINER_SERVICES,SNOWPARK_CONTAINER_SERVICES,TU_US_NONCREDIT_TRUAUDIENCE_STAGE,TU_US_NONCREDIT_TRUAUDIENCE_STAGE,"{""environment"":""Staging"",""team"":""TruAudience""}"
TU_US_NONCREDIT_TRUAUDIENCE_STAGE,TU_US_NONCREDIT_TRUAUDIENCE_STAGE,2026-08-01,2026-09-01,Usage,2026-08-17,2026-08-18,1.106417,2.66,Snowflake,AWS_US_EAST_1,TU_US_NONCREDIT_TRUAUDIENCE_STAGE,TRUST_CENTER,TRUST_CENTER,TU_US_NONCREDIT_TRUAUDIENCE_STAGE,TU_US_NONCREDIT_TRUAUDIENCE_STAGE,"{""environment"":""Staging"",""team"":""TruAudience""}"
TU_US_NONCREDIT_TRUAUDIENCE_STAGE,TU_US_NONCREDIT_TRUAUDIENCE_STAGE,2026-08-01,2026-09-01,Usage,2026-08-17,2026-08-18,0.097278,0.23,Snowflake,AWS_US_EAST_1,TU_US_NONCREDIT_TRUAUDIENCE_STAGE,SNOWFLAKE_INTELLIGENCE,SNOWFLAKE_INTELLIGENCE,TU_US_NONCREDIT_TRUAUDIENCE_STAGE,TU_US_NONCREDIT_TRUAUDIENCE_STAGE,"{""environment"":""Staging"",""team"":""TruAudience""}"
TU_US_NONCREDIT_TRUAUDIENCE_STAGE,TU_US_NONCREDIT_TRUAUDIENCE_STAGE,2026-08-01,2026-09-01,Usage,2026-08-17,2026-08-18,0.034167,0.08,Snowflake,AWS_US_EAST_1,TU_US_NONCREDIT_TRUAUDIENCE_STAGE,CORTEX_CODE_SNOWSIGHT,CORTEX_CODE_SNOWSIGHT,TU_US_NONCREDIT_TRUAUDIENCE_STAGE,TU_US_NONCREDIT_TRUAUDIENCE_STAGE,"{""environment"":""Staging"",""team"":""TruAudience""}"
TU_US_NONCREDIT_TRUAUDIENCE_STAGE,TU_US_NONCREDIT_TRUAUDIENCE_STAGE,2026-08-01,2026-09-01,Usage,2026-08-17,2026-08-18,0.005175,0.01,Snowflake,AWS_US_EAST_1,TU_US_NONCREDIT_TRUAUDIENCE_STAGE,AUTO_CLUSTERING,AUTO_CLUSTERING,TU_US_NONCREDIT_TRUAUDIENCE_STAGE,TU_US_NONCREDIT_TRUAUDIENCE_STAGE,"{""environment"":""Staging"",""team"":""TruAudience""}"
TU_US_NONCREDIT_TRUAUDIENCE_STAGE,TU_US_NONCREDIT_TRUAUDIENCE_STAGE,2026-08-01,2026-09-01,Usage,2026-08-17,2026-08-18,0.002429,0.01,Snowflake,AWS_US_EAST_1,TU_US_NONCREDIT_TRUAUDIENCE_STAGE,CORTEX_SEARCH,CORTEX_SEARCH,TU_US_NONCREDIT_TRUAUDIENCE_STAGE,TU_US_NONCREDIT_TRUAUDIENCE_STAGE,"{""environment"":""Staging"",""team"":""TruAudience""}"
TU_US_NONCREDIT_TRUAUDIENCE_STAGE,TU_US_NONCREDIT_TRUAUDIENCE_STAGE,2026-08-01,2026-09-01,Usage,2026-08-17,2026-08-18,0.003051,0.01,Snowflake,AWS_US_EAST_1,TU_US_NONCREDIT_TRUAUDIENCE_STAGE,TELEMETRY_DATA_INGEST,TELEMETRY_DATA_INGEST,TU_US_NONCREDIT_TRUAUDIENCE_STAGE,TU_US_NONCREDIT_TRUAUDIENCE_STAGE,"{""environment"":""Staging"",""team"":""TruAudience""}"
TU_US_NONCREDIT_TRUAUDIENCE_STAGE,TU_US_NONCREDIT_TRUAUDIENCE_STAGE,2026-08-01,2026-09-01,Usage,2026-08-17,2026-08-18,0.000245,0.00,Snowflake,AWS_US_EAST_1,TU_US_NONCREDIT_TRUAUDIENCE_STAGE,AI_INFERENCE,AI_INFERENCE,TU_US_NONCREDIT_TRUAUDIENCE_STAGE,TU_US_NONCREDIT_TRUAUDIENCE_STAGE,"{""environment"":""Staging"",""team"":""TruAudience""}"
TU_US_NONCREDIT_TRUAUDIENCE_STAGE,TU_US_NONCREDIT_TRUAUDIENCE_STAGE,2026-08-01,2026-09-01,Usage,2026-08-16,2026-08-17,73.246866,176.41,Snowflake,AWS_US_EAST_1,TU_US_NONCREDIT_TRUAUDIENCE_STAGE,WAREHOUSE_METERING,WAREHOUSE_METERING,TU_US_NONCREDIT_TRUAUDIENCE_STAGE,TU_US_NONCREDIT_TRUAUDIENCE_STAGE,"{""environment"":""Staging"",""team"":""TruAudience""}"
TU_US_NONCREDIT_TRUAUDIENCE_STAGE,TU_US_NONCREDIT_TRUAUDIENCE_STAGE,2026-08-01,2026-09-01,Usage,2026-08-16,2026-08-17,4.647292,11.19,Snowflake,AWS_US_EAST_1,TU_US_NONCREDIT_TRUAUDIENCE_STAGE,SERVERLESS_TASK,SERVERLESS_TASK,TU_US_NONCREDIT_TRUAUDIENCE_STAGE,TU_US_NONCREDIT_TRUAUDIENCE_STAGE,"{""environment"":""Staging"",""team"":""TruAudience""}"
TU_US_NONCREDIT_TRUAUDIENCE_STAGE,TU_US_NONCREDIT_TRUAUDIENCE_STAGE,2026-08-01,2026-09-01,Usage,2026-08-16,2026-08-17,2.868525,6.91,Snowflake,AWS_US_EAST_1,TU_US_NONCREDIT_TRUAUDIENCE_STAGE,SNOWPARK_CONTAINER_SERVICES,SNOWPARK_CONTAINER_SERVICES,TU_US_NONCREDIT_TRUAUDIENCE_STAGE,TU_US_NONCREDIT_TRUAUDIENCE_STAGE,"{""environment"":""Staging"",""team"":""TruAudience""}"
TU_US_NONCREDIT_TRUAUDIENCE_STAGE,TU_US_NONCREDIT_TRUAUDIENCE_STAGE,2026-08-01,2026-09-01,Usage,2026-08-16,2026-08-17,1.632995,3.93,Snowflake,AWS_US_EAST_1,TU_US_NONCREDIT_TRUAUDIENCE_STAGE,CORTEX_CODE_SNOWSIGHT,CORTEX_CODE_SNOWSIGHT,TU_US_NONCREDIT_TRUAUDIENCE_STAGE,TU_US_NONCREDIT_TRUAUDIENCE_STAGE,"{""environment"":""Staging"",""team"":""TruAudience""}"
TU_US_NONCREDIT_TRUAUDIENCE_STAGE,TU_US_NONCREDIT_TRUAUDIENCE_STAGE,2026-08-01,2026-09-01,Usage,2026-08-16,2026-08-17,0.882838,2.13,Snowflake,AWS_US_EAST_1,TU_US_NONCREDIT_TRUAUDIENCE_STAGE,TRUST_CENTER,TRUST_CENTER,TU_US_NONCREDIT_TRUAUDIENCE_STAGE,TU_US_NONCREDIT_TRUAUDIENCE_STAGE,"{""environment"":""Staging"",""team"":""TruAudience""}"
TU_US_NONCREDIT_TRUAUDIENCE_STAGE,TU_US_NONCREDIT_TRUAUDIENCE_STAGE,2026-08-01,2026-09-01,Usage,2026-08-16,2026-08-17,0.002430,0.01,Snowflake,AWS_US_EAST_1,TU_US_NONCREDIT_TRUAUDIENCE_STAGE,CORTEX_SEARCH,CORTEX_SEARCH,TU_US_NONCREDIT_TRUAUDIENCE_STAGE,TU_US_NONCREDIT_TRUAUDIENCE_STAGE,"{""environment"":""Staging"",""team"":""TruAudience""}"
TU_US_NONCREDIT_TRUAUDIENCE_STAGE,TU_US_NONCREDIT_TRUAUDIENCE_STAGE,2026-08-01,2026-09-01,Usage,2026-08-16,2026-08-17,0.005299,0.01,Snowflake,AWS_US_EAST_1,TU_US_NONCREDIT_TRUAUDIENCE_STAGE,AUTO_CLUSTERING,AUTO_CLUSTERING,TU_US_NONCREDIT_TRUAUDIENCE_STAGE,TU_US_NONCREDIT_TRUAUDIENCE_STAGE,"{""environment"":""Staging"",""team"":""TruAudience""}"
TU_US_NONCREDIT_TRUAUDIENCE_STAGE,TU_US_NONCREDIT_TRUAUDIENCE_STAGE,2026-08-01,2026-09-01,Usage,2026-08-16,2026-08-17,0.003361,0.01,Snowflake,AWS_US_EAST_1,TU_US_NONCREDIT_TRUAUDIENCE_STAGE,TELEMETRY_DATA_INGEST,TELEMETRY_DATA_INGEST,TU_US_NONCREDIT_TRUAUDIENCE_STAGE,TU_US_NONCREDIT_TRUAUDIENCE_STAGE,"{""environment"":""Staging"",""team"":""TruAudience""}"
TU_US_NONCREDIT_TRUAUDIENCE_STAGE,TU_US_NONCREDIT_TRUAUDIENCE_STAGE,2026-08-01,2026-09-01,Usage,2026-08-15,2026-08-16,83.077799,200.09,Snowflake,AWS_US_EAST_1,TU_US_NONCREDIT_TRUAUDIENCE_STAGE,WAREHOUSE_METERING,WAREHOUSE_METERING,TU_US_NONCREDIT_TRUAUDIENCE_STAGE,TU_US_NONCREDIT_TRUAUDIENCE_STAGE,"{""environment"":""Staging"",""team"":""TruAudience""}"
TU_US_NONCREDIT_TRUAUDIENCE_STAGE,TU_US_NONCREDIT_TRUAUDIENCE_STAGE,2026-08-01,2026-09-01,Usage,2026-08-15,2026-08-16,4.293279,10.34,Snowflake,AWS_US_EAST_1,TU_US_NONCREDIT_TRUAUDIENCE_STAGE,SERVERLESS_TASK,SERVERLESS_TASK,TU_US_NONCREDIT_TRUAUDIENCE_STAGE,TU_US_NONCREDIT_TRUAUDIENCE_STAGE,"{""environment"":""Staging"",""team"":""TruAudience""}"
TU_US_NONCREDIT_TRUAUDIENCE_STAGE,TU_US_NONCREDIT_TRUAUDIENCE_STAGE,2026-08-01,2026-09-01,Usage,2026-08-15,2026-08-16,2.866320,6.90,Snowflake,AWS_US_EAST_1,TU_US_NONCREDIT_TRUAUDIENCE_STAGE,SNOWPARK_CONTAINER_SERVICES,SNOWPARK_CONTAINER_SERVICES,TU_US_NONCREDIT_TRUAUDIENCE_STAGE,TU_US_NONCREDIT_TRUAUDIENCE_STAGE,"{""environment"":""Staging"",""team"":""TruAudience""}"
TU_US_NONCREDIT_TRUAUDIENCE_STAGE,TU_US_NONCREDIT_TRUAUDIENCE_STAGE,2026-08-01,2026-09-01,Usage,2026-08-15,2026-08-16,0.862259,2.08,Snowflake,AWS_US_EAST_1,TU_US_NONCREDIT_TRUAUDIENCE_STAGE,TRUST_CENTER,TRUST_CENTER,TU_US_NONCREDIT_TRUAUDIENCE_STAGE,TU_US_NONCREDIT_TRUAUDIENCE_STAGE,"{""environment"":""Staging"",""team"":""TruAudience""}"
TU_US_NONCREDIT_TRUAUDIENCE_STAGE,TU_US_NONCREDIT_TRUAUDIENCE_STAGE,2026-08-01,2026-09-01,Usage,2026-08-15,2026-08-16,0.329154,0.79,Snowflake,AWS_US_EAST_1,TU_US_NONCREDIT_TRUAUDIENCE_STAGE,CORTEX_CODE_SNOWSIGHT,CORTEX_CODE_SNOWSIGHT,TU_US_NONCREDIT_TRUAUDIENCE_STAGE,TU_US_NONCREDIT_TRUAUDIENCE_STAGE,"{""environment"":""Staging"",""team"":""TruAudience""}"
TU_US_NONCREDIT_TRUAUDIENCE_STAGE,TU_US_NONCREDIT_TRUAUDIENCE_STAGE,2026-08-01,2026-09-01,Usage,2026-08-15,2026-08-16,0.003651,0.01,Snowflake,AWS_US_EAST_1,TU_US_NONCREDIT_TRUAUDIENCE_STAGE,AUTO_CLUSTERING,AUTO_CLUSTERING,TU_US_NONCREDIT_TRUAUDIENCE_STAGE,TU_US_NONCREDIT_TRUAUDIENCE_STAGE,"{""environment"":""Staging"",""team"":""TruAudience""}"
TU_US_NONCREDIT_TRUAUDIENCE_STAGE,TU_US_NONCREDIT_TRUAUDIENCE_STAGE,2026-08-01,2026-09-01,Usage,2026-08-15,2026-08-16,0.002402,0.01,Snowflake,AWS_US_EAST_1,TU_US_NONCREDIT_TRUAUDIENCE_STAGE,TELEMETRY_DATA_INGEST,TELEMETRY_DATA_INGEST,TU_US_NONCREDIT_TRUAUDIENCE_STAGE,TU_US_NONCREDIT_TRUAUDIENCE_STAGE,"{""environment"":""Staging"",""team"":""TruAudience""}"
TU_US_NONCREDIT_TRUAUDIENCE_STAGE,TU_US_NONCREDIT_TRUAUDIENCE_STAGE,2026-08-01,2026-09-01,Usage,2026-08-15,2026-08-16,0.002427,0.01,Snowflake,AWS_US_EAST_1,TU_US_NONCREDIT_TRUAUDIENCE_STAGE,CORTEX_SEARCH,CORTEX_SEARCH,TU_US_NONCREDIT_TRUAUDIENCE_STAGE,TU_US_NONCREDIT_TRUAUDIENCE_STAGE,"{""environment"":""Staging"",""team"":""TruAudience""}"
TU_US_NONCREDIT_TRUAUDIENCE_STAGE,TU_US_NONCREDIT_TRUAUDIENCE_STAGE,2026-08-01,2026-09-01,Usage,2026-08-15,2026-08-16,0.000170,0.00,Snowflake,AWS_US_EAST_1,TU_US_NONCREDIT_TRUAUDIENCE_STAGE,AI_INFERENCE,AI_INFERENCE,TU_US_NONCREDIT_TRUAUDIENCE_STAGE,TU_US_NONCREDIT_TRUAUDIENCE_STAGE,"{""environment"":""Staging"",""team"":""TruAudience""}"
TU_US_NONCREDIT_TRUAUDIENCE_STAGE,TU_US_NONCREDIT_TRUAUDIENCE_STAGE,2026-08-01,2026-09-01,Usage,2026-08-14,2026-08-15,45.444872,109.45,Snowflake,AWS_US_EAST_1,TU_US_NONCREDIT_TRUAUDIENCE_STAGE,WAREHOUSE_METERING,WAREHOUSE_METERING,TU_US_NONCREDIT_TRUAUDIENCE_STAGE,TU_US_NONCREDIT_TRUAUDIENCE_STAGE,"{""environment"":""Staging"",""team"":""TruAudience""}"
TU_US_NONCREDIT_TRUAUDIENCE_STAGE,TU_US_NONCREDIT_TRUAUDIENCE_STAGE,2026-08-01,2026-09-01,Usage,2026-08-14,2026-08-15,3.336465,8.04,Snowflake,AWS_US_EAST_1,TU_US_NONCREDIT_TRUAUDIENCE_STAGE,SERVERLESS_TASK,SERVERLESS_TASK,TU_US_NONCREDIT_TRUAUDIENCE_STAGE,TU_US_NONCREDIT_TRUAUDIENCE_STAGE,"{""environment"":""Staging"",""team"":""TruAudience""}"
TU_US_NONCREDIT_TRUAUDIENCE_STAGE,TU_US_NONCREDIT_TRUAUDIENCE_STAGE,2026-08-01,2026-09-01,Usage,2026-08-14,2026-08-15,2.873777,6.92,Snowflake,AWS_US_EAST_1,TU_US_NONCREDIT_TRUAUDIENCE_STAGE,SNOWPARK_CONTAINER_SERVICES,SNOWPARK_CONTAINER_SERVICES,TU_US_NONCREDIT_TRUAUDIENCE_STAGE,TU_US_NONCREDIT_TRUAUDIENCE_STAGE,"{""environment"":""Staging"",""team"":""TruAudience""}"
TU_US_NONCREDIT_TRUAUDIENCE_STAGE,TU_US_NONCREDIT_TRUAUDIENCE_STAGE,2026-08-01,2026-09-01,Usage,2026-08-14,2026-08-15,0.804403,1.94,Snowflake,AWS_US_EAST_1,TU_US_NONCREDIT_TRUAUDIENCE_STAGE,TRUST_CENTER,TRUST_CENTER,TU_US_NONCREDIT_TRUAUDIENCE_STAGE,TU_US_NONCREDIT_TRUAUDIENCE_STAGE,"{""environment"":""Staging"",""team"":""TruAudience""}"
TU_US_NONCREDIT_TRUAUDIENCE_STAGE,TU_US_NONCREDIT_TRUAUDIENCE_STAGE,2026-08-01,2026-09-01,Usage,2026-08-14,2026-08-15,0.075452,0.18,Snowflake,AWS_US_EAST_1,TU_US_NONCREDIT_TRUAUDIENCE_STAGE,CORTEX_CODE_SNOWSIGHT,CORTEX_CODE_SNOWSIGHT,TU_US_NONCREDIT_TRUAUDIENCE_STAGE,TU_US_NONCREDIT_TRUAUDIENCE_STAGE,"{""environment"":""Staging"",""team"":""TruAudience""}"
TU_US_NONCREDIT_TRUAUDIENCE_STAGE,TU_US_NONCREDIT_TRUAUDIENCE_STAGE,2026-08-01,2026-09-01,Usage,2026-08-14,2026-08-15,0.002429,0.01,Snowflake,AWS_US_EAST_1,TU_US_NONCREDIT_TRUAUDIENCE_STAGE,CORTEX_SEARCH,CORTEX_SEARCH,TU_US_NONCREDIT_TRUAUDIENCE_STAGE,TU_US_NONCREDIT_TRUAUDIENCE_STAGE,"{""environment"":""Staging"",""team"":""TruAudience""}"
TU_US_NONCREDIT_TRUAUDIENCE_STAGE,TU_US_NONCREDIT_TRUAUDIENCE_STAGE,2026-08-01,2026-09-01,Usage,2026-08-14,2026-08-15,0.003890,0.01,Snowflake,AWS_US_EAST_1,TU_US_NONCREDIT_TRUAUDIENCE_STAGE,AUTO_CLUSTERING,AUTO_CLUSTERING,TU_US_NONCREDIT_TRUAUDIENCE_STAGE,TU_US_NONCREDIT_TRUAUDIENCE_STAGE,"{""environment"":""Staging"",""team"":""TruAudience""}"
TU_US_NONCREDIT_TRUAUDIENCE_STAGE,TU_US_NONCREDIT_TRUAUDIENCE_STAGE,2026-08-01,2026-09-01,Usage,2026-08-14,2026-08-15,0.002618,0.01,Snowflake,AWS_US_EAST_1,TU_US_NONCREDIT_TRUAUDIENCE_STAGE,TELEMETRY_DATA_INGEST,TELEMETRY_DATA_INGEST,TU_US_NONCREDIT_TRUAUDIENCE_STAGE,TU_US_NONCREDIT_TRUAUDIENCE_STAGE,"{""environment"":""Staging"",""team"":""TruAudience""}"
TU_US_NONCREDIT_TRUAUDIENCE_STAGE,TU_US_NONCREDIT_TRUAUDIENCE_STAGE,2026-08-01,2026-09-01,Usage,2026-08-14,2026-08-15,0.000174,0.00,Snowflake,AWS_US_EAST_1,TU_US_NONCREDIT_TRUAUDIENCE_STAGE,AI_INFERENCE,AI_INFERENCE,TU_US_NONCREDIT_TRUAUDIENCE_STAGE,TU_US_NONCREDIT_TRUAUDIENCE_STAGE,"{""environment"":""Staging"",""team"":""TruAudience""}"
TU_US_NONCREDIT_TRUAUDIENCE_STAGE,TU_US_NONCREDIT_TRUAUDIENCE_STAGE,2026-08-01,2026-09-01,Usage,2026-08-13,2026-08-14,51.376864,123.74,Snowflake,AWS_US_EAST_1,TU_US_NONCREDIT_TRUAUDIENCE_STAGE,WAREHOUSE_METERING,WAREHOUSE_METERING,TU_US_NONCREDIT_TRUAUDIENCE_STAGE,TU_US_NONCREDIT_TRUAUDIENCE_STAGE,"{""environment"":""Staging"",""team"":""TruAudience""}"
TU_US_NONCREDIT_TRUAUDIENCE_STAGE,TU_US_NONCREDIT_TRUAUDIENCE_STAGE,2026-08-01,2026-09-01,Usage,2026-08-13,2026-08-14,3.461716,8.34,Snowflake,AWS_US_EAST_1,TU_US_NONCREDIT_TRUAUDIENCE_STAGE,SERVERLESS_TASK,SERVERLESS_TASK,TU_US_NONCREDIT_TRUAUDIENCE_STAGE,TU_US_NONCREDIT_TRUAUDIENCE_STAGE,"{""environment"":""Staging"",""team"":""TruAudience""}"
TU_US_NONCREDIT_TRUAUDIENCE_STAGE,TU_US_NONCREDIT_TRUAUDIENCE_STAGE,2026-08-01,2026-09-01,Usage,2026-08-13,2026-08-14,2.860043,6.89,Snowflake,AWS_US_EAST_1,TU_US_NONCREDIT_TRUAUDIENCE_STAGE,SNOWPARK_CONTAINER_SERVICES,SNOWPARK_CONTAINER_SERVICES,TU_US_NONCREDIT_TRUAUDIENCE_STAGE,TU_US_NONCREDIT_TRUAUDIENCE_STAGE,"{""environment"":""Staging"",""team"":""TruAudience""}"
TU_US_NONCREDIT_TRUAUDIENCE_STAGE,TU_US_NONCREDIT_TRUAUDIENCE_STAGE,2026-08-01,2026-09-01,Usage,2026-08-13,2026-08-14,0.754747,1.82,Snowflake,AWS_US_EAST_1,TU_US_NONCREDIT_TRUAUDIENCE_STAGE,TRUST_CENTER,TRUST_CENTER,TU_US_NONCREDIT_TRUAUDIENCE_STAGE,TU_US_NONCREDIT_TRUAUDIENCE_STAGE,"{""environment"":""Staging"",""team"":""TruAudience""}"
TU_US_NONCREDIT_TRUAUDIENCE_STAGE,TU_US_NONCREDIT_TRUAUDIENCE_STAGE,2026-08-01,2026-09-01,Usage,2026-08-13,2026-08-14,0.069741,0.17,Snowflake,AWS_US_EAST_1,TU_US_NONCREDIT_TRUAUDIENCE_STAGE,CORTEX_CODE_SNOWSIGHT,CORTEX_CODE_SNOWSIGHT,TU_US_NONCREDIT_TRUAUDIENCE_STAGE,TU_US_NONCREDIT_TRUAUDIENCE_STAGE,"{""environment"":""Staging"",""team"":""TruAudience""}"
TU_US_NONCREDIT_TRUAUDIENCE_STAGE,TU_US_NONCREDIT_TRUAUDIENCE_STAGE,2026-08-01,2026-09-01,Usage,2026-08-13,2026-08-14,0.002429,0.01,Snowflake,AWS_US_EAST_1,TU_US_NONCREDIT_TRUAUDIENCE_STAGE,CORTEX_SEARCH,CORTEX_SEARCH,TU_US_NONCREDIT_TRUAUDIENCE_STAGE,TU_US_NONCREDIT_TRUAUDIENCE_STAGE,"{""environment"":""Staging"",""team"":""TruAudience""}"
TU_US_NONCREDIT_TRUAUDIENCE_STAGE,TU_US_NONCREDIT_TRUAUDIENCE_STAGE,2026-08-01,2026-09-01,Usage,2026-08-13,2026-08-14,0.003884,0.01,Snowflake,AWS_US_EAST_1,TU_US_NONCREDIT_TRUAUDIENCE_STAGE,AUTO_CLUSTERING,AUTO_CLUSTERING,TU_US_NONCREDIT_TRUAUDIENCE_STAGE,TU_US_NONCREDIT_TRUAUDIENCE_STAGE,"{""environment"":""Staging"",""team"":""TruAudience""}"
TU_US_NONCREDIT_TRUAUDIENCE_STAGE,TU_US_NONCREDIT_TRUAUDIENCE_STAGE,2026-08-01,2026-09-01,Usage,2026-08-13,2026-08-14,0.003997,0.01,Snowflake,AWS_US_EAST_1,TU_US_NONCREDIT_TRUAUDIENCE_STAGE,TELEMETRY_DATA_INGEST,TELEMETRY_DATA_INGEST,TU_US_NONCREDIT_TRUAUDIENCE_STAGE,TU_US_NONCREDIT_TRUAUDIENCE_STAGE,"{""environment"":""Staging"",""team"":""TruAudience""}"
TU_US_NONCREDIT_TRUAUDIENCE_STAGE,TU_US_NONCREDIT_TRUAUDIENCE_STAGE,2026-08-01,2026-09-01,Usage,2026-08-13,2026-08-14,0.000301,0.00,Snowflake,AWS_US_EAST_1,TU_US_NONCREDIT_TRUAUDIENCE_STAGE,AI_INFERENCE,AI_INFERENCE,TU_US_NONCREDIT_TRUAUDIENCE_STAGE,TU_US_NONCREDIT_TRUAUDIENCE_STAGE,"{""environment"":""Staging"",""team"":""TruAudience""}"
TU_US_NONCREDIT_TRUAUDIENCE_STAGE,TU_US_NONCREDIT_TRUAUDIENCE_STAGE,2026-08-01,2026-09-01,Usage,2026-08-12,2026-08-13,68.505209,164.99,Snowflake,AWS_US_EAST_1,TU_US_NONCREDIT_TRUAUDIENCE_STAGE,WAREHOUSE_METERING,WAREHOUSE_METERING,TU_US_NONCREDIT_TRUAUDIENCE_STAGE,TU_US_NONCREDIT_TRUAUDIENCE_STAGE,"{""environment"":""Staging"",""team"":""TruAudience""}"
TU_US_NONCREDIT_TRUAUDIENCE_STAGE,TU_US_NONCREDIT_TRUAUDIENCE_STAGE,2026-08-01,2026-09-01,Usage,2026-08-12,2026-08-13,3.568530,8.59,Snowflake,AWS_US_EAST_1,TU_US_NONCREDIT_TRUAUDIENCE_STAGE,SERVERLESS_TASK,SERVERLESS_TASK,TU_US_NONCREDIT_TRUAUDIENCE_STAGE,TU_US_NONCREDIT_TRUAUDIENCE_STAGE,"{""environment"":""Staging"",""team"":""TruAudience""}"
TU_US_NONCREDIT_TRUAUDIENCE_STAGE,TU_US_NONCREDIT_TRUAUDIENCE_STAGE,2026-08-01,2026-09-01,Usage,2026-08-12,2026-08-13,2.868280,6.91,Snowflake,AWS_US_EAST_1,TU_US_NONCREDIT_TRUAUDIENCE_STAGE,SNOWPARK_CONTAINER_SERVICES,SNOWPARK_CONTAINER_SERVICES,TU_US_NONCREDIT_TRUAUDIENCE_STAGE,TU_US_NONCREDIT_TRUAUDIENCE_STAGE,"{""environment"":""Staging"",""team"":""TruAudience""}"
TU_US_NONCREDIT_TRUAUDIENCE_STAGE,TU_US_NONCREDIT_TRUAUDIENCE_STAGE,2026-08-01,2026-09-01,Usage,2026-08-12,2026-08-13,0.850975,2.05,Snowflake,AWS_US_EAST_1,TU_US_NONCREDIT_TRUAUDIENCE_STAGE,TRUST_CENTER,TRUST_CENTER,TU_US_NONCREDIT_TRUAUDIENCE_STAGE,TU_US_NONCREDIT_TRUAUDIENCE_STAGE,"{""environment"":""Staging"",""team"":""TruAudience""}"
TU_US_NONCREDIT_TRUAUDIENCE_STAGE,TU_US_NONCREDIT_TRUAUDIENCE_STAGE,2026-08-01,2026-09-01,Usage,2026-08-12,2026-08-13,0.261927,0.63,Snowflake,AWS_US_EAST_1,TU_US_NONCREDIT_TRUAUDIENCE_STAGE,CORTEX_CODE_SNOWSIGHT,CORTEX_CODE_SNOWSIGHT,TU_US_NONCREDIT_TRUAUDIENCE_STAGE,TU_US_NONCREDIT_TRUAUDIENCE_STAGE,"{""environment"":""Staging"",""team"":""TruAudience""}"
TU_US_NONCREDIT_TRUAUDIENCE_STAGE,TU_US_NONCREDIT_TRUAUDIENCE_STAGE,2026-08-01,2026-09-01,Usage,2026-08-12,2026-08-13,0.009767,0.02,Snowflake,AWS_US_EAST_1,TU_US_NONCREDIT_TRUAUDIENCE_STAGE,TELEMETRY_DATA_INGEST,TELEMETRY_DATA_INGEST,TU_US_NONCREDIT_TRUAUDIENCE_STAGE,TU_US_NONCREDIT_TRUAUDIENCE_STAGE,"{""environment"":""Staging"",""team"":""TruAudience""}"
TU_US_NONCREDIT_TRUAUDIENCE_STAGE,TU_US_NONCREDIT_TRUAUDIENCE_STAGE,2026-08-01,2026-09-01,Usage,2026-08-12,2026-08-13,0.006573,0.02,Snowflake,AWS_US_EAST_1,TU_US_NONCREDIT_TRUAUDIENCE_STAGE,AUTO_CLUSTERING,AUTO_CLUSTERING,TU_US_NONCREDIT_TRUAUDIENCE_STAGE,TU_US_NONCREDIT_TRUAUDIENCE_STAGE,"{""environment"":""Staging"",""team"":""TruAudience""}"
TU_US_NONCREDIT_TRUAUDIENCE_STAGE,TU_US_NONCREDIT_TRUAUDIENCE_STAGE,2026-08-01,2026-09-01,Usage,2026-08-12,2026-08-13,0.002431,0.01,Snowflake,AWS_US_EAST_1,TU_US_NONCREDIT_TRUAUDIENCE_STAGE,CORTEX_SEARCH,CORTEX_SEARCH,TU_US_NONCREDIT_TRUAUDIENCE_STAGE,TU_US_NONCREDIT_TRUAUDIENCE_STAGE,"{""environment"":""Staging"",""team"":""TruAudience""}"
TU_US_NONCREDIT_TRUAUDIENCE_STAGE,TU_US_NONCREDIT_TRUAUDIENCE_STAGE,2026-08-01,2026-09-01,Usage,2026-08-12,2026-08-13,0.001385,0.00,Snowflake,AWS_US_EAST_1,TU_US_NONCREDIT_TRUAUDIENCE_STAGE,COPY_FILES,COPY_FILES,TU_US_NONCREDIT_TRUAUDIENCE_STAGE,TU_US_NONCREDIT_TRUAUDIENCE_STAGE,"{""environment"":""Staging"",""team"":""TruAudience""}"
TU_US_NONCREDIT_TRUAUDIENCE_STAGE,TU_US_NONCREDIT_TRUAUDIENCE_STAGE,2026-08-01,2026-09-01,Usage,2026-08-12,2026-08-13,0.000724,0.00,Snowflake,AWS_US_EAST_1,TU_US_NONCREDIT_TRUAUDIENCE_STAGE,AI_INFERENCE,AI_INFERENCE,TU_US_NONCREDIT_TRUAUDIENCE_STAGE,TU_US_NONCREDIT_TRUAUDIENCE_STAGE,"{""environment"":""Staging"",""team"":""TruAudience""}"
TU_US_NONCREDIT_TRUAUDIENCE_STAGE,TU_US_NONCREDIT_TRUAUDIENCE_STAGE,2026-08-01,2026-09-01,Usage,2026-08-11,2026-08-12,74.878523,180.34,Snowflake,AWS_US_EAST_1,TU_US_NONCREDIT_TRUAUDIENCE_STAGE,WAREHOUSE_METERING,WAREHOUSE_METERING,TU_US_NONCREDIT_TRUAUDIENCE_STAGE,TU_US_NONCREDIT_TRUAUDIENCE_STAGE,"{""environment"":""Staging"",""team"":""TruAudience""}"
TU_US_NONCREDIT_TRUAUDIENCE_STAGE,TU_US_NONCREDIT_TRUAUDIENCE_STAGE,2026-08-01,2026-09-01,Usage,2026-08-11,2026-08-12,3.434400,8.27,Snowflake,AWS_US_EAST_1,TU_US_NONCREDIT_TRUAUDIENCE_STAGE,SERVERLESS_TASK,SERVERLESS_TASK,TU_US_NONCREDIT_TRUAUDIENCE_STAGE,TU_US_NONCREDIT_TRUAUDIENCE_STAGE,"{""environment"":""Staging"",""team"":""TruAudience""}"
TU_US_NONCREDIT_TRUAUDIENCE_STAGE,TU_US_NONCREDIT_TRUAUDIENCE_STAGE,2026-08-01,2026-09-01,Usage,2026-08-11,2026-08-12,2.874437,6.92,Snowflake,AWS_US_EAST_1,TU_US_NONCREDIT_TRUAUDIENCE_STAGE,SNOWPARK_CONTAINER_SERVICES,SNOWPARK_CONTAINER_SERVICES,TU_US_NONCREDIT_TRUAUDIENCE_STAGE,TU_US_NONCREDIT_TRUAUDIENCE_STAGE,"{""environment"":""Staging"",""team"":""TruAudience""}"
TU_US_NONCREDIT_TRUAUDIENCE_STAGE,TU_US_NONCREDIT_TRUAUDIENCE_STAGE,2026-08-01,2026-09-01,Usage,2026-08-11,2026-08-12,2.338006,5.63,Snowflake,AWS_US_EAST_1,TU_US_NONCREDIT_TRUAUDIENCE_STAGE,SNOWFLAKE_INTELLIGENCE,SNOWFLAKE_INTELLIGENCE,TU_US_NONCREDIT_TRUAUDIENCE_STAGE,TU_US_NONCREDIT_TRUAUDIENCE_STAGE,"{""environment"":""Staging"",""team"":""TruAudience""}"
TU_US_NONCREDIT_TRUAUDIENCE_STAGE,TU_US_NONCREDIT_TRUAUDIENCE_STAGE,2026-08-01,2026-09-01,Usage,2026-08-11,2026-08-12,1.453550,3.50,Snowflake,AWS_US_EAST_1,TU_US_NONCREDIT_TRUAUDIENCE_STAGE,CORTEX_CODE_CLI,CORTEX_CODE_CLI,TU_US_NONCREDIT_TRUAUDIENCE_STAGE,TU_US_NONCREDIT_TRUAUDIENCE_STAGE,"{""environment"":""Staging"",""team"":""TruAudience""}"
TU_US_NONCREDIT_TRUAUDIENCE_STAGE,TU_US_NONCREDIT_TRUAUDIENCE_STAGE,2026-08-01,2026-09-01,Usage,2026-08-11,2026-08-12,1.179606,2.84,Snowflake,AWS_US_EAST_1,TU_US_NONCREDIT_TRUAUDIENCE_STAGE,TRUST_CENTER,TRUST_CENTER,TU_US_NONCREDIT_TRUAUDIENCE_STAGE,TU_US_NONCREDIT_TRUAUDIENCE_STAGE,"{""environment"":""Staging"",""team"":""TruAudience""}"
TU_US_NONCREDIT_TRUAUDIENCE_STAGE,TU_US_NONCREDIT_TRUAUDIENCE_STAGE,2026-08-01,2026-09-01,Usage,2026-08-11,2026-08-12,0.765877,1.84,Snowflake,AWS_US_EAST_1,TU_US_NONCREDIT_TRUAUDIENCE_STAGE,CORTEX_CODE_SNOWSIGHT,CORTEX_CODE_SNOWSIGHT,TU_US_NONCREDIT_TRUAUDIENCE_STAGE,TU_US_NONCREDIT_TRUAUDIENCE_STAGE,"{""environment"":""Staging"",""team"":""TruAudience""}"
TU_US_NONCREDIT_TRUAUDIENCE_STAGE,TU_US_NONCREDIT_TRUAUDIENCE_STAGE,2026-08-01,2026-09-01,Usage,2026-08-11,2026-08-12,0.007079,0.02,Snowflake,AWS_US_EAST_1,TU_US_NONCREDIT_TRUAUDIENCE_STAGE,AUTO_CLUSTERING,AUTO_CLUSTERING,TU_US_NONCREDIT_TRUAUDIENCE_STAGE,TU_US_NONCREDIT_TRUAUDIENCE_STAGE,"{""environment"":""Staging"",""team"":""TruAudience""}"
TU_US_NONCREDIT_TRUAUDIENCE_STAGE,TU_US_NONCREDIT_TRUAUDIENCE_STAGE,2026-08-01,2026-09-01,Usage,2026-08-11,2026-08-12,0.003758,0.01,Snowflake,AWS_US_EAST_1,TU_US_NONCREDIT_TRUAUDIENCE_STAGE,TELEMETRY_DATA_INGEST,TELEMETRY_DATA_INGEST,TU_US_NONCREDIT_TRUAUDIENCE_STAGE,TU_US_NONCREDIT_TRUAUDIENCE_STAGE,"{""environment"":""Staging"",""team"":""TruAudience""}"
TU_US_NONCREDIT_TRUAUDIENCE_STAGE,TU_US_NONCREDIT_TRUAUDIENCE_STAGE,2026-08-01,2026-09-01,Usage,2026-08-11,2026-08-12,0.002431,0.01,Snowflake,AWS_US_EAST_1,TU_US_NONCREDIT_TRUAUDIENCE_STAGE,CORTEX_SEARCH,CORTEX_SEARCH,TU_US_NONCREDIT_TRUAUDIENCE_STAGE,TU_US_NONCREDIT_TRUAUDIENCE_STAGE,"{""environment"":""Staging"",""team"":""TruAudience""}"
TU_US_NONCREDIT_TRUAUDIENCE_STAGE,TU_US_NONCREDIT_TRUAUDIENCE_STAGE,2026-08-01,2026-09-01,Usage,2026-08-11,2026-08-12,0.000355,0.00,Snowflake,AWS_US_EAST_1,TU_US_NONCREDIT_TRUAUDIENCE_STAGE,AI_INFERENCE,AI_INFERENCE,TU_US_NONCREDIT_TRUAUDIENCE_STAGE,TU_US_NONCREDIT_TRUAUDIENCE_STAGE,"{""environment"":""Staging"",""team"":""TruAudience""}"
TU_US_NONCREDIT_TRUAUDIENCE_STAGE,TU_US_NONCREDIT_TRUAUDIENCE_STAGE,2026-08-01,2026-09-01,Usage,2026-08-10,2026-08-11,73.903075,177.99,Snowflake,AWS_US_EAST_1,TU_US_NONCREDIT_TRUAUDIENCE_STAGE,WAREHOUSE_METERING,WAREHOUSE_METERING,TU_US_NONCREDIT_TRUAUDIENCE_STAGE,TU_US_NONCREDIT_TRUAUDIENCE_STAGE,"{""environment"":""Staging"",""team"":""TruAudience""}"
TU_US_NONCREDIT_TRUAUDIENCE_STAGE,TU_US_NONCREDIT_TRUAUDIENCE_STAGE,2026-08-01,2026-09-01,Usage,2026-08-10,2026-08-11,3.321468,8.00,Snowflake,AWS_US_EAST_1,TU_US_NONCREDIT_TRUAUDIENCE_STAGE,SERVERLESS_TASK,SERVERLESS_TASK,TU_US_NONCREDIT_TRUAUDIENCE_STAGE,TU_US_NONCREDIT_TRUAUDIENCE_STAGE,"{""environment"":""Staging"",""team"":""TruAudience""}"
TU_US_NONCREDIT_TRUAUDIENCE_STAGE,TU_US_NONCREDIT_TRUAUDIENCE_STAGE,2026-08-01,2026-09-01,Usage,2026-08-10,2026-08-11,2.864414,6.90,Snowflake,AWS_US_EAST_1,TU_US_NONCREDIT_TRUAUDIENCE_STAGE,SNOWPARK_CONTAINER_SERVICES,SNOWPARK_CONTAINER_SERVICES,TU_US_NONCREDIT_TRUAUDIENCE_STAGE,TU_US_NONCREDIT_TRUAUDIENCE_STAGE,"{""environment"":""Staging"",""team"":""TruAudience""}"
TU_US_NONCREDIT_TRUAUDIENCE_STAGE,TU_US_NONCREDIT_TRUAUDIENCE_STAGE,2026-08-01,2026-09-01,Usage,2026-08-10,2026-08-11,1.041323,2.51,Snowflake,AWS_US_EAST_1,TU_US_NONCREDIT_TRUAUDIENCE_STAGE,TRUST_CENTER,TRUST_CENTER,TU_US_NONCREDIT_TRUAUDIENCE_STAGE,TU_US_NONCREDIT_TRUAUDIENCE_STAGE,"{""environment"":""Staging"",""team"":""TruAudience""}"
TU_US_NONCREDIT_TRUAUDIENCE_STAGE,TU_US_NONCREDIT_TRUAUDIENCE_STAGE,2026-08-01,2026-09-01,Usage,2026-08-10,2026-08-11,0.401238,0.97,Snowflake,AWS_US_EAST_1,TU_US_NONCREDIT_TRUAUDIENCE_STAGE,SNOWFLAKE_INTELLIGENCE,SNOWFLAKE_INTELLIGENCE,TU_US_NONCREDIT_TRUAUDIENCE_STAGE,TU_US_NONCREDIT_TRUAUDIENCE_STAGE,"{""environment"":""Staging"",""team"":""TruAudience""}"
TU_US_NONCREDIT_TRUAUDIENCE_STAGE,TU_US_NONCREDIT_TRUAUDIENCE_STAGE,2026-08-01,2026-09-01,Usage,2026-08-10,2026-08-11,0.077723,0.19,Snowflake,AWS_US_EAST_1,TU_US_NONCREDIT_TRUAUDIENCE_STAGE,CORTEX_CODE_SNOWSIGHT,CORTEX_CODE_SNOWSIGHT,TU_US_NONCREDIT_TRUAUDIENCE_STAGE,TU_US_NONCREDIT_TRUAUDIENCE_STAGE,"{""environment"":""Staging"",""team"":""TruAudience""}"
TU_US_NONCREDIT_TRUAUDIENCE_STAGE,TU_US_NONCREDIT_TRUAUDIENCE_STAGE,2026-08-01,2026-09-01,Usage,2026-08-10,2026-08-11,0.020746,0.05,Snowflake,AWS_US_EAST_1,TU_US_NONCREDIT_TRUAUDIENCE_STAGE,TELEMETRY_DATA_INGEST,TELEMETRY_DATA_INGEST,TU_US_NONCREDIT_TRUAUDIENCE_STAGE,TU_US_NONCREDIT_TRUAUDIENCE_STAGE,"{""environment"":""Staging"",""team"":""TruAudience""}"
TU_US_NONCREDIT_TRUAUDIENCE_STAGE,TU_US_NONCREDIT_TRUAUDIENCE_STAGE,2026-08-01,2026-09-01,Usage,2026-08-10,2026-08-11,0.005650,0.01,Snowflake,AWS_US_EAST_1,TU_US_NONCREDIT_TRUAUDIENCE_STAGE,AUTO_CLUSTERING,AUTO_CLUSTERING,TU_US_NONCREDIT_TRUAUDIENCE_STAGE,TU_US_NONCREDIT_TRUAUDIENCE_STAGE,"{""environment"":""Staging"",""team"":""TruAudience""}"
TU_US_NONCREDIT_TRUAUDIENCE_STAGE,TU_US_NONCREDIT_TRUAUDIENCE_STAGE,2026-08-01,2026-09-01,Usage,2026-08-10,2026-08-11,0.002432,0.01,Snowflake,AWS_US_EAST_1,TU_US_NONCREDIT_TRUAUDIENCE_STAGE,CORTEX_SEARCH,CORTEX_SEARCH,TU_US_NONCREDIT_TRUAUDIENCE_STAGE,TU_US_NONCREDIT_TRUAUDIENCE_STAGE,"{""environment"":""Staging"",""team"":""TruAudience""}"
TU_US_NONCREDIT_TRUAUDIENCE_STAGE,TU_US_NONCREDIT_TRUAUDIENCE_STAGE,2026-08-01,2026-09-01,Usage,2026-08-10,2026-08-11,0.000118,0.00,Snowflake,AWS_US_EAST_1,TU_US_NONCREDIT_TRUAUDIENCE_STAGE,AI_INFERENCE,AI_INFERENCE,TU_US_NONCREDIT_TRUAUDIENCE_STAGE,TU_US_NONCREDIT_TRUAUDIENCE_STAGE,"{""environment"":""Staging"",""team"":""TruAudience""}"
TU_US_NONCREDIT_TRUAUDIENCE_STAGE,TU_US_NONCREDIT_TRUAUDIENCE_STAGE,2026-08-01,2026-09-01,Usage,2026-08-09,2026-08-10,76.545231,184.35,Snowflake,AWS_US_EAST_1,TU_US_NONCREDIT_TRUAUDIENCE_STAGE,WAREHOUSE_METERING,WAREHOUSE_METERING,TU_US_NONCREDIT_TRUAUDIENCE_STAGE,TU_US_NONCREDIT_TRUAUDIENCE_STAGE,"{""environment"":""Staging"",""team"":""TruAudience""}"
TU_US_NONCREDIT_TRUAUDIENCE_STAGE,TU_US_NONCREDIT_TRUAUDIENCE_STAGE,2026-08-01,2026-09-01,Usage,2026-08-09,2026-08-10,3.116973,7.51,Snowflake,AWS_US_EAST_1,TU_US_NONCREDIT_TRUAUDIENCE_STAGE,SERVERLESS_TASK,SERVERLESS_TASK,TU_US_NONCREDIT_TRUAUDIENCE_STAGE,TU_US_NONCREDIT_TRUAUDIENCE_STAGE,"{""environment"":""Staging"",""team"":""TruAudience""}"
TU_US_NONCREDIT_TRUAUDIENCE_STAGE,TU_US_NONCREDIT_TRUAUDIENCE_STAGE,2026-08-01,2026-09-01,Usage,2026-08-09,2026-08-10,2.866236,6.90,Snowflake,AWS_US_EAST_1,TU_US_NONCREDIT_TRUAUDIENCE_STAGE,SNOWPARK_CONTAINER_SERVICES,SNOWPARK_CONTAINER_SERVICES,TU_US_NONCREDIT_TRUAUDIENCE_STAGE,TU_US_NONCREDIT_TRUAUDIENCE_STAGE,"{""environment"":""Staging"",""team"":""TruAudience""}"
TU_US_NONCREDIT_TRUAUDIENCE_STAGE,TU_US_NONCREDIT_TRUAUDIENCE_STAGE,2026-08-01,2026-09-01,Usage,2026-08-09,2026-08-10,1.318013,3.17,Snowflake,AWS_US_EAST_1,TU_US_NONCREDIT_TRUAUDIENCE_STAGE,CORTEX_CODE_SNOWSIGHT,CORTEX_CODE_SNOWSIGHT,TU_US_NONCREDIT_TRUAUDIENCE_STAGE,TU_US_NONCREDIT_TRUAUDIENCE_STAGE,"{""environment"":""Staging"",""team"":""TruAudience""}"
TU_US_NONCREDIT_TRUAUDIENCE_STAGE,TU_US_NONCREDIT_TRUAUDIENCE_STAGE,2026-08-01,2026-09-01,Usage,2026-08-09,2026-08-10,1.002443,2.41,Snowflake,AWS_US_EAST_1,TU_US_NONCREDIT_TRUAUDIENCE_STAGE,TRUST_CENTER,TRUST_CENTER,TU_US_NONCREDIT_TRUAUDIENCE_STAGE,TU_US_NONCREDIT_TRUAUDIENCE_STAGE,"{""environment"":""Staging"",""team"":""TruAudience""}"
TU_US_NONCREDIT_TRUAUDIENCE_STAGE,TU_US_NONCREDIT_TRUAUDIENCE_STAGE,2026-08-01,2026-09-01,Usage,2026-08-09,2026-08-10,0.608984,1.47,Snowflake,AWS_US_EAST_1,TU_US_NONCREDIT_TRUAUDIENCE_STAGE,SNOWFLAKE_INTELLIGENCE,SNOWFLAKE_INTELLIGENCE,TU_US_NONCREDIT_TRUAUDIENCE_STAGE,TU_US_NONCREDIT_TRUAUDIENCE_STAGE,"{""environment"":""Staging"",""team"":""TruAudience""}"
TU_US_NONCREDIT_TRUAUDIENCE_STAGE,TU_US_NONCREDIT_TRUAUDIENCE_STAGE,2026-08-01,2026-09-01,Usage,2026-08-09,2026-08-10,0.004397,0.01,Snowflake,AWS_US_EAST_1,TU_US_NONCREDIT_TRUAUDIENCE_STAGE,AUTO_CLUSTERING,AUTO_CLUSTERING,TU_US_NONCREDIT_TRUAUDIENCE_STAGE,TU_US_NONCREDIT_TRUAUDIENCE_STAGE,"{""environment"":""Staging"",""team"":""TruAudience""}"
TU_US_NONCREDIT_TRUAUDIENCE_STAGE,TU_US_NONCREDIT_TRUAUDIENCE_STAGE,2026-08-01,2026-09-01,Usage,2026-08-09,2026-08-10,0.002431,0.01,Snowflake,AWS_US_EAST_1,TU_US_NONCREDIT_TRUAUDIENCE_STAGE,CORTEX_SEARCH,CORTEX_SEARCH,TU_US_NONCREDIT_TRUAUDIENCE_STAGE,TU_US_NONCREDIT_TRUAUDIENCE_STAGE,"{""environment"":""Staging"",""team"":""TruAudience""}"
TU_US_NONCREDIT_TRUAUDIENCE_STAGE,TU_US_NONCREDIT_TRUAUDIENCE_STAGE,2026-08-01,2026-09-01,Usage,2026-08-09,2026-08-10,0.002342,0.01,Snowflake,AWS_US_EAST_1,TU_US_NONCREDIT_TRUAUDIENCE_STAGE,TELEMETRY_DATA_INGEST,TELEMETRY_DATA_INGEST,TU_US_NONCREDIT_TRUAUDIENCE_STAGE,TU_US_NONCREDIT_TRUAUDIENCE_STAGE,"{""environment"":""Staging"",""team"":""TruAudience""}"
TU_US_NONCREDIT_TRUAUDIENCE_STAGE,TU_US_NONCREDIT_TRUAUDIENCE_STAGE,2026-08-01,2026-09-01,Usage,2026-08-08,2026-08-09,46.453812,111.88,Snowflake,AWS_US_EAST_1,TU_US_NONCREDIT_TRUAUDIENCE_STAGE,WAREHOUSE_METERING,WAREHOUSE_METERING,TU_US_NONCREDIT_TRUAUDIENCE_STAGE,TU_US_NONCREDIT_TRUAUDIENCE_STAGE,"{""environment"":""Staging"",""team"":""TruAudience""}"
TU_US_NONCREDIT_TRUAUDIENCE_STAGE,TU_US_NONCREDIT_TRUAUDIENCE_STAGE,2026-08-01,2026-09-01,Usage,2026-08-08,2026-08-09,5.954104,14.34,Snowflake,AWS_US_EAST_1,TU_US_NONCREDIT_TRUAUDIENCE_STAGE,CORTEX_AGENTS,CORTEX_AGENTS,TU_US_NONCREDIT_TRUAUDIENCE_STAGE,TU_US_NONCREDIT_TRUAUDIENCE_STAGE,"{""environment"":""Staging"",""team"":""TruAudience""}"
TU_US_NONCREDIT_TRUAUDIENCE_STAGE,TU_US_NONCREDIT_TRUAUDIENCE_STAGE,2026-08-01,2026-09-01,Usage,2026-08-08,2026-08-09,2.870239,6.91,Snowflake,AWS_US_EAST_1,TU_US_NONCREDIT_TRUAUDIENCE_STAGE,SNOWPARK_CONTAINER_SERVICES,SNOWPARK_CONTAINER_SERVICES,TU_US_NONCREDIT_TRUAUDIENCE_STAGE,TU_US_NONCREDIT_TRUAUDIENCE_STAGE,"{""environment"":""Staging"",""team"":""TruAudience""}"
TU_US_NONCREDIT_TRUAUDIENCE_STAGE,TU_US_NONCREDIT_TRUAUDIENCE_STAGE,2026-08-01,2026-09-01,Usage,2026-08-08,2026-08-09,2.826892,6.81,Snowflake,AWS_US_EAST_1,TU_US_NONCREDIT_TRUAUDIENCE_STAGE,SERVERLESS_TASK,SERVERLESS_TASK,TU_US_NONCREDIT_TRUAUDIENCE_STAGE,TU_US_NONCREDIT_TRUAUDIENCE_STAGE,"{""environment"":""Staging"",""team"":""TruAudience""}"
TU_US_NONCREDIT_TRUAUDIENCE_STAGE,TU_US_NONCREDIT_TRUAUDIENCE_STAGE,2026-08-01,2026-09-01,Usage,2026-08-08,2026-08-09,0.960373,2.31,Snowflake,AWS_US_EAST_1,TU_US_NONCREDIT_TRUAUDIENCE_STAGE,TRUST_CENTER,TRUST_CENTER,TU_US_NONCREDIT_TRUAUDIENCE_STAGE,TU_US_NONCREDIT_TRUAUDIENCE_STAGE,"{""environment"":""Staging"",""team"":""TruAudience""}"
TU_US_NONCREDIT_TRUAUDIENCE_STAGE,TU_US_NONCREDIT_TRUAUDIENCE_STAGE,2026-08-01,2026-09-01,Usage,2026-08-08,2026-08-09,0.418052,1.01,Snowflake,AWS_US_EAST_1,TU_US_NONCREDIT_TRUAUDIENCE_STAGE,CORTEX_CODE_SNOWSIGHT,CORTEX_CODE_SNOWSIGHT,TU_US_NONCREDIT_TRUAUDIENCE_STAGE,TU_US_NONCREDIT_TRUAUDIENCE_STAGE,"{""environment"":""Staging"",""team"":""TruAudience""}"
TU_US_NONCREDIT_TRUAUDIENCE_STAGE,TU_US_NONCREDIT_TRUAUDIENCE_STAGE,2026-08-01,2026-09-01,Usage,2026-08-08,2026-08-09,0.004209,0.01,Snowflake,AWS_US_EAST_1,TU_US_NONCREDIT_TRUAUDIENCE_STAGE,AUTO_CLUSTERING,AUTO_CLUSTERING,TU_US_NONCREDIT_TRUAUDIENCE_STAGE,TU_US_NONCREDIT_TRUAUDIENCE_STAGE,"{""environment"":""Staging"",""team"":""TruAudience""}"
TU_US_NONCREDIT_TRUAUDIENCE_STAGE,TU_US_NONCREDIT_TRUAUDIENCE_STAGE,2026-08-01,2026-09-01,Usage,2026-08-08,2026-08-09,0.002243,0.01,Snowflake,AWS_US_EAST_1,TU_US_NONCREDIT_TRUAUDIENCE_STAGE,TELEMETRY_DATA_INGEST,TELEMETRY_DATA_INGEST,TU_US_NONCREDIT_TRUAUDIENCE_STAGE,TU_US_NONCREDIT_TRUAUDIENCE_STAGE,"{""environment"":""Staging"",""team"":""TruAudience""}"
TU_US_NONCREDIT_TRUAUDIENCE_STAGE,TU_US_NONCREDIT_TRUAUDIENCE_STAGE,2026-08-01,2026-09-01,Usage,2026-08-08,2026-08-09,0.002432,0.01,Snowflake,AWS_US_EAST_1,TU_US_NONCREDIT_TRUAUDIENCE_STAGE,CORTEX_SEARCH,CORTEX_SEARCH,TU_US_NONCREDIT_TRUAUDIENCE_STAGE,TU_US_NONCREDIT_TRUAUDIENCE_STAGE,"{""environment"":""Staging"",""team"":""TruAudience""}"
TU_US_NONCREDIT_TRUAUDIENCE_STAGE,TU_US_NONCREDIT_TRUAUDIENCE_STAGE,2026-08-01,2026-09-01,Usage,2026-08-07,2026-08-08,27.540554,66.33,Snowflake,AWS_US_EAST_1,TU_US_NONCREDIT_TRUAUDIENCE_STAGE,WAREHOUSE_METERING,WAREHOUSE_METERING,TU_US_NONCREDIT_TRUAUDIENCE_STAGE,TU_US_NONCREDIT_TRUAUDIENCE_STAGE,"{""environment"":""Staging"",""team"":""TruAudience""}"
TU_US_NONCREDIT_TRUAUDIENCE_STAGE,TU_US_NONCREDIT_TRUAUDIENCE_STAGE,2026-08-01,2026-09-01,Usage,2026-08-07,2026-08-08,2.868250,6.91,Snowflake,AWS_US_EAST_1,TU_US_NONCREDIT_TRUAUDIENCE_STAGE,SNOWPARK_CONTAINER_SERVICES,SNOWPARK_CONTAINER_SERVICES,TU_US_NONCREDIT_TRUAUDIENCE_STAGE,TU_US_NONCREDIT_TRUAUDIENCE_STAGE,"{""environment"":""Staging"",""team"":""TruAudience""}"
TU_US_NONCREDIT_TRUAUDIENCE_STAGE,TU_US_NONCREDIT_TRUAUDIENCE_STAGE,2026-08-01,2026-09-01,Usage,2026-08-07,2026-08-08,2.599576,6.26,Snowflake,AWS_US_EAST_1,TU_US_NONCREDIT_TRUAUDIENCE_STAGE,SERVERLESS_TASK,SERVERLESS_TASK,TU_US_NONCREDIT_TRUAUDIENCE_STAGE,TU_US_NONCREDIT_TRUAUDIENCE_STAGE,"{""environment"":""Staging"",""team"":""TruAudience""}"
TU_US_NONCREDIT_TRUAUDIENCE_STAGE,TU_US_NONCREDIT_TRUAUDIENCE_STAGE,2026-08-01,2026-09-01,Usage,2026-08-07,2026-08-08,0.872306,2.10,Snowflake,AWS_US_EAST_1,TU_US_NONCREDIT_TRUAUDIENCE_STAGE,CORTEX_CODE_SNOWSIGHT,CORTEX_CODE_SNOWSIGHT,TU_US_NONCREDIT_TRUAUDIENCE_STAGE,TU_US_NONCREDIT_TRUAUDIENCE_STAGE,"{""environment"":""Staging"",""team"":""TruAudience""}"
TU_US_NONCREDIT_TRUAUDIENCE_STAGE,TU_US_NONCREDIT_TRUAUDIENCE_STAGE,2026-08-01,2026-09-01,Usage,2026-08-07,2026-08-08,0.735592,1.77,Snowflake,AWS_US_EAST_1,TU_US_NONCREDIT_TRUAUDIENCE_STAGE,TRUST_CENTER,TRUST_CENTER,TU_US_NONCREDIT_TRUAUDIENCE_STAGE,TU_US_NONCREDIT_TRUAUDIENCE_STAGE,"{""environment"":""Staging"",""team"":""TruAudience""}"
TU_US_NONCREDIT_TRUAUDIENCE_STAGE,TU_US_NONCREDIT_TRUAUDIENCE_STAGE,2026-08-01,2026-09-01,Usage,2026-08-07,2026-08-08,0.003054,0.01,Snowflake,AWS_US_EAST_1,TU_US_NONCREDIT_TRUAUDIENCE_STAGE,TELEMETRY_DATA_INGEST,TELEMETRY_DATA_INGEST,TU_US_NONCREDIT_TRUAUDIENCE_STAGE,TU_US_NONCREDIT_TRUAUDIENCE_STAGE,"{""environment"":""Staging"",""team"":""TruAudience""}"
TU_US_NONCREDIT_TRUAUDIENCE_STAGE,TU_US_NONCREDIT_TRUAUDIENCE_STAGE,2026-08-01,2026-09-01,Usage,2026-08-07,2026-08-08,0.002430,0.01,Snowflake,AWS_US_EAST_1,TU_US_NONCREDIT_TRUAUDIENCE_STAGE,CORTEX_SEARCH,CORTEX_SEARCH,TU_US_NONCREDIT_TRUAUDIENCE_STAGE,TU_US_NONCREDIT_TRUAUDIENCE_STAGE,"{""environment"":""Staging"",""team"":""TruAudience""}"
TU_US_NONCREDIT_TRUAUDIENCE_STAGE,TU_US_NONCREDIT_TRUAUDIENCE_STAGE,2026-08-01,2026-09-01,Usage,2026-08-07,2026-08-08,0.003615,0.01,Snowflake,AWS_US_EAST_1,TU_US_NONCREDIT_TRUAUDIENCE_STAGE,AUTO_CLUSTERING,AUTO_CLUSTERING,TU_US_NONCREDIT_TRUAUDIENCE_STAGE,TU_US_NONCREDIT_TRUAUDIENCE_STAGE,"{""environment"":""Staging"",""team"":""TruAudience""}"
TU_US_NONCREDIT_TRUAUDIENCE_STAGE,TU_US_NONCREDIT_TRUAUDIENCE_STAGE,2026-08-01,2026-09-01,Usage,2026-08-06,2026-08-07,22.595523,54.42,Snowflake,AWS_US_EAST_1,TU_US_NONCREDIT_TRUAUDIENCE_STAGE,WAREHOUSE_METERING,WAREHOUSE_METERING,TU_US_NONCREDIT_TRUAUDIENCE_STAGE,TU_US_NONCREDIT_TRUAUDIENCE_STAGE,"{""environment"":""Staging"",""team"":""TruAudience""}"
TU_US_NONCREDIT_TRUAUDIENCE_STAGE,TU_US_NONCREDIT_TRUAUDIENCE_STAGE,2026-08-01,2026-09-01,Usage,2026-08-06,2026-08-07,2.868238,6.91,Snowflake,AWS_US_EAST_1,TU_US_NONCREDIT_TRUAUDIENCE_STAGE,SNOWPARK_CONTAINER_SERVICES,SNOWPARK_CONTAINER_SERVICES,TU_US_NONCREDIT_TRUAUDIENCE_STAGE,TU_US_NONCREDIT_TRUAUDIENCE_STAGE,"{""environment"":""Staging"",""team"":""TruAudience""}"
TU_US_NONCREDIT_TRUAUDIENCE_STAGE,TU_US_NONCREDIT_TRUAUDIENCE_STAGE,2026-08-01,2026-09-01,Usage,2026-08-06,2026-08-07,2.581489,6.22,Snowflake,AWS_US_EAST_1,TU_US_NONCREDIT_TRUAUDIENCE_STAGE,SERVERLESS_TASK,SERVERLESS_TASK,TU_US_NONCREDIT_TRUAUDIENCE_STAGE,TU_US_NONCREDIT_TRUAUDIENCE_STAGE,"{""environment"":""Staging"",""team"":""TruAudience""}"
TU_US_NONCREDIT_TRUAUDIENCE_STAGE,TU_US_NONCREDIT_TRUAUDIENCE_STAGE,2026-08-01,2026-09-01,Usage,2026-08-06,2026-08-07,0.859048,2.07,Snowflake,AWS_US_EAST_1,TU_US_NONCREDIT_TRUAUDIENCE_STAGE,TRUST_CENTER,TRUST_CENTER,TU_US_NONCREDIT_TRUAUDIENCE_STAGE,TU_US_NONCREDIT_TRUAUDIENCE_STAGE,"{""environment"":""Staging"",""team"":""TruAudience""}"
TU_US_NONCREDIT_TRUAUDIENCE_STAGE,TU_US_NONCREDIT_TRUAUDIENCE_STAGE,2026-08-01,2026-09-01,Usage,2026-08-06,2026-08-07,0.004691,0.01,Snowflake,AWS_US_EAST_1,TU_US_NONCREDIT_TRUAUDIENCE_STAGE,AUTO_CLUSTERING,AUTO_CLUSTERING,TU_US_NONCREDIT_TRUAUDIENCE_STAGE,TU_US_NONCREDIT_TRUAUDIENCE_STAGE,"{""environment"":""Staging"",""team"":""TruAudience""}"
TU_US_NONCREDIT_TRUAUDIENCE_STAGE,TU_US_NONCREDIT_TRUAUDIENCE_STAGE,2026-08-01,2026-09-01,Usage,2026-08-06,2026-08-07,0.002085,0.01,Snowflake,AWS_US_EAST_1,TU_US_NONCREDIT_TRUAUDIENCE_STAGE,TELEMETRY_DATA_INGEST,TELEMETRY_DATA_INGEST,TU_US_NONCREDIT_TRUAUDIENCE_STAGE,TU_US_NONCREDIT_TRUAUDIENCE_STAGE,"{""environment"":""Staging"",""team"":""TruAudience""}"
TU_US_NONCREDIT_TRUAUDIENCE_STAGE,TU_US_NONCREDIT_TRUAUDIENCE_STAGE,2026-08-01,2026-09-01,Usage,2026-08-06,2026-08-07,0.002433,0.01,Snowflake,AWS_US_EAST_1,TU_US_NONCREDIT_TRUAUDIENCE_STAGE,CORTEX_SEARCH,CORTEX_SEARCH,TU_US_NONCREDIT_TRUAUDIENCE_STAGE,TU_US_NONCREDIT_TRUAUDIENCE_STAGE,"{""environment"":""Staging"",""team"":""TruAudience""}"
TU_US_NONCREDIT_TRUAUDIENCE_STAGE,TU_US_NONCREDIT_TRUAUDIENCE_STAGE,2026-08-01,2026-09-01,Usage,2026-08-05,2026-08-06,106.558052,256.64,Snowflake,AWS_US_EAST_1,TU_US_NONCREDIT_TRUAUDIENCE_STAGE,WAREHOUSE_METERING,WAREHOUSE_METERING,TU_US_NONCREDIT_TRUAUDIENCE_STAGE,TU_US_NONCREDIT_TRUAUDIENCE_STAGE,"{""environment"":""Staging"",""team"":""TruAudience""}"
TU_US_NONCREDIT_TRUAUDIENCE_STAGE,TU_US_NONCREDIT_TRUAUDIENCE_STAGE,2026-08-01,2026-09-01,Usage,2026-08-05,2026-08-06,3.129969,7.54,Snowflake,AWS_US_EAST_1,TU_US_NONCREDIT_TRUAUDIENCE_STAGE,CORTEX_CODE_SNOWSIGHT,CORTEX_CODE_SNOWSIGHT,TU_US_NONCREDIT_TRUAUDIENCE_STAGE,TU_US_NONCREDIT_TRUAUDIENCE_STAGE,"{""environment"":""Staging"",""team"":""TruAudience""}"
TU_US_NONCREDIT_TRUAUDIENCE_STAGE,TU_US_NONCREDIT_TRUAUDIENCE_STAGE,2026-08-01,2026-09-01,Usage,2026-08-05,2026-08-06,2.874238,6.92,Snowflake,AWS_US_EAST_1,TU_US_NONCREDIT_TRUAUDIENCE_STAGE,SNOWPARK_CONTAINER_SERVICES,SNOWPARK_CONTAINER_SERVICES,TU_US_NONCREDIT_TRUAUDIENCE_STAGE,TU_US_NONCREDIT_TRUAUDIENCE_STAGE,"{""environment"":""Staging"",""team"":""TruAudience""}"
TU_US_NONCREDIT_TRUAUDIENCE_STAGE,TU_US_NONCREDIT_TRUAUDIENCE_STAGE,2026-08-01,2026-09-01,Usage,2026-08-05,2026-08-06,2.808083,6.76,Snowflake,AWS_US_EAST_1,TU_US_NONCREDIT_TRUAUDIENCE_STAGE,SERVERLESS_TASK,SERVERLESS_TASK,TU_US_NONCREDIT_TRUAUDIENCE_STAGE,TU_US_NONCREDIT_TRUAUDIENCE_STAGE,"{""environment"":""Staging"",""team"":""TruAudience""}"
TU_US_NONCREDIT_TRUAUDIENCE_STAGE,TU_US_NONCREDIT_TRUAUDIENCE_STAGE,2026-08-01,2026-09-01,Usage,2026-08-05,2026-08-06,0.781055,1.88,Snowflake,AWS_US_EAST_1,TU_US_NONCREDIT_TRUAUDIENCE_STAGE,TRUST_CENTER,TRUST_CENTER,TU_US_NONCREDIT_TRUAUDIENCE_STAGE,TU_US_NONCREDIT_TRUAUDIENCE_STAGE,"{""environment"":""Staging"",""team"":""TruAudience""}"
TU_US_NONCREDIT_TRUAUDIENCE_STAGE,TU_US_NONCREDIT_TRUAUDIENCE_STAGE,2026-08-01,2026-09-01,Usage,2026-08-05,2026-08-06,0.027438,0.07,Snowflake,AWS_US_EAST_1,TU_US_NONCREDIT_TRUAUDIENCE_STAGE,AUTO_CLUSTERING,AUTO_CLUSTERING,TU_US_NONCREDIT_TRUAUDIENCE_STAGE,TU_US_NONCREDIT_TRUAUDIENCE_STAGE,"{""environment"":""Staging"",""team"":""TruAudience""}"
TU_US_NONCREDIT_TRUAUDIENCE_STAGE,TU_US_NONCREDIT_TRUAUDIENCE_STAGE,2026-08-01,2026-09-01,Usage,2026-08-05,2026-08-06,0.002435,0.01,Snowflake,AWS_US_EAST_1,TU_US_NONCREDIT_TRUAUDIENCE_STAGE,CORTEX_SEARCH,CORTEX_SEARCH,TU_US_NONCREDIT_TRUAUDIENCE_STAGE,TU_US_NONCREDIT_TRUAUDIENCE_STAGE,"{""environment"":""Staging"",""team"":""TruAudience""}"
TU_US_NONCREDIT_TRUAUDIENCE_STAGE,TU_US_NONCREDIT_TRUAUDIENCE_STAGE,2026-08-01,2026-09-01,Usage,2026-08-05,2026-08-06,0.003119,0.01,Snowflake,AWS_US_EAST_1,TU_US_NONCREDIT_TRUAUDIENCE_STAGE,TELEMETRY_DATA_INGEST,TELEMETRY_DATA_INGEST,TU_US_NONCREDIT_TRUAUDIENCE_STAGE,TU_US_NONCREDIT_TRUAUDIENCE_STAGE,"{""environment"":""Staging"",""team"":""TruAudience""}"
TU_US_NONCREDIT_TRUAUDIENCE_STAGE,TU_US_NONCREDIT_TRUAUDIENCE_STAGE,2026-08-01,2026-09-01,Usage,2026-08-05,2026-08-06,0.000292,0.00,Snowflake,AWS_US_EAST_1,TU_US_NONCREDIT_TRUAUDIENCE_STAGE,AI_INFERENCE,AI_INFERENCE,TU_US_NONCREDIT_TRUAUDIENCE_STAGE,TU_US_NONCREDIT_TRUAUDIENCE_STAGE,"{""environment"":""Staging"",""team"":""TruAudience""}"
TU_US_NONCREDIT_TRUAUDIENCE_STAGE,TU_US_NONCREDIT_TRUAUDIENCE_STAGE,2026-08-01,2026-09-01,Usage,2026-08-04,2026-08-05,328.739287,791.76,Snowflake,AWS_US_EAST_1,TU_US_NONCREDIT_TRUAUDIENCE_STAGE,WAREHOUSE_METERING,WAREHOUSE_METERING,TU_US_NONCREDIT_TRUAUDIENCE_STAGE,TU_US_NONCREDIT_TRUAUDIENCE_STAGE,"{""environment"":""Staging"",""team"":""TruAudience""}"
TU_US_NONCREDIT_TRUAUDIENCE_STAGE,TU_US_NONCREDIT_TRUAUDIENCE_STAGE,2026-08-01,2026-09-01,Usage,2026-08-04,2026-08-05,6.064783,14.61,Snowflake,AWS_US_EAST_1,TU_US_NONCREDIT_TRUAUDIENCE_STAGE,SNOWFLAKE_INTELLIGENCE,SNOWFLAKE_INTELLIGENCE,TU_US_NONCREDIT_TRUAUDIENCE_STAGE,TU_US_NONCREDIT_TRUAUDIENCE_STAGE,"{""environment"":""Staging"",""team"":""TruAudience""}"
TU_US_NONCREDIT_TRUAUDIENCE_STAGE,TU_US_NONCREDIT_TRUAUDIENCE_STAGE,2026-08-01,2026-09-01,Usage,2026-08-04,2026-08-05,2.892547,6.97,Snowflake,AWS_US_EAST_1,TU_US_NONCREDIT_TRUAUDIENCE_STAGE,QUERY_ACCELERATION,QUERY_ACCELERATION,TU_US_NONCREDIT_TRUAUDIENCE_STAGE,TU_US_NONCREDIT_TRUAUDIENCE_STAGE,"{""environment"":""Staging"",""team"":""TruAudience""}"
TU_US_NONCREDIT_TRUAUDIENCE_STAGE,TU_US_NONCREDIT_TRUAUDIENCE_STAGE,2026-08-01,2026-09-01,Usage,2026-08-04,2026-08-05,2.860316,6.89,Snowflake,AWS_US_EAST_1,TU_US_NONCREDIT_TRUAUDIENCE_STAGE,SNOWPARK_CONTAINER_SERVICES,SNOWPARK_CONTAINER_SERVICES,TU_US_NONCREDIT_TRUAUDIENCE_STAGE,TU_US_NONCREDIT_TRUAUDIENCE_STAGE,"{""environment"":""Staging"",""team"":""TruAudience""}"
TU_US_NONCREDIT_TRUAUDIENCE_STAGE,TU_US_NONCREDIT_TRUAUDIENCE_STAGE,2026-08-01,2026-09-01,Usage,2026-08-04,2026-08-05,2.755559,6.64,Snowflake,AWS_US_EAST_1,TU_US_NONCREDIT_TRUAUDIENCE_STAGE,SERVERLESS_TASK,SERVERLESS_TASK,TU_US_NONCREDIT_TRUAUDIENCE_STAGE,TU_US_NONCREDIT_TRUAUDIENCE_STAGE,"{""environment"":""Staging"",""team"":""TruAudience""}"
TU_US_NONCREDIT_TRUAUDIENCE_STAGE,TU_US_NONCREDIT_TRUAUDIENCE_STAGE,2026-08-01,2026-09-01,Usage,2026-08-04,2026-08-05,1.160053,2.79,Snowflake,AWS_US_EAST_1,TU_US_NONCREDIT_TRUAUDIENCE_STAGE,TRUST_CENTER,TRUST_CENTER,TU_US_NONCREDIT_TRUAUDIENCE_STAGE,TU_US_NONCREDIT_TRUAUDIENCE_STAGE,"{""environment"":""Staging"",""team"":""TruAudience""}"
TU_US_NONCREDIT_TRUAUDIENCE_STAGE,TU_US_NONCREDIT_TRUAUDIENCE_STAGE,2026-08-01,2026-09-01,Usage,2026-08-04,2026-08-05,0.470480,1.13,Snowflake,AWS_US_EAST_1,TU_US_NONCREDIT_TRUAUDIENCE_STAGE,CORTEX_CODE_SNOWSIGHT,CORTEX_CODE_SNOWSIGHT,TU_US_NONCREDIT_TRUAUDIENCE_STAGE,TU_US_NONCREDIT_TRUAUDIENCE_STAGE,"{""environment"":""Staging"",""team"":""TruAudience""}"
TU_US_NONCREDIT_TRUAUDIENCE_STAGE,TU_US_NONCREDIT_TRUAUDIENCE_STAGE,2026-08-01,2026-09-01,Usage,2026-08-04,2026-08-05,0.029384,0.07,Snowflake,AWS_US_EAST_1,TU_US_NONCREDIT_TRUAUDIENCE_STAGE,AUTO_CLUSTERING,AUTO_CLUSTERING,TU_US_NONCREDIT_TRUAUDIENCE_STAGE,TU_US_NONCREDIT_TRUAUDIENCE_STAGE,"{""environment"":""Staging"",""team"":""TruAudience""}"
TU_US_NONCREDIT_TRUAUDIENCE_STAGE,TU_US_NONCREDIT_TRUAUDIENCE_STAGE,2026-08-01,2026-09-01,Usage,2026-08-04,2026-08-05,0.002432,0.01,Snowflake,AWS_US_EAST_1,TU_US_NONCREDIT_TRUAUDIENCE_STAGE,CORTEX_SEARCH,CORTEX_SEARCH,TU_US_NONCREDIT_TRUAUDIENCE_STAGE,TU_US_NONCREDIT_TRUAUDIENCE_STAGE,"{""environment"":""Staging"",""team"":""TruAudience""}"
TU_US_NONCREDIT_TRUAUDIENCE_STAGE,TU_US_NONCREDIT_TRUAUDIENCE_STAGE,2026-08-01,2026-09-01,Usage,2026-08-04,2026-08-05,0.003017,0.01,Snowflake,AWS_US_EAST_1,TU_US_NONCREDIT_TRUAUDIENCE_STAGE,TELEMETRY_DATA_INGEST,TELEMETRY_DATA_INGEST,TU_US_NONCREDIT_TRUAUDIENCE_STAGE,TU_US_NONCREDIT_TRUAUDIENCE_STAGE,"{""environment"":""Staging"",""team"":""TruAudience""}"
TU_US_NONCREDIT_TRUAUDIENCE_STAGE,TU_US_NONCREDIT_TRUAUDIENCE_STAGE,2026-08-01,2026-09-01,Usage,2026-08-04,2026-08-05,0.000116,0.00,Snowflake,AWS_US_EAST_1,TU_US_NONCREDIT_TRUAUDIENCE_STAGE,AI_INFERENCE,AI_INFERENCE,TU_US_NONCREDIT_TRUAUDIENCE_STAGE,TU_US_NONCREDIT_TRUAUDIENCE_STAGE,"{""environment"":""Staging"",""team"":""TruAudience""}"
TU_US_NONCREDIT_TRUAUDIENCE_STAGE,TU_US_NONCREDIT_TRUAUDIENCE_STAGE,2026-08-01,2026-09-01,Usage,2026-08-03,2026-08-04,91.479273,220.32,Snowflake,AWS_US_EAST_1,TU_US_NONCREDIT_TRUAUDIENCE_STAGE,WAREHOUSE_METERING,WAREHOUSE_METERING,TU_US_NONCREDIT_TRUAUDIENCE_STAGE,TU_US_NONCREDIT_TRUAUDIENCE_STAGE,"{""environment"":""Staging"",""team"":""TruAudience""}"
TU_US_NONCREDIT_TRUAUDIENCE_STAGE,TU_US_NONCREDIT_TRUAUDIENCE_STAGE,2026-08-01,2026-09-01,Usage,2026-08-03,2026-08-04,21.347712,51.41,Snowflake,AWS_US_EAST_1,TU_US_NONCREDIT_TRUAUDIENCE_STAGE,SNOWFLAKE_INTELLIGENCE,SNOWFLAKE_INTELLIGENCE,TU_US_NONCREDIT_TRUAUDIENCE_STAGE,TU_US_NONCREDIT_TRUAUDIENCE_STAGE,"{""environment"":""Staging"",""team"":""TruAudience""}"
TU_US_NONCREDIT_TRUAUDIENCE_STAGE,TU_US_NONCREDIT_TRUAUDIENCE_STAGE,2026-08-01,2026-09-01,Usage,2026-08-03,2026-08-04,2.872436,6.92,Snowflake,AWS_US_EAST_1,TU_US_NONCREDIT_TRUAUDIENCE_STAGE,SNOWPARK_CONTAINER_SERVICES,SNOWPARK_CONTAINER_SERVICES,TU_US_NONCREDIT_TRUAUDIENCE_STAGE,TU_US_NONCREDIT_TRUAUDIENCE_STAGE,"{""environment"":""Staging"",""team"":""TruAudience""}"
TU_US_NONCREDIT_TRUAUDIENCE_STAGE,TU_US_NONCREDIT_TRUAUDIENCE_STAGE,2026-08-01,2026-09-01,Usage,2026-08-03,2026-08-04,2.714563,6.54,Snowflake,AWS_US_EAST_1,TU_US_NONCREDIT_TRUAUDIENCE_STAGE,SERVERLESS_TASK,SERVERLESS_TASK,TU_US_NONCREDIT_TRUAUDIENCE_STAGE,TU_US_NONCREDIT_TRUAUDIENCE_STAGE,"{""environment"":""Staging"",""team"":""TruAudience""}"
TU_US_NONCREDIT_TRUAUDIENCE_STAGE,TU_US_NONCREDIT_TRUAUDIENCE_STAGE,2026-08-01,2026-09-01,Usage,2026-08-03,2026-08-04,2.637637,6.35,Snowflake,AWS_US_EAST_1,TU_US_NONCREDIT_TRUAUDIENCE_STAGE,CORTEX_CODE_SNOWSIGHT,CORTEX_CODE_SNOWSIGHT,TU_US_NONCREDIT_TRUAUDIENCE_STAGE,TU_US_NONCREDIT_TRUAUDIENCE_STAGE,"{""environment"":""Staging"",""team"":""TruAudience""}"
TU_US_NONCREDIT_TRUAUDIENCE_STAGE,TU_US_NONCREDIT_TRUAUDIENCE_STAGE,2026-08-01,2026-09-01,Usage,2026-08-03,2026-08-04,1.078467,2.60,Snowflake,AWS_US_EAST_1,TU_US_NONCREDIT_TRUAUDIENCE_STAGE,TRUST_CENTER,TRUST_CENTER,TU_US_NONCREDIT_TRUAUDIENCE_STAGE,TU_US_NONCREDIT_TRUAUDIENCE_STAGE,"{""environment"":""Staging"",""team"":""TruAudience""}"
TU_US_NONCREDIT_TRUAUDIENCE_STAGE,TU_US_NONCREDIT_TRUAUDIENCE_STAGE,2026-08-01,2026-09-01,Usage,2026-08-03,2026-08-04,0.009358,0.02,Snowflake,AWS_US_EAST_1,TU_US_NONCREDIT_TRUAUDIENCE_STAGE,AUTO_CLUSTERING,AUTO_CLUSTERING,TU_US_NONCREDIT_TRUAUDIENCE_STAGE,TU_US_NONCREDIT_TRUAUDIENCE_STAGE,"{""environment"":""Staging"",""team"":""TruAudience""}"
TU_US_NONCREDIT_TRUAUDIENCE_STAGE,TU_US_NONCREDIT_TRUAUDIENCE_STAGE,2026-08-01,2026-09-01,Usage,2026-08-03,2026-08-04,0.003890,0.01,Snowflake,AWS_US_EAST_1,TU_US_NONCREDIT_TRUAUDIENCE_STAGE,TELEMETRY_DATA_INGEST,TELEMETRY_DATA_INGEST,TU_US_NONCREDIT_TRUAUDIENCE_STAGE,TU_US_NONCREDIT_TRUAUDIENCE_STAGE,"{""environment"":""Staging"",""team"":""TruAudience""}"
TU_US_NONCREDIT_TRUAUDIENCE_STAGE,TU_US_NONCREDIT_TRUAUDIENCE_STAGE,2026-08-01,2026-09-01,Usage,2026-08-03,2026-08-04,0.002433,0.01,Snowflake,AWS_US_EAST_1,TU_US_NONCREDIT_TRUAUDIENCE_STAGE,CORTEX_SEARCH,CORTEX_SEARCH,TU_US_NONCREDIT_TRUAUDIENCE_STAGE,TU_US_NONCREDIT_TRUAUDIENCE_STAGE,"{""environment"":""Staging"",""team"":""TruAudience""}"
TU_US_NONCREDIT_TRUAUDIENCE_STAGE,TU_US_NONCREDIT_TRUAUDIENCE_STAGE,2026-08-01,2026-09-01,Usage,2026-08-03,2026-08-04,0.000128,0.00,Snowflake,AWS_US_EAST_1,TU_US_NONCREDIT_TRUAUDIENCE_STAGE,AI_INFERENCE,AI_INFERENCE,TU_US_NONCREDIT_TRUAUDIENCE_STAGE,TU_US_NONCREDIT_TRUAUDIENCE_STAGE,"{""environment"":""Staging"",""team"":""TruAudience""}"
TU_US_NONCREDIT_TRUAUDIENCE_STAGE,TU_US_NONCREDIT_TRUAUDIENCE_STAGE,2026-08-01,2026-09-01,Usage,2026-08-02,2026-08-03,46.076148,110.97,Snowflake,AWS_US_EAST_1,TU_US_NONCREDIT_TRUAUDIENCE_STAGE,WAREHOUSE_METERING,WAREHOUSE_METERING,TU_US_NONCREDIT_TRUAUDIENCE_STAGE,TU_US_NONCREDIT_TRUAUDIENCE_STAGE,"{""environment"":""Staging"",""team"":""TruAudience""}"
TU_US_NONCREDIT_TRUAUDIENCE_STAGE,TU_US_NONCREDIT_TRUAUDIENCE_STAGE,2026-08-01,2026-09-01,Usage,2026-08-02,2026-08-03,13.465727,32.43,Snowflake,AWS_US_EAST_1,TU_US_NONCREDIT_TRUAUDIENCE_STAGE,SNOWFLAKE_INTELLIGENCE,SNOWFLAKE_INTELLIGENCE,TU_US_NONCREDIT_TRUAUDIENCE_STAGE,TU_US_NONCREDIT_TRUAUDIENCE_STAGE,"{""environment"":""Staging"",""team"":""TruAudience""}"
TU_US_NONCREDIT_TRUAUDIENCE_STAGE,TU_US_NONCREDIT_TRUAUDIENCE_STAGE,2026-08-01,2026-09-01,Usage,2026-08-02,2026-08-03,2.874458,6.92,Snowflake,AWS_US_EAST_1,TU_US_NONCREDIT_TRUAUDIENCE_STAGE,SNOWPARK_CONTAINER_SERVICES,SNOWPARK_CONTAINER_SERVICES,TU_US_NONCREDIT_TRUAUDIENCE_STAGE,TU_US_NONCREDIT_TRUAUDIENCE_STAGE,"{""environment"":""Staging"",""team"":""TruAudience""}"
TU_US_NONCREDIT_TRUAUDIENCE_STAGE,TU_US_NONCREDIT_TRUAUDIENCE_STAGE,2026-08-01,2026-09-01,Usage,2026-08-02,2026-08-03,2.632358,6.34,Snowflake,AWS_US_EAST_1,TU_US_NONCREDIT_TRUAUDIENCE_STAGE,SERVERLESS_TASK,SERVERLESS_TASK,TU_US_NONCREDIT_TRUAUDIENCE_STAGE,TU_US_NONCREDIT_TRUAUDIENCE_STAGE,"{""environment"":""Staging"",""team"":""TruAudience""}"
TU_US_NONCREDIT_TRUAUDIENCE_STAGE,TU_US_NONCREDIT_TRUAUDIENCE_STAGE,2026-08-01,2026-09-01,Usage,2026-08-02,2026-08-03,0.899393,2.17,Snowflake,AWS_US_EAST_1,TU_US_NONCREDIT_TRUAUDIENCE_STAGE,TRUST_CENTER,TRUST_CENTER,TU_US_NONCREDIT_TRUAUDIENCE_STAGE,TU_US_NONCREDIT_TRUAUDIENCE_STAGE,"{""environment"":""Staging"",""team"":""TruAudience""}"
TU_US_NONCREDIT_TRUAUDIENCE_STAGE,TU_US_NONCREDIT_TRUAUDIENCE_STAGE,2026-08-01,2026-09-01,Usage,2026-08-02,2026-08-03,0.007040,0.02,Snowflake,AWS_US_EAST_1,TU_US_NONCREDIT_TRUAUDIENCE_STAGE,AUTO_CLUSTERING,AUTO_CLUSTERING,TU_US_NONCREDIT_TRUAUDIENCE_STAGE,TU_US_NONCREDIT_TRUAUDIENCE_STAGE,"{""environment"":""Staging"",""team"":""TruAudience""}"
TU_US_NONCREDIT_TRUAUDIENCE_STAGE,TU_US_NONCREDIT_TRUAUDIENCE_STAGE,2026-08-01,2026-09-01,Usage,2026-08-02,2026-08-03,0.002432,0.01,Snowflake,AWS_US_EAST_1,TU_US_NONCREDIT_TRUAUDIENCE_STAGE,CORTEX_SEARCH,CORTEX_SEARCH,TU_US_NONCREDIT_TRUAUDIENCE_STAGE,TU_US_NONCREDIT_TRUAUDIENCE_STAGE,"{""environment"":""Staging"",""team"":""TruAudience""}"
TU_US_NONCREDIT_TRUAUDIENCE_STAGE,TU_US_NONCREDIT_TRUAUDIENCE_STAGE,2026-08-01,2026-09-01,Usage,2026-08-02,2026-08-03,0.002282,0.01,Snowflake,AWS_US_EAST_1,TU_US_NONCREDIT_TRUAUDIENCE_STAGE,TELEMETRY_DATA_INGEST,TELEMETRY_DATA_INGEST,TU_US_NONCREDIT_TRUAUDIENCE_STAGE,TU_US_NONCREDIT_TRUAUDIENCE_STAGE,"{""environment"":""Staging"",""team"":""TruAudience""}"
TU_US_NONCREDIT_TRUAUDIENCE_STAGE,TU_US_NONCREDIT_TRUAUDIENCE_STAGE,2026-08-01,2026-09-01,Usage,2026-08-02,2026-08-03,0.000117,0.00,Snowflake,AWS_US_EAST_1,TU_US_NONCREDIT_TRUAUDIENCE_STAGE,AI_INFERENCE,AI_INFERENCE,TU_US_NONCREDIT_TRUAUDIENCE_STAGE,TU_US_NONCREDIT_TRUAUDIENCE_STAGE,"{""environment"":""Staging"",""team"":""TruAudience""}"
TU_US_NONCREDIT_TRUAUDIENCE_STAGE,TU_US_NONCREDIT_TRUAUDIENCE_STAGE,2026-08-01,2026-09-01,Usage,2026-08-01,2026-08-02,55.397986,133.42,Snowflake,AWS_US_EAST_1,TU_US_NONCREDIT_TRUAUDIENCE_STAGE,WAREHOUSE_METERING,WAREHOUSE_METERING,TU_US_NONCREDIT_TRUAUDIENCE_STAGE,TU_US_NONCREDIT_TRUAUDIENCE_STAGE,"{""environment"":""Staging"",""team"":""TruAudience""}"
TU_US_NONCREDIT_TRUAUDIENCE_STAGE,TU_US_NONCREDIT_TRUAUDIENCE_STAGE,2026-08-01,2026-09-01,Usage,2026-08-01,2026-08-02,20.918453,50.38,Snowflake,AWS_US_EAST_1,TU_US_NONCREDIT_TRUAUDIENCE_STAGE,SNOWFLAKE_INTELLIGENCE,SNOWFLAKE_INTELLIGENCE,TU_US_NONCREDIT_TRUAUDIENCE_STAGE,TU_US_NONCREDIT_TRUAUDIENCE_STAGE,"{""environment"":""Staging"",""team"":""TruAudience""}"
TU_US_NONCREDIT_TRUAUDIENCE_STAGE,TU_US_NONCREDIT_TRUAUDIENCE_STAGE,2026-08-01,2026-09-01,Usage,2026-08-01,2026-08-02,2.866502,6.90,Snowflake,AWS_US_EAST_1,TU_US_NONCREDIT_TRUAUDIENCE_STAGE,SNOWPARK_CONTAINER_SERVICES,SNOWPARK_CONTAINER_SERVICES,TU_US_NONCREDIT_TRUAUDIENCE_STAGE,TU_US_NONCREDIT_TRUAUDIENCE_STAGE,"{""environment"":""Staging"",""team"":""TruAudience""}"
TU_US_NONCREDIT_TRUAUDIENCE_STAGE,TU_US_NONCREDIT_TRUAUDIENCE_STAGE,2026-08-01,2026-09-01,Usage,2026-08-01,2026-08-02,2.559531,6.16,Snowflake,AWS_US_EAST_1,TU_US_NONCREDIT_TRUAUDIENCE_STAGE,SERVERLESS_TASK,SERVERLESS_TASK,TU_US_NONCREDIT_TRUAUDIENCE_STAGE,TU_US_NONCREDIT_TRUAUDIENCE_STAGE,"{""environment"":""Staging"",""team"":""TruAudience""}"
TU_US_NONCREDIT_TRUAUDIENCE_STAGE,TU_US_NONCREDIT_TRUAUDIENCE_STAGE,2026-08-01,2026-09-01,Usage,2026-08-01,2026-08-02,0.866322,2.09,Snowflake,AWS_US_EAST_1,TU_US_NONCREDIT_TRUAUDIENCE_STAGE,TRUST_CENTER,TRUST_CENTER,TU_US_NONCREDIT_TRUAUDIENCE_STAGE,TU_US_NONCREDIT_TRUAUDIENCE_STAGE,"{""environment"":""Staging"",""team"":""TruAudience""}"
TU_US_NONCREDIT_TRUAUDIENCE_STAGE,TU_US_NONCREDIT_TRUAUDIENCE_STAGE,2026-08-01,2026-09-01,Usage,2026-08-01,2026-08-02,0.002285,0.01,Snowflake,AWS_US_EAST_1,TU_US_NONCREDIT_TRUAUDIENCE_STAGE,TELEMETRY_DATA_INGEST,TELEMETRY_DATA_INGEST,TU_US_NONCREDIT_TRUAUDIENCE_STAGE,TU_US_NONCREDIT_TRUAUDIENCE_STAGE,"{""environment"":""Staging"",""team"":""TruAudience""}"
TU_US_NONCREDIT_TRUAUDIENCE_STAGE,TU_US_NONCREDIT_TRUAUDIENCE_STAGE,2026-08-01,2026-09-01,Usage,2026-08-01,2026-08-02,0.002432,0.01,Snowflake,AWS_US_EAST_1,TU_US_NONCREDIT_TRUAUDIENCE_STAGE,CORTEX_SEARCH,CORTEX_SEARCH,TU_US_NONCREDIT_TRUAUDIENCE_STAGE,TU_US_NONCREDIT_TRUAUDIENCE_STAGE,"{""environment"":""Staging"",""team"":""TruAudience""}"
TU_US_NONCREDIT_TRUAUDIENCE_STAGE,TU_US_NONCREDIT_TRUAUDIENCE_STAGE,2026-08-01,2026-09-01,Usage,2026-08-01,2026-08-02,0.004085,0.01,Snowflake,AWS_US_EAST_1,TU_US_NONCREDIT_TRUAUDIENCE_STAGE,AUTO_CLUSTERING,AUTO_CLUSTERING,TU_US_NONCREDIT_TRUAUDIENCE_STAGE,TU_US_NONCREDIT_TRUAUDIENCE_STAGE,"{""environment"":""Staging"",""team"":""TruAudience""}"
TU_US_NONCREDIT_TRUAUDIENCE_STAGE,TU_US_NONCREDIT_TRUAUDIENCE_STAGE,2026-08-01,2026-09-01,Usage,2026-08-01,2026-08-02,0.000812,0.00,Snowflake,AWS_US_EAST_1,TU_US_NONCREDIT_TRUAUDIENCE_STAGE,AI_INFERENCE,AI_INFERENCE,TU_US_NONCREDIT_TRUAUDIENCE_STAGE,TU_US_NONCREDIT_TRUAUDIENCE_STAGE,"{""environment"":""Staging"",""team"":""TruAudience""}"
