BillingAccountId,BillingAccountName,BillingPeriodStart,BillingPeriodEnd,ChargeCategory,ChargePeriodStart,ChargePeriodEnd,ConsumedQuantity,EffectiveCost,ProviderName,RegionName,ResourceId,ServiceName,SkuId,SubAccountId,SubAccountName,Tags
ONETRU_TRUAUDIENCE_AZURE_EAST_US2,ONETRU_TRUAUDIENCE_AZURE_EAST_US2,2026-05-01,2026-06-01,Usage,2026-05-29,2026-05-30,0.449567377,1.05,Snowflake,AWS_US_EAST_1,ONETRU_TRUAUDIENCE_AZURE_EAST_US2,SERVERLESS_TASK,SERVERLESS_TASK,ONETRU_TRUAUDIENCE_AZURE_EAST_US2,ONETRU_TRUAUDIENCE_AZURE_EAST_US2,"{""environment"":""Demo"",""team"":""TruAudience""}"
ONETRU_TRUAUDIENCE_AZURE_EAST_US2,ONETRU_TRUAUDIENCE_AZURE_EAST_US2,2026-05-01,2026-06-01,Usage,2026-05-29,2026-05-30,0.130330829,0.31,Snowflake,AWS_US_EAST_1,ONETRU_TRUAUDIENCE_AZURE_EAST_US2,WAREHOUSE_METERING,WAREHOUSE_METERING,ONETRU_TRUAUDIENCE_AZURE_EAST_US2,ONETRU_TRUAUDIENCE_AZURE_EAST_US2,"{""environment"":""Demo"",""team"":""TruAudience""}"
ONETRU_TRUAUDIENCE_AZURE_EAST_US2,ONETRU_TRUAUDIENCE_AZURE_EAST_US2,2026-05-01,2026-06-01,Usage,2026-05-28,2026-05-29,0.406631213,0.99,Snowflake,AWS_US_EAST_1,ONETRU_TRUAUDIENCE_AZURE_EAST_US2,SERVERLESS_TASK,SERVERLESS_TASK,ONETRU_TRUAUDIENCE_AZURE_EAST_US2,ONETRU_TRUAUDIENCE_AZURE_EAST_US2,"{""environment"":""Demo"",""team"":""TruAudience""}"
ONETRU_TRUAUDIENCE_AZURE_EAST_US2,ONETRU_TRUAUDIENCE_AZURE_EAST_US2,2026-05-01,2026-06-01,Usage,2026-05-28,2026-05-29,0.114627212,0.29,Snowflake,AWS_US_EAST_1,ONETRU_TRUAUDIENCE_AZURE_EAST_US2,WAREHOUSE_METERING,WAREHOUSE_METERING,ONETRU_TRUAUDIENCE_AZURE_EAST_US2,ONETRU_TRUAUDIENCE_AZURE_EAST_US2,"{""environment"":""Demo"",""team"":""TruAudience""}"
ONETRU_TRUAUDIENCE_AZURE_EAST_US2,ONETRU_TRUAUDIENCE_AZURE_EAST_US2,2026-05-01,2026-06-01,Usage,2026-05-27,2026-05-28,0.404691080,1.01,Snowflake,AWS_US_EAST_1,ONETRU_TRUAUDIENCE_AZURE_EAST_US2,SERVERLESS_TASK,SERVERLESS_TASK,ONETRU_TRUAUDIENCE_AZURE_EAST_US2,ONETRU_TRUAUDIENCE_AZURE_EAST_US2,"{""environment"":""Demo"",""team"":""TruAudience""}"
ONETRU_TRUAUDIENCE_AZURE_EAST_US2,ONETRU_TRUAUDIENCE_AZURE_EAST_US2,2026-05-01,2026-06-01,Usage,2026-05-27,2026-05-28,0.116542490,0.28,Snowflake,AWS_US_EAST_1,ONETRU_TRUAUDIENCE_AZURE_EAST_US2,WAREHOUSE_METERING,WAREHOUSE_METERING,ONETRU_TRUAUDIENCE_AZURE_EAST_US2,ONETRU_TRUAUDIENCE_AZURE_EAST_US2,"{""environment"":""Demo"",""team"":""TruAudience""}"
ONETRU_TRUAUDIENCE_AZURE_EAST_US2,ONETRU_TRUAUDIENCE_AZURE_EAST_US2,2026-05-01,2026-06-01,Usage,2026-05-26,2026-05-27,0.447398475,1.09,Snowflake,AWS_US_EAST_1,ONETRU_TRUAUDIENCE_AZURE_EAST_US2,SERVERLESS_TASK,SERVERLESS_TASK,ONETRU_TRUAUDIENCE_AZURE_EAST_US2,ONETRU_TRUAUDIENCE_AZURE_EAST_US2,"{""environment"":""Demo"",""team"":""TruAudience""}"
ONETRU_TRUAUDIENCE_AZURE_EAST_US2,ONETRU_TRUAUDIENCE_AZURE_EAST_US2,2026-05-01,2026-06-01,Usage,2026-05-26,2026-05-27,0.137130844,0.32,Snowflake,AWS_US_EAST_1,ONETRU_TRUAUDIENCE_AZURE_EAST_US2,WAREHOUSE_METERING,WAREHOUSE_METERING,ONETRU_TRUAUDIENCE_AZURE_EAST_US2,ONETRU_TRUAUDIENCE_AZURE_EAST_US2,"{""environment"":""Demo"",""team"":""TruAudience""}"
ONETRU_TRUAUDIENCE_AZURE_EAST_US2,ONETRU_TRUAUDIENCE_AZURE_EAST_US2,2026-05-01,2026-06-01,Usage,2026-05-25,2026-05-26,0.423828982,1.00,Snowflake,AWS_US_EAST_1,ONETRU_TRUAUDIENCE_AZURE_EAST_US2,SERVERLESS_TASK,SERVERLESS_TASK,ONETRU_TRUAUDIENCE_AZURE_EAST_US2,ONETRU_TRUAUDIENCE_AZURE_EAST_US2,"{""environment"":""Demo"",""team"":""TruAudience""}"
ONETRU_TRUAUDIENCE_AZURE_EAST_US2,ONETRU_TRUAUDIENCE_AZURE_EAST_US2,2026-05-01,2026-06-01,Usage,2026-05-25,2026-05-26,0.130783616,0.31,Snowflake,AWS_US_EAST_1,ONETRU_TRUAUDIENCE_AZURE_EAST_US2,WAREHOUSE_METERING,WAREHOUSE_METERING,ONETRU_TRUAUDIENCE_AZURE_EAST_US2,ONETRU_TRUAUDIENCE_AZURE_EAST_US2,"{""environment"":""Demo"",""team"":""TruAudience""}"
ONETRU_TRUAUDIENCE_AZURE_EAST_US2,ONETRU_TRUAUDIENCE_AZURE_EAST_US2,2026-05-01,2026-06-01,Usage,2026-05-24,2026-05-25,0.456374410,1.13,Snowflake,AWS_US_EAST_1,ONETRU_TRUAUDIENCE_AZURE_EAST_US2,SERVERLESS_TASK,SERVERLESS_TASK,ONETRU_TRUAUDIENCE_AZURE_EAST_US2,ONETRU_TRUAUDIENCE_AZURE_EAST_US2,"{""environment"":""Demo"",""team"":""TruAudience""}"
ONETRU_TRUAUDIENCE_AZURE_EAST_US2,ONETRU_TRUAUDIENCE_AZURE_EAST_US2,2026-05-01,2026-06-01,Usage,2026-05-24,2026-05-25,0.189540602,0.47,Snowflake,AWS_US_EAST_1,ONETRU_TRUAUDIENCE_AZURE_EAST_US2,WAREHOUSE_METERING,WAREHOUSE_METERING,ONETRU_TRUAUDIENCE_AZURE_EAST_US2,ONETRU_TRUAUDIENCE_AZURE_EAST_US2,"{""environment"":""Demo"",""team"":""TruAudience""}"
ONETRU_TRUAUDIENCE_AZURE_EAST_US2,ONETRU_TRUAUDIENCE_AZURE_EAST_US2,2026-05-01,2026-06-01,Usage,2026-05-24,2026-05-25,0.000000056,0.00,Snowflake,AWS_US_EAST_1,ONETRU_TRUAUDIENCE_AZURE_EAST_US2,TELEMETRY_DATA_INGEST,TELEMETRY_DATA_INGEST,ONETRU_TRUAUDIENCE_AZURE_EAST_US2,ONETRU_TRUAUDIENCE_AZURE_EAST_US2,"{""environment"":""Demo"",""team"":""TruAudience""}"
ONETRU_TRUAUDIENCE_AZURE_EAST_US2,ONETRU_TRUAUDIENCE_AZURE_EAST_US2,2026-05-01,2026-06-01,Usage,2026-05-23,2026-05-24,0.457667263,1.12,Snowflake,AWS_US_EAST_1,ONETRU_TRUAUDIENCE_AZURE_EAST_US2,SERVERLESS_TASK,SERVERLESS_TASK,ONETRU_TRUAUDIENCE_AZURE_EAST_US2,ONETRU_TRUAUDIENCE_AZURE_EAST_US2,"{""environment"":""Demo"",""team"":""TruAudience""}"
ONETRU_TRUAUDIENCE_AZURE_EAST_US2,ONETRU_TRUAUDIENCE_AZURE_EAST_US2,2026-05-01,2026-06-01,Usage,2026-05-23,2026-05-24,0.127902230,0.30,Snowflake,AWS_US_EAST_1,ONETRU_TRUAUDIENCE_AZURE_EAST_US2,WAREHOUSE_METERING,WAREHOUSE_METERING,ONETRU_TRUAUDIENCE_AZURE_EAST_US2,ONETRU_TRUAUDIENCE_AZURE_EAST_US2,"{""environment"":""Demo"",""team"":""TruAudience""}"
ONETRU_TRUAUDIENCE_AZURE_EAST_US2,ONETRU_TRUAUDIENCE_AZURE_EAST_US2,2026-05-01,2026-06-01,Usage,2026-05-22,2026-05-23,0.419352376,0.99,Snowflake,AWS_US_EAST_1,ONETRU_TRUAUDIENCE_AZURE_EAST_US2,SERVERLESS_TASK,SERVERLESS_TASK,ONETRU_TRUAUDIENCE_AZURE_EAST_US2,ONETRU_TRUAUDIENCE_AZURE_EAST_US2,"{""environment"":""Demo"",""team"":""TruAudience""}"
ONETRU_TRUAUDIENCE_AZURE_EAST_US2,ONETRU_TRUAUDIENCE_AZURE_EAST_US2,2026-05-01,2026-06-01,Usage,2026-05-22,2026-05-23,0.120872518,0.29,Snowflake,AWS_US_EAST_1,ONETRU_TRUAUDIENCE_AZURE_EAST_US2,WAREHOUSE_METERING,WAREHOUSE_METERING,ONETRU_TRUAUDIENCE_AZURE_EAST_US2,ONETRU_TRUAUDIENCE_AZURE_EAST_US2,"{""environment"":""Demo"",""team"":""TruAudience""}"
ONETRU_TRUAUDIENCE_AZURE_EAST_US2,ONETRU_TRUAUDIENCE_AZURE_EAST_US2,2026-05-01,2026-06-01,Usage,2026-05-21,2026-05-22,0.381275069,0.94,Snowflake,AWS_US_EAST_1,ONETRU_TRUAUDIENCE_AZURE_EAST_US2,SERVERLESS_TASK,SERVERLESS_TASK,ONETRU_TRUAUDIENCE_AZURE_EAST_US2,ONETRU_TRUAUDIENCE_AZURE_EAST_US2,"{""environment"":""Demo"",""team"":""TruAudience""}"
ONETRU_TRUAUDIENCE_AZURE_EAST_US2,ONETRU_TRUAUDIENCE_AZURE_EAST_US2,2026-05-01,2026-06-01,Usage,2026-05-21,2026-05-22,0.112489440,0.28,Snowflake,AWS_US_EAST_1,ONETRU_TRUAUDIENCE_AZURE_EAST_US2,WAREHOUSE_METERING,WAREHOUSE_METERING,ONETRU_TRUAUDIENCE_AZURE_EAST_US2,ONETRU_TRUAUDIENCE_AZURE_EAST_US2,"{""environment"":""Demo"",""team"":""TruAudience""}"
ONETRU_TRUAUDIENCE_AZURE_EAST_US2,ONETRU_TRUAUDIENCE_AZURE_EAST_US2,2026-05-01,2026-06-01,Usage,2026-05-20,2026-05-21,0.395417596,0.94,Snowflake,AWS_US_EAST_1,ONETRU_TRUAUDIENCE_AZURE_EAST_US2,SERVERLESS_TASK,SERVERLESS_TASK,ONETRU_TRUAUDIENCE_AZURE_EAST_US2,ONETRU_TRUAUDIENCE_AZURE_EAST_US2,"{""environment"":""Demo"",""team"":""TruAudience""}"
ONETRU_TRUAUDIENCE_AZURE_EAST_US2,ONETRU_TRUAUDIENCE_AZURE_EAST_US2,2026-05-01,2026-06-01,Usage,2026-05-20,2026-05-21,0.110221654,0.26,Snowflake,AWS_US_EAST_1,ONETRU_TRUAUDIENCE_AZURE_EAST_US2,WAREHOUSE_METERING,WAREHOUSE_METERING,ONETRU_TRUAUDIENCE_AZURE_EAST_US2,ONETRU_TRUAUDIENCE_AZURE_EAST_US2,"{""environment"":""Demo"",""team"":""TruAudience""}"
ONETRU_TRUAUDIENCE_AZURE_EAST_US2,ONETRU_TRUAUDIENCE_AZURE_EAST_US2,2026-05-01,2026-06-01,Usage,2026-05-19,2026-05-20,0.384058212,0.89,Snowflake,AWS_US_EAST_1,ONETRU_TRUAUDIENCE_AZURE_EAST_US2,SERVERLESS_TASK,SERVERLESS_TASK,ONETRU_TRUAUDIENCE_AZURE_EAST_US2,ONETRU_TRUAUDIENCE_AZURE_EAST_US2,"{""environment"":""Demo"",""team"":""TruAudience""}"
ONETRU_TRUAUDIENCE_AZURE_EAST_US2,ONETRU_TRUAUDIENCE_AZURE_EAST_US2,2026-05-01,2026-06-01,Usage,2026-05-19,2026-05-20,0.216463300,0.51,Snowflake,AWS_US_EAST_1,ONETRU_TRUAUDIENCE_AZURE_EAST_US2,WAREHOUSE_METERING,WAREHOUSE_METERING,ONETRU_TRUAUDIENCE_AZURE_EAST_US2,ONETRU_TRUAUDIENCE_AZURE_EAST_US2,"{""environment"":""Demo"",""team"":""TruAudience""}"
ONETRU_TRUAUDIENCE_AZURE_EAST_US2,ONETRU_TRUAUDIENCE_AZURE_EAST_US2,2026-05-01,2026-06-01,Usage,2026-05-19,2026-05-20,0.000000168,0.00,Snowflake,AWS_US_EAST_1,ONETRU_TRUAUDIENCE_AZURE_EAST_US2,TELEMETRY_DATA_INGEST,TELEMETRY_DATA_INGEST,ONETRU_TRUAUDIENCE_AZURE_EAST_US2,ONETRU_TRUAUDIENCE_AZURE_EAST_US2,"{""environment"":""Demo"",""team"":""TruAudience""}"
ONETRU_TRUAUDIENCE_AZURE_EAST_US2,ONETRU_TRUAUDIENCE_AZURE_EAST_US2,2026-05-01,2026-06-01,Usage,2026-05-18,2026-05-19,0.420583041,1.04,Snowflake,AWS_US_EAST_1,ONETRU_TRUAUDIENCE_AZURE_EAST_US2,SERVERLESS_TASK,SERVERLESS_TASK,ONETRU_TRUAUDIENCE_AZURE_EAST_US2,ONETRU_TRUAUDIENCE_AZURE_EAST_US2,"{""environment"":""Demo"",""team"":""TruAudience""}"
ONETRU_TRUAUDIENCE_AZURE_EAST_US2,ONETRU_TRUAUDIENCE_AZURE_EAST_US2,2026-05-01,2026-06-01,Usage,2026-05-18,2026-05-19,0.176058347,0.44,Snowflake,AWS_US_EAST_1,ONETRU_TRUAUDIENCE_AZURE_EAST_US2,WAREHOUSE_METERING,WAREHOUSE_METERING,ONETRU_TRUAUDIENCE_AZURE_EAST_US2,ONETRU_TRUAUDIENCE_AZURE_EAST_US2,"{""environment"":""Demo"",""team"":""TruAudience""}"
ONETRU_TRUAUDIENCE_AZURE_EAST_US2,ONETRU_TRUAUDIENCE_AZURE_EAST_US2,2026-05-01,2026-06-01,Usage,2026-05-18,2026-05-19,0.000000084,0.00,Snowflake,AWS_US_EAST_1,ONETRU_TRUAUDIENCE_AZURE_EAST_US2,TELEMETRY_DATA_INGEST,TELEMETRY_DATA_INGEST,ONETRU_TRUAUDIENCE_AZURE_EAST_US2,ONETRU_TRUAUDIENCE_AZURE_EAST_US2,"{""environment"":""Demo"",""team"":""TruAudience""}"
ONETRU_TRUAUDIENCE_AZURE_EAST_US2,ONETRU_TRUAUDIENCE_AZURE_EAST_US2,2026-05-01,2026-06-01,Usage,2026-05-17,2026-05-18,0.434246946,1.06,Snowflake,AWS_US_EAST_1,ONETRU_TRUAUDIENCE_AZURE_EAST_US2,SERVERLESS_TASK,SERVERLESS_TASK,ONETRU_TRUAUDIENCE_AZURE_EAST_US2,ONETRU_TRUAUDIENCE_AZURE_EAST_US2,"{""environment"":""Demo"",""team"":""TruAudience""}"
ONETRU_TRUAUDIENCE_AZURE_EAST_US2,ONETRU_TRUAUDIENCE_AZURE_EAST_US2,2026-05-01,2026-06-01,Usage,2026-05-17,2026-05-18,0.238724970,0.55,Snowflake,AWS_US_EAST_1,ONETRU_TRUAUDIENCE_AZURE_EAST_US2,WAREHOUSE_METERING,WAREHOUSE_METERING,ONETRU_TRUAUDIENCE_AZURE_EAST_US2,ONETRU_TRUAUDIENCE_AZURE_EAST_US2,"{""environment"":""Demo"",""team"":""TruAudience""}"
ONETRU_TRUAUDIENCE_AZURE_EAST_US2,ONETRU_TRUAUDIENCE_AZURE_EAST_US2,2026-05-01,2026-06-01,Usage,2026-05-17,2026-05-18,0.000000196,0.00,Snowflake,AWS_US_EAST_1,ONETRU_TRUAUDIENCE_AZURE_EAST_US2,TELEMETRY_DATA_INGEST,TELEMETRY_DATA_INGEST,ONETRU_TRUAUDIENCE_AZURE_EAST_US2,ONETRU_TRUAUDIENCE_AZURE_EAST_US2,"{""environment"":""Demo"",""team"":""TruAudience""}"
ONETRU_TRUAUDIENCE_AZURE_EAST_US2,ONETRU_TRUAUDIENCE_AZURE_EAST_US2,2026-05-01,2026-06-01,Usage,2026-05-16,2026-05-17,0.449253020,1.09,Snowflake,AWS_US_EAST_1,ONETRU_TRUAUDIENCE_AZURE_EAST_US2,SERVERLESS_TASK,SERVERLESS_TASK,ONETRU_TRUAUDIENCE_AZURE_EAST_US2,ONETRU_TRUAUDIENCE_AZURE_EAST_US2,"{""environment"":""Demo"",""team"":""TruAudience""}"
ONETRU_TRUAUDIENCE_AZURE_EAST_US2,ONETRU_TRUAUDIENCE_AZURE_EAST_US2,2026-05-01,2026-06-01,Usage,2026-05-16,2026-05-17,0.181167796,0.44,Snowflake,AWS_US_EAST_1,ONETRU_TRUAUDIENCE_AZURE_EAST_US2,WAREHOUSE_METERING,WAREHOUSE_METERING,ONETRU_TRUAUDIENCE_AZURE_EAST_US2,ONETRU_TRUAUDIENCE_AZURE_EAST_US2,"{""environment"":""Demo"",""team"":""TruAudience""}"
ONETRU_TRUAUDIENCE_AZURE_EAST_US2,ONETRU_TRUAUDIENCE_AZURE_EAST_US2,2026-05-01,2026-06-01,Usage,2026-05-16,2026-05-17,0.000000084,0.00,Snowflake,AWS_US_EAST_1,ONETRU_TRUAUDIENCE_AZURE_EAST_US2,TELEMETRY_DATA_INGEST,TELEMETRY_DATA_INGEST,ONETRU_TRUAUDIENCE_AZURE_EAST_US2,ONETRU_TRUAUDIENCE_AZURE_EAST_US2,"{""environment"":""Demo"",""team"":""TruAudience""}"
ONETRU_TRUAUDIENCE_AZURE_EAST_US2,ONETRU_TRUAUDIENCE_AZURE_EAST_US2,2026-05-01,2026-06-01,Usage,2026-05-15,2026-05-16,0.435871506,1.04,Snowflake,AWS_US_EAST_1,ONETRU_TRUAUDIENCE_AZURE_EAST_US2,SERVERLESS_TASK,SERVERLESS_TASK,ONETRU_TRUAUDIENCE_AZURE_EAST_US2,ONETRU_TRUAUDIENCE_AZURE_EAST_US2,"{""environment"":""Demo"",""team"":""TruAudience""}"
ONETRU_TRUAUDIENCE_AZURE_EAST_US2,ONETRU_TRUAUDIENCE_AZURE_EAST_US2,2026-05-01,2026-06-01,Usage,2026-05-15,2026-05-16,0.133619423,0.33,Snowflake,AWS_US_EAST_1,ONETRU_TRUAUDIENCE_AZURE_EAST_US2,WAREHOUSE_METERING,WAREHOUSE_METERING,ONETRU_TRUAUDIENCE_AZURE_EAST_US2,ONETRU_TRUAUDIENCE_AZURE_EAST_US2,"{""environment"":""Demo"",""team"":""TruAudience""}"
ONETRU_TRUAUDIENCE_AZURE_EAST_US2,ONETRU_TRUAUDIENCE_AZURE_EAST_US2,2026-05-01,2026-06-01,Usage,2026-05-15,2026-05-16,0.000000028,0.00,Snowflake,AWS_US_EAST_1,ONETRU_TRUAUDIENCE_AZURE_EAST_US2,TELEMETRY_DATA_INGEST,TELEMETRY_DATA_INGEST,ONETRU_TRUAUDIENCE_AZURE_EAST_US2,ONETRU_TRUAUDIENCE_AZURE_EAST_US2,"{""environment"":""Demo"",""team"":""TruAudience""}"
ONETRU_TRUAUDIENCE_AZURE_EAST_US2,ONETRU_TRUAUDIENCE_AZURE_EAST_US2,2026-05-01,2026-06-01,Usage,2026-05-14,2026-05-15,0.399400705,0.95,Snowflake,AWS_US_EAST_1,ONETRU_TRUAUDIENCE_AZURE_EAST_US2,SERVERLESS_TASK,SERVERLESS_TASK,ONETRU_TRUAUDIENCE_AZURE_EAST_US2,ONETRU_TRUAUDIENCE_AZURE_EAST_US2,"{""environment"":""Demo"",""team"":""TruAudience""}"
ONETRU_TRUAUDIENCE_AZURE_EAST_US2,ONETRU_TRUAUDIENCE_AZURE_EAST_US2,2026-05-01,2026-06-01,Usage,2026-05-14,2026-05-15,0.116763328,0.28,Snowflake,AWS_US_EAST_1,ONETRU_TRUAUDIENCE_AZURE_EAST_US2,WAREHOUSE_METERING,WAREHOUSE_METERING,ONETRU_TRUAUDIENCE_AZURE_EAST_US2,ONETRU_TRUAUDIENCE_AZURE_EAST_US2,"{""environment"":""Demo"",""team"":""TruAudience""}"
ONETRU_TRUAUDIENCE_AZURE_EAST_US2,ONETRU_TRUAUDIENCE_AZURE_EAST_US2,2026-05-01,2026-06-01,Usage,2026-05-14,2026-05-15,0.000000028,0.00,Snowflake,AWS_US_EAST_1,ONETRU_TRUAUDIENCE_AZURE_EAST_US2,TELEMETRY_DATA_INGEST,TELEMETRY_DATA_INGEST,ONETRU_TRUAUDIENCE_AZURE_EAST_US2,ONETRU_TRUAUDIENCE_AZURE_EAST_US2,"{""environment"":""Demo"",""team"":""TruAudience""}"
ONETRU_TRUAUDIENCE_AZURE_EAST_US2,ONETRU_TRUAUDIENCE_AZURE_EAST_US2,2026-05-01,2026-06-01,Usage,2026-05-13,2026-05-14,0.383557992,0.96,Snowflake,AWS_US_EAST_1,ONETRU_TRUAUDIENCE_AZURE_EAST_US2,SERVERLESS_TASK,SERVERLESS_TASK,ONETRU_TRUAUDIENCE_AZURE_EAST_US2,ONETRU_TRUAUDIENCE_AZURE_EAST_US2,"{""environment"":""Demo"",""team"":""TruAudience""}"
ONETRU_TRUAUDIENCE_AZURE_EAST_US2,ONETRU_TRUAUDIENCE_AZURE_EAST_US2,2026-05-01,2026-06-01,Usage,2026-05-13,2026-05-14,0.103036387,0.25,Snowflake,AWS_US_EAST_1,ONETRU_TRUAUDIENCE_AZURE_EAST_US2,WAREHOUSE_METERING,WAREHOUSE_METERING,ONETRU_TRUAUDIENCE_AZURE_EAST_US2,ONETRU_TRUAUDIENCE_AZURE_EAST_US2,"{""environment"":""Demo"",""team"":""TruAudience""}"
ONETRU_TRUAUDIENCE_AZURE_EAST_US2,ONETRU_TRUAUDIENCE_AZURE_EAST_US2,2026-05-01,2026-06-01,Usage,2026-05-12,2026-05-13,0.408330691,1.00,Snowflake,AWS_US_EAST_1,ONETRU_TRUAUDIENCE_AZURE_EAST_US2,SERVERLESS_TASK,SERVERLESS_TASK,ONETRU_TRUAUDIENCE_AZURE_EAST_US2,ONETRU_TRUAUDIENCE_AZURE_EAST_US2,"{""environment"":""Demo"",""team"":""TruAudience""}"
ONETRU_TRUAUDIENCE_AZURE_EAST_US2,ONETRU_TRUAUDIENCE_AZURE_EAST_US2,2026-05-01,2026-06-01,Usage,2026-05-12,2026-05-13,0.110749148,0.26,Snowflake,AWS_US_EAST_1,ONETRU_TRUAUDIENCE_AZURE_EAST_US2,WAREHOUSE_METERING,WAREHOUSE_METERING,ONETRU_TRUAUDIENCE_AZURE_EAST_US2,ONETRU_TRUAUDIENCE_AZURE_EAST_US2,"{""environment"":""Demo"",""team"":""TruAudience""}"
ONETRU_TRUAUDIENCE_AZURE_EAST_US2,ONETRU_TRUAUDIENCE_AZURE_EAST_US2,2026-05-01,2026-06-01,Usage,2026-05-11,2026-05-12,0.402445593,0.96,Snowflake,AWS_US_EAST_1,ONETRU_TRUAUDIENCE_AZURE_EAST_US2,SERVERLESS_TASK,SERVERLESS_TASK,ONETRU_TRUAUDIENCE_AZURE_EAST_US2,ONETRU_TRUAUDIENCE_AZURE_EAST_US2,"{""environment"":""Demo"",""team"":""TruAudience""}"
ONETRU_TRUAUDIENCE_AZURE_EAST_US2,ONETRU_TRUAUDIENCE_AZURE_EAST_US2,2026-05-01,2026-06-01,Usage,2026-05-11,2026-05-12,0.113893331,0.27,Snowflake,AWS_US_EAST_1,ONETRU_TRUAUDIENCE_AZURE_EAST_US2,WAREHOUSE_METERING,WAREHOUSE_METERING,ONETRU_TRUAUDIENCE_AZURE_EAST_US2,ONETRU_TRUAUDIENCE_AZURE_EAST_US2,"{""environment"":""Demo"",""team"":""TruAudience""}"
ONETRU_TRUAUDIENCE_AZURE_EAST_US2,ONETRU_TRUAUDIENCE_AZURE_EAST_US2,2026-05-01,2026-06-01,Usage,2026-05-10,2026-05-11,0.413021939,1.01,Snowflake,AWS_US_EAST_1,ONETRU_TRUAUDIENCE_AZURE_EAST_US2,SERVERLESS_TASK,SERVERLESS_TASK,ONETRU_TRUAUDIENCE_AZURE_EAST_US2,ONETRU_TRUAUDIENCE_AZURE_EAST_US2,"{""environment"":""Demo"",""team"":""TruAudience""}"
ONETRU_TRUAUDIENCE_AZURE_EAST_US2,ONETRU_TRUAUDIENCE_AZURE_EAST_US2,2026-05-01,2026-06-01,Usage,2026-05-10,2026-05-11,0.110665565,0.28,Snowflake,AWS_US_EAST_1,ONETRU_TRUAUDIENCE_AZURE_EAST_US2,WAREHOUSE_METERING,WAREHOUSE_METERING,ONETRU_TRUAUDIENCE_AZURE_EAST_US2,ONETRU_TRUAUDIENCE_AZURE_EAST_US2,"{""environment"":""Demo"",""team"":""TruAudience""}"
ONETRU_TRUAUDIENCE_AZURE_EAST_US2,ONETRU_TRUAUDIENCE_AZURE_EAST_US2,2026-05-01,2026-06-01,Usage,2026-05-09,2026-05-10,0.423660224,1.01,Snowflake,AWS_US_EAST_1,ONETRU_TRUAUDIENCE_AZURE_EAST_US2,SERVERLESS_TASK,SERVERLESS_TASK,ONETRU_TRUAUDIENCE_AZURE_EAST_US2,ONETRU_TRUAUDIENCE_AZURE_EAST_US2,"{""environment"":""Demo"",""team"":""TruAudience""}"
ONETRU_TRUAUDIENCE_AZURE_EAST_US2,ONETRU_TRUAUDIENCE_AZURE_EAST_US2,2026-05-01,2026-06-01,Usage,2026-05-09,2026-05-10,0.137640276,0.34,Snowflake,AWS_US_EAST_1,ONETRU_TRUAUDIENCE_AZURE_EAST_US2,WAREHOUSE_METERING,WAREHOUSE_METERING,ONETRU_TRUAUDIENCE_AZURE_EAST_US2,ONETRU_TRUAUDIENCE_AZURE_EAST_US2,"{""environment"":""Demo"",""team"":""TruAudience""}"
ONETRU_TRUAUDIENCE_AZURE_EAST_US2,ONETRU_TRUAUDIENCE_AZURE_EAST_US2,2026-05-01,2026-06-01,Usage,2026-05-09,2026-05-10,0.000000028,0.00,Snowflake,AWS_US_EAST_1,ONETRU_TRUAUDIENCE_AZURE_EAST_US2,TELEMETRY_DATA_INGEST,TELEMETRY_DATA_INGEST,ONETRU_TRUAUDIENCE_AZURE_EAST_US2,ONETRU_TRUAUDIENCE_AZURE_EAST_US2,"{""environment"":""Demo"",""team"":""TruAudience""}"
ONETRU_TRUAUDIENCE_AZURE_EAST_US2,ONETRU_TRUAUDIENCE_AZURE_EAST_US2,2026-05-01,2026-06-01,Usage,2026-05-08,2026-05-09,0.409998213,0.97,Snowflake,AWS_US_EAST_1,ONETRU_TRUAUDIENCE_AZURE_EAST_US2,SERVERLESS_TASK,SERVERLESS_TASK,ONETRU_TRUAUDIENCE_AZURE_EAST_US2,ONETRU_TRUAUDIENCE_AZURE_EAST_US2,"{""environment"":""Demo"",""team"":""TruAudience""}"
ONETRU_TRUAUDIENCE_AZURE_EAST_US2,ONETRU_TRUAUDIENCE_AZURE_EAST_US2,2026-05-01,2026-06-01,Usage,2026-05-08,2026-05-09,0.109468884,0.26,Snowflake,AWS_US_EAST_1,ONETRU_TRUAUDIENCE_AZURE_EAST_US2,WAREHOUSE_METERING,WAREHOUSE_METERING,ONETRU_TRUAUDIENCE_AZURE_EAST_US2,ONETRU_TRUAUDIENCE_AZURE_EAST_US2,"{""environment"":""Demo"",""team"":""TruAudience""}"
ONETRU_TRUAUDIENCE_AZURE_EAST_US2,ONETRU_TRUAUDIENCE_AZURE_EAST_US2,2026-05-01,2026-06-01,Usage,2026-05-07,2026-05-08,0.390930957,0.96,Snowflake,AWS_US_EAST_1,ONETRU_TRUAUDIENCE_AZURE_EAST_US2,SERVERLESS_TASK,SERVERLESS_TASK,ONETRU_TRUAUDIENCE_AZURE_EAST_US2,ONETRU_TRUAUDIENCE_AZURE_EAST_US2,"{""environment"":""Demo"",""team"":""TruAudience""}"
ONETRU_TRUAUDIENCE_AZURE_EAST_US2,ONETRU_TRUAUDIENCE_AZURE_EAST_US2,2026-05-01,2026-06-01,Usage,2026-05-07,2026-05-08,0.103815283,0.26,Snowflake,AWS_US_EAST_1,ONETRU_TRUAUDIENCE_AZURE_EAST_US2,WAREHOUSE_METERING,WAREHOUSE_METERING,ONETRU_TRUAUDIENCE_AZURE_EAST_US2,ONETRU_TRUAUDIENCE_AZURE_EAST_US2,"{""environment"":""Demo"",""team"":""TruAudience""}"
ONETRU_TRUAUDIENCE_AZURE_EAST_US2,ONETRU_TRUAUDIENCE_AZURE_EAST_US2,2026-05-01,2026-06-01,Usage,2026-05-06,2026-05-07,0.387899920,0.92,Snowflake,AWS_US_EAST_1,ONETRU_TRUAUDIENCE_AZURE_EAST_US2,SERVERLESS_TASK,SERVERLESS_TASK,ONETRU_TRUAUDIENCE_AZURE_EAST_US2,ONETRU_TRUAUDIENCE_AZURE_EAST_US2,"{""environment"":""Demo"",""team"":""TruAudience""}"
ONETRU_TRUAUDIENCE_AZURE_EAST_US2,ONETRU_TRUAUDIENCE_AZURE_EAST_US2,2026-05-01,2026-06-01,Usage,2026-05-06,2026-05-07,0.102703587,0.25,Snowflake,AWS_US_EAST_1,ONETRU_TRUAUDIENCE_AZURE_EAST_US2,WAREHOUSE_METERING,WAREHOUSE_METERING,ONETRU_TRUAUDIENCE_AZURE_EAST_US2,ONETRU_TRUAUDIENCE_AZURE_EAST_US2,"{""environment"":""Demo"",""team"":""TruAudience""}"
ONETRU_TRUAUDIENCE_AZURE_EAST_US2,ONETRU_TRUAUDIENCE_AZURE_EAST_US2,2026-05-01,2026-06-01,Usage,2026-05-05,2026-05-06,0.413746071,0.96,Snowflake,AWS_US_EAST_1,ONETRU_TRUAUDIENCE_AZURE_EAST_US2,SERVERLESS_TASK,SERVERLESS_TASK,ONETRU_TRUAUDIENCE_AZURE_EAST_US2,ONETRU_TRUAUDIENCE_AZURE_EAST_US2,"{""environment"":""Demo"",""team"":""TruAudience""}"
ONETRU_TRUAUDIENCE_AZURE_EAST_US2,ONETRU_TRUAUDIENCE_AZURE_EAST_US2,2026-05-01,2026-06-01,Usage,2026-05-05,2026-05-06,0.114164180,0.27,Snowflake,AWS_US_EAST_1,ONETRU_TRUAUDIENCE_AZURE_EAST_US2,WAREHOUSE_METERING,WAREHOUSE_METERING,ONETRU_TRUAUDIENCE_AZURE_EAST_US2,ONETRU_TRUAUDIENCE_AZURE_EAST_US2,"{""environment"":""Demo"",""team"":""TruAudience""}"
ONETRU_TRUAUDIENCE_AZURE_EAST_US2,ONETRU_TRUAUDIENCE_AZURE_EAST_US2,2026-05-01,2026-06-01,Usage,2026-05-04,2026-05-05,0.420999548,1.02,Snowflake,AWS_US_EAST_1,ONETRU_TRUAUDIENCE_AZURE_EAST_US2,SERVERLESS_TASK,SERVERLESS_TASK,ONETRU_TRUAUDIENCE_AZURE_EAST_US2,ONETRU_TRUAUDIENCE_AZURE_EAST_US2,"{""environment"":""Demo"",""team"":""TruAudience""}"
ONETRU_TRUAUDIENCE_AZURE_EAST_US2,ONETRU_TRUAUDIENCE_AZURE_EAST_US2,2026-05-01,2026-06-01,Usage,2026-05-04,2026-05-05,0.153262784,0.38,Snowflake,AWS_US_EAST_1,ONETRU_TRUAUDIENCE_AZURE_EAST_US2,WAREHOUSE_METERING,WAREHOUSE_METERING,ONETRU_TRUAUDIENCE_AZURE_EAST_US2,ONETRU_TRUAUDIENCE_AZURE_EAST_US2,"{""environment"":""Demo"",""team"":""TruAudience""}"
ONETRU_TRUAUDIENCE_AZURE_EAST_US2,ONETRU_TRUAUDIENCE_AZURE_EAST_US2,2026-05-01,2026-06-01,Usage,2026-05-04,2026-05-05,0.000000074,0.00,Snowflake,AWS_US_EAST_1,ONETRU_TRUAUDIENCE_AZURE_EAST_US2,TELEMETRY_DATA_INGEST,TELEMETRY_DATA_INGEST,ONETRU_TRUAUDIENCE_AZURE_EAST_US2,ONETRU_TRUAUDIENCE_AZURE_EAST_US2,"{""environment"":""Demo"",""team"":""TruAudience""}"
ONETRU_TRUAUDIENCE_AZURE_EAST_US2,ONETRU_TRUAUDIENCE_AZURE_EAST_US2,2026-05-01,2026-06-01,Usage,2026-05-03,2026-05-04,0.415183849,0.99,Snowflake,AWS_US_EAST_1,ONETRU_TRUAUDIENCE_AZURE_EAST_US2,SERVERLESS_TASK,SERVERLESS_TASK,ONETRU_TRUAUDIENCE_AZURE_EAST_US2,ONETRU_TRUAUDIENCE_AZURE_EAST_US2,"{""environment"":""Demo"",""team"":""TruAudience""}"
ONETRU_TRUAUDIENCE_AZURE_EAST_US2,ONETRU_TRUAUDIENCE_AZURE_EAST_US2,2026-05-01,2026-06-01,Usage,2026-05-03,2026-05-04,0.128259435,0.32,Snowflake,AWS_US_EAST_1,ONETRU_TRUAUDIENCE_AZURE_EAST_US2,WAREHOUSE_METERING,WAREHOUSE_METERING,ONETRU_TRUAUDIENCE_AZURE_EAST_US2,ONETRU_TRUAUDIENCE_AZURE_EAST_US2,"{""environment"":""Demo"",""team"":""TruAudience""}"
ONETRU_TRUAUDIENCE_AZURE_EAST_US2,ONETRU_TRUAUDIENCE_AZURE_EAST_US2,2026-05-01,2026-06-01,Usage,2026-05-03,2026-05-04,0.000000069,0.00,Snowflake,AWS_US_EAST_1,ONETRU_TRUAUDIENCE_AZURE_EAST_US2,TELEMETRY_DATA_INGEST,TELEMETRY_DATA_INGEST,ONETRU_TRUAUDIENCE_AZURE_EAST_US2,ONETRU_TRUAUDIENCE_AZURE_EAST_US2,"{""environment"":""Demo"",""team"":""TruAudience""}"
ONETRU_TRUAUDIENCE_AZURE_EAST_US2,ONETRU_TRUAUDIENCE_AZURE_EAST_US2,2026-05-01,2026-06-01,Usage,2026-05-02,2026-05-03,0.407257785,0.97,Snowflake,AWS_US_EAST_1,ONETRU_TRUAUDIENCE_AZURE_EAST_US2,SERVERLESS_TASK,SERVERLESS_TASK,ONETRU_TRUAUDIENCE_AZURE_EAST_US2,ONETRU_TRUAUDIENCE_AZURE_EAST_US2,"{""environment"":""Demo"",""team"":""TruAudience""}"
ONETRU_TRUAUDIENCE_AZURE_EAST_US2,ONETRU_TRUAUDIENCE_AZURE_EAST_US2,2026-05-01,2026-06-01,Usage,2026-05-02,2026-05-03,0.159750534,0.38,Snowflake,AWS_US_EAST_1,ONETRU_TRUAUDIENCE_AZURE_EAST_US2,WAREHOUSE_METERING,WAREHOUSE_METERING,ONETRU_TRUAUDIENCE_AZURE_EAST_US2,ONETRU_TRUAUDIENCE_AZURE_EAST_US2,"{""environment"":""Demo"",""team"":""TruAudience""}"
ONETRU_TRUAUDIENCE_AZURE_EAST_US2,ONETRU_TRUAUDIENCE_AZURE_EAST_US2,2026-05-01,2026-06-01,Usage,2026-05-02,2026-05-03,0.000000162,0.00,Snowflake,AWS_US_EAST_1,ONETRU_TRUAUDIENCE_AZURE_EAST_US2,TELEMETRY_DATA_INGEST,TELEMETRY_DATA_INGEST,ONETRU_TRUAUDIENCE_AZURE_EAST_US2,ONETRU_TRUAUDIENCE_AZURE_EAST_US2,"{""environment"":""Demo"",""team"":""TruAudience""}"
ONETRU_TRUAUDIENCE_AZURE_EAST_US2,ONETRU_TRUAUDIENCE_AZURE_EAST_US2,2026-05-01,2026-06-01,Usage,2026-05-01,2026-05-02,0.398849409,1.00,Snowflake,AWS_US_EAST_1,ONETRU_TRUAUDIENCE_AZURE_EAST_US2,SERVERLESS_TASK,SERVERLESS_TASK,ONETRU_TRUAUDIENCE_AZURE_EAST_US2,ONETRU_TRUAUDIENCE_AZURE_EAST_US2,"{""environment"":""Demo"",""team"":""TruAudience""}"
ONETRU_TRUAUDIENCE_AZURE_EAST_US2,ONETRU_TRUAUDIENCE_AZURE_EAST_US2,2026-05-01,2026-06-01,Usage,2026-05-01,2026-05-02,0.108241649,0.26,Snowflake,AWS_US_EAST_1,ONETRU_TRUAUDIENCE_AZURE_EAST_US2,WAREHOUSE_METERING,WAREHOUSE_METERING,ONETRU_TRUAUDIENCE_AZURE_EAST_US2,ONETRU_TRUAUDIENCE_AZURE_EAST_US2,"{""environment"":""Demo"",""team"":""TruAudience""}"
TU_US_NONCREDIT_TRUAUDIENCE_DEV,TU_US_NONCREDIT_TRUAUDIENCE_DEV,2026-05-01,2026-06-01,Usage,2026-05-29,2026-05-30,193.935625878,473.83,Snowflake,AWS_US_EAST_1,TU_US_NONCREDIT_TRUAUDIENCE_DEV,WAREHOUSE_METERING,WAREHOUSE_METERING,TU_US_NONCREDIT_TRUAUDIENCE_DEV,TU_US_NONCREDIT_TRUAUDIENCE_DEV,"{""environment"":""Development"",""team"":""TruAudience""}"
TU_US_NONCREDIT_TRUAUDIENCE_DEV,TU_US_NONCREDIT_TRUAUDIENCE_DEV,2026-05-01,2026-06-01,Usage,2026-05-29,2026-05-30,5.737883327,13.36,Snowflake,AWS_US_EAST_1,TU_US_NONCREDIT_TRUAUDIENCE_DEV,SNOWPARK_CONTAINER_SERVICES,SNOWPARK_CONTAINER_SERVICES,TU_US_NONCREDIT_TRUAUDIENCE_DEV,TU_US_NONCREDIT_TRUAUDIENCE_DEV,"{""environment"":""Development"",""team"":""TruAudience""}"
TU_US_NONCREDIT_TRUAUDIENCE_DEV,TU_US_NONCREDIT_TRUAUDIENCE_DEV,2026-05-01,2026-06-01,Usage,2026-05-29,2026-05-30,3.326663770,7.86,Snowflake,AWS_US_EAST_1,TU_US_NONCREDIT_TRUAUDIENCE_DEV,SNOWFLAKE_INTELLIGENCE,SNOWFLAKE_INTELLIGENCE,TU_US_NONCREDIT_TRUAUDIENCE_DEV,TU_US_NONCREDIT_TRUAUDIENCE_DEV,"{""environment"":""Development"",""team"":""TruAudience""}"
TU_US_NONCREDIT_TRUAUDIENCE_DEV,TU_US_NONCREDIT_TRUAUDIENCE_DEV,2026-05-01,2026-06-01,Usage,2026-05-29,2026-05-30,3.201709070,7.77,Snowflake,AWS_US_EAST_1,TU_US_NONCREDIT_TRUAUDIENCE_DEV,CORTEX_AGENTS,CORTEX_AGENTS,TU_US_NONCREDIT_TRUAUDIENCE_DEV,TU_US_NONCREDIT_TRUAUDIENCE_DEV,"{""environment"":""Development"",""team"":""TruAudience""}"
TU_US_NONCREDIT_TRUAUDIENCE_DEV,TU_US_NONCREDIT_TRUAUDIENCE_DEV,2026-05-01,2026-06-01,Usage,2026-05-29,2026-05-30,0.841702740,2.07,Snowflake,AWS_US_EAST_1,TU_US_NONCREDIT_TRUAUDIENCE_DEV,POSTGRES_COMPUTE,POSTGRES_COMPUTE,TU_US_NONCREDIT_TRUAUDIENCE_DEV,TU_US_NONCREDIT_TRUAUDIENCE_DEV,"{""environment"":""Development"",""team"":""TruAudience""}"
TU_US_NONCREDIT_TRUAUDIENCE_DEV,TU_US_NONCREDIT_TRUAUDIENCE_DEV,2026-05-01,2026-06-01,Usage,2026-05-29,2026-05-30,0.057481782,0.15,Snowflake,AWS_US_EAST_1,TU_US_NONCREDIT_TRUAUDIENCE_DEV,CORTEX_SEARCH,CORTEX_SEARCH,TU_US_NONCREDIT_TRUAUDIENCE_DEV,TU_US_NONCREDIT_TRUAUDIENCE_DEV,"{""environment"":""Development"",""team"":""TruAudience""}"
TU_US_NONCREDIT_TRUAUDIENCE_DEV,TU_US_NONCREDIT_TRUAUDIENCE_DEV,2026-05-01,2026-06-01,Usage,2026-05-29,2026-05-30,0.037583070,0.09,Snowflake,AWS_US_EAST_1,TU_US_NONCREDIT_TRUAUDIENCE_DEV,CORTEX_CODE_SNOWSIGHT,CORTEX_CODE_SNOWSIGHT,TU_US_NONCREDIT_TRUAUDIENCE_DEV,TU_US_NONCREDIT_TRUAUDIENCE_DEV,"{""environment"":""Development"",""team"":""TruAudience""}"
TU_US_NONCREDIT_TRUAUDIENCE_DEV,TU_US_NONCREDIT_TRUAUDIENCE_DEV,2026-05-01,2026-06-01,Usage,2026-05-29,2026-05-30,0.010720280,0.03,Snowflake,AWS_US_EAST_1,TU_US_NONCREDIT_TRUAUDIENCE_DEV,TELEMETRY_DATA_INGEST,TELEMETRY_DATA_INGEST,TU_US_NONCREDIT_TRUAUDIENCE_DEV,TU_US_NONCREDIT_TRUAUDIENCE_DEV,"{""environment"":""Development"",""team"":""TruAudience""}"
TU_US_NONCREDIT_TRUAUDIENCE_DEV,TU_US_NONCREDIT_TRUAUDIENCE_DEV,2026-05-01,2026-06-01,Usage,2026-05-28,2026-05-29,167.762749632,390.55,Snowflake,AWS_US_EAST_1,TU_US_NONCREDIT_TRUAUDIENCE_DEV,WAREHOUSE_METERING,WAREHOUSE_METERING,TU_US_NONCREDIT_TRUAUDIENCE_DEV,TU_US_NONCREDIT_TRUAUDIENCE_DEV,"{""environment"":""Development"",""team"":""TruAudience""}"
TU_US_NONCREDIT_TRUAUDIENCE_DEV,TU_US_NONCREDIT_TRUAUDIENCE_DEV,2026-05-01,2026-06-01,Usage,2026-05-28,2026-05-29,5.771383328,13.64,Snowflake,AWS_US_EAST_1,TU_US_NONCREDIT_TRUAUDIENCE_DEV,SNOWPARK_CONTAINER_SERVICES,SNOWPARK_CONTAINER_SERVICES,TU_US_NONCREDIT_TRUAUDIENCE_DEV,TU_US_NONCREDIT_TRUAUDIENCE_DEV,"{""environment"":""Development"",""team"":""TruAudience""}"
TU_US_NONCREDIT_TRUAUDIENCE_DEV,TU_US_NONCREDIT_TRUAUDIENCE_DEV,2026-05-01,2026-06-01,Usage,2026-05-28,2026-05-29,0.846637297,2.05,Snowflake,AWS_US_EAST_1,TU_US_NONCREDIT_TRUAUDIENCE_DEV,POSTGRES_COMPUTE,POSTGRES_COMPUTE,TU_US_NONCREDIT_TRUAUDIENCE_DEV,TU_US_NONCREDIT_TRUAUDIENCE_DEV,"{""environment"":""Development"",""team"":""TruAudience""}"
TU_US_NONCREDIT_TRUAUDIENCE_DEV,TU_US_NONCREDIT_TRUAUDIENCE_DEV,2026-05-01,2026-06-01,Usage,2026-05-28,2026-05-29,0.057313707,0.14,Snowflake,AWS_US_EAST_1,TU_US_NONCREDIT_TRUAUDIENCE_DEV,CORTEX_SEARCH,CORTEX_SEARCH,TU_US_NONCREDIT_TRUAUDIENCE_DEV,TU_US_NONCREDIT_TRUAUDIENCE_DEV,"{""environment"":""Development"",""team"":""TruAudience""}"
TU_US_NONCREDIT_TRUAUDIENCE_DEV,TU_US_NONCREDIT_TRUAUDIENCE_DEV,2026-05-01,2026-06-01,Usage,2026-05-28,2026-05-29,0.010482922,0.03,Snowflake,AWS_US_EAST_1,TU_US_NONCREDIT_TRUAUDIENCE_DEV,TELEMETRY_DATA_INGEST,TELEMETRY_DATA_INGEST,TU_US_NONCREDIT_TRUAUDIENCE_DEV,TU_US_NONCREDIT_TRUAUDIENCE_DEV,"{""environment"":""Development"",""team"":""TruAudience""}"
TU_US_NONCREDIT_TRUAUDIENCE_DEV,TU_US_NONCREDIT_TRUAUDIENCE_DEV,2026-05-01,2026-06-01,Usage,2026-05-27,2026-05-28,167.654227943,399.15,Snowflake,AWS_US_EAST_1,TU_US_NONCREDIT_TRUAUDIENCE_DEV,WAREHOUSE_METERING,WAREHOUSE_METERING,TU_US_NONCREDIT_TRUAUDIENCE_DEV,TU_US_NONCREDIT_TRUAUDIENCE_DEV,"{""environment"":""Development"",""team"":""TruAudience""}"
TU_US_NONCREDIT_TRUAUDIENCE_DEV,TU_US_NONCREDIT_TRUAUDIENCE_DEV,2026-05-01,2026-06-01,Usage,2026-05-27,2026-05-28,5.750099994,14.05,Snowflake,AWS_US_EAST_1,TU_US_NONCREDIT_TRUAUDIENCE_DEV,SNOWPARK_CONTAINER_SERVICES,SNOWPARK_CONTAINER_SERVICES,TU_US_NONCREDIT_TRUAUDIENCE_DEV,TU_US_NONCREDIT_TRUAUDIENCE_DEV,"{""environment"":""Development"",""team"":""TruAudience""}"
TU_US_NONCREDIT_TRUAUDIENCE_DEV,TU_US_NONCREDIT_TRUAUDIENCE_DEV,2026-05-01,2026-06-01,Usage,2026-05-27,2026-05-28,0.851819075,1.98,Snowflake,AWS_US_EAST_1,TU_US_NONCREDIT_TRUAUDIENCE_DEV,POSTGRES_COMPUTE,POSTGRES_COMPUTE,TU_US_NONCREDIT_TRUAUDIENCE_DEV,TU_US_NONCREDIT_TRUAUDIENCE_DEV,"{""environment"":""Development"",""team"":""TruAudience""}"
TU_US_NONCREDIT_TRUAUDIENCE_DEV,TU_US_NONCREDIT_TRUAUDIENCE_DEV,2026-05-01,2026-06-01,Usage,2026-05-27,2026-05-28,0.057350381,0.14,Snowflake,AWS_US_EAST_1,TU_US_NONCREDIT_TRUAUDIENCE_DEV,CORTEX_SEARCH,CORTEX_SEARCH,TU_US_NONCREDIT_TRUAUDIENCE_DEV,TU_US_NONCREDIT_TRUAUDIENCE_DEV,"{""environment"":""Development"",""team"":""TruAudience""}"
TU_US_NONCREDIT_TRUAUDIENCE_DEV,TU_US_NONCREDIT_TRUAUDIENCE_DEV,2026-05-01,2026-06-01,Usage,2026-05-27,2026-05-28,0.010482026,0.03,Snowflake,AWS_US_EAST_1,TU_US_NONCREDIT_TRUAUDIENCE_DEV,TELEMETRY_DATA_INGEST,TELEMETRY_DATA_INGEST,TU_US_NONCREDIT_TRUAUDIENCE_DEV,TU_US_NONCREDIT_TRUAUDIENCE_DEV,"{""environment"":""Development"",""team"":""TruAudience""}"
TU_US_NONCREDIT_TRUAUDIENCE_DEV,TU_US_NONCREDIT_TRUAUDIENCE_DEV,2026-05-01,2026-06-01,Usage,2026-05-27,2026-05-28,0.000144722,0.00,Snowflake,AWS_US_EAST_1,TU_US_NONCREDIT_TRUAUDIENCE_DEV,AUTO_CLUSTERING,AUTO_CLUSTERING,TU_US_NONCREDIT_TRUAUDIENCE_DEV,TU_US_NONCREDIT_TRUAUDIENCE_DEV,"{""environment"":""Development"",""team"":""TruAudience""}"
TU_US_NONCREDIT_TRUAUDIENCE_DEV,TU_US_NONCREDIT_TRUAUDIENCE_DEV,2026-05-01,2026-06-01,Usage,2026-05-26,2026-05-27,167.011133034,416.86,Snowflake,AWS_US_EAST_1,TU_US_NONCREDIT_TRUAUDIENCE_DEV,WAREHOUSE_METERING,WAREHOUSE_METERING,TU_US_NONCREDIT_TRUAUDIENCE_DEV,TU_US_NONCREDIT_TRUAUDIENCE_DEV,"{""environment"":""Development"",""team"":""TruAudience""}"
TU_US_NONCREDIT_TRUAUDIENCE_DEV,TU_US_NONCREDIT_TRUAUDIENCE_DEV,2026-05-01,2026-06-01,Usage,2026-05-26,2026-05-27,5.750483324,13.69,Snowflake,AWS_US_EAST_1,TU_US_NONCREDIT_TRUAUDIENCE_DEV,SNOWPARK_CONTAINER_SERVICES,SNOWPARK_CONTAINER_SERVICES,TU_US_NONCREDIT_TRUAUDIENCE_DEV,TU_US_NONCREDIT_TRUAUDIENCE_DEV,"{""environment"":""Development"",""team"":""TruAudience""}"
TU_US_NONCREDIT_TRUAUDIENCE_DEV,TU_US_NONCREDIT_TRUAUDIENCE_DEV,2026-05-01,2026-06-01,Usage,2026-05-26,2026-05-27,0.845865961,2.07,Snowflake,AWS_US_EAST_1,TU_US_NONCREDIT_TRUAUDIENCE_DEV,POSTGRES_COMPUTE,POSTGRES_COMPUTE,TU_US_NONCREDIT_TRUAUDIENCE_DEV,TU_US_NONCREDIT_TRUAUDIENCE_DEV,"{""environment"":""Development"",""team"":""TruAudience""}"
TU_US_NONCREDIT_TRUAUDIENCE_DEV,TU_US_NONCREDIT_TRUAUDIENCE_DEV,2026-05-01,2026-06-01,Usage,2026-05-26,2026-05-27,0.542823980,1.26,Snowflake,AWS_US_EAST_1,TU_US_NONCREDIT_TRUAUDIENCE_DEV,CORTEX_AGENTS,CORTEX_AGENTS,TU_US_NONCREDIT_TRUAUDIENCE_DEV,TU_US_NONCREDIT_TRUAUDIENCE_DEV,"{""environment"":""Development"",""team"":""TruAudience""}"
TU_US_NONCREDIT_TRUAUDIENCE_DEV,TU_US_NONCREDIT_TRUAUDIENCE_DEV,2026-05-01,2026-06-01,Usage,2026-05-26,2026-05-27,0.057397077,0.14,Snowflake,AWS_US_EAST_1,TU_US_NONCREDIT_TRUAUDIENCE_DEV,CORTEX_SEARCH,CORTEX_SEARCH,TU_US_NONCREDIT_TRUAUDIENCE_DEV,TU_US_NONCREDIT_TRUAUDIENCE_DEV,"{""environment"":""Development"",""team"":""TruAudience""}"
TU_US_NONCREDIT_TRUAUDIENCE_DEV,TU_US_NONCREDIT_TRUAUDIENCE_DEV,2026-05-01,2026-06-01,Usage,2026-05-26,2026-05-27,0.010498948,0.03,Snowflake,AWS_US_EAST_1,TU_US_NONCREDIT_TRUAUDIENCE_DEV,TELEMETRY_DATA_INGEST,TELEMETRY_DATA_INGEST,TU_US_NONCREDIT_TRUAUDIENCE_DEV,TU_US_NONCREDIT_TRUAUDIENCE_DEV,"{""environment"":""Development"",""team"":""TruAudience""}"
TU_US_NONCREDIT_TRUAUDIENCE_DEV,TU_US_NONCREDIT_TRUAUDIENCE_DEV,2026-05-01,2026-06-01,Usage,2026-05-26,2026-05-27,0.000201111,0.00,Snowflake,AWS_US_EAST_1,TU_US_NONCREDIT_TRUAUDIENCE_DEV,AUTO_CLUSTERING,AUTO_CLUSTERING,TU_US_NONCREDIT_TRUAUDIENCE_DEV,TU_US_NONCREDIT_TRUAUDIENCE_DEV,"{""environment"":""Development"",""team"":""TruAudience""}"
TU_US_NONCREDIT_TRUAUDIENCE_DEV,TU_US_NONCREDIT_TRUAUDIENCE_DEV,2026-05-01,2026-06-01,Usage,2026-05-25,2026-05-26,73.582050997,183.66,Snowflake,AWS_US_EAST_1,TU_US_NONCREDIT_TRUAUDIENCE_DEV,WAREHOUSE_METERING,WAREHOUSE_METERING,TU_US_NONCREDIT_TRUAUDIENCE_DEV,TU_US_NONCREDIT_TRUAUDIENCE_DEV,"{""environment"":""Development"",""team"":""TruAudience""}"
TU_US_NONCREDIT_TRUAUDIENCE_DEV,TU_US_NONCREDIT_TRUAUDIENCE_DEV,2026-05-01,2026-06-01,Usage,2026-05-25,2026-05-26,5.760666666,13.72,Snowflake,AWS_US_EAST_1,TU_US_NONCREDIT_TRUAUDIENCE_DEV,SNOWPARK_CONTAINER_SERVICES,SNOWPARK_CONTAINER_SERVICES,TU_US_NONCREDIT_TRUAUDIENCE_DEV,TU_US_NONCREDIT_TRUAUDIENCE_DEV,"{""environment"":""Development"",""team"":""TruAudience""}"
TU_US_NONCREDIT_TRUAUDIENCE_DEV,TU_US_NONCREDIT_TRUAUDIENCE_DEV,2026-05-01,2026-06-01,Usage,2026-05-25,2026-05-26,3.187212710,7.79,Snowflake,AWS_US_EAST_1,TU_US_NONCREDIT_TRUAUDIENCE_DEV,CORTEX_CODE_CLI,CORTEX_CODE_CLI,TU_US_NONCREDIT_TRUAUDIENCE_DEV,TU_US_NONCREDIT_TRUAUDIENCE_DEV,"{""environment"":""Development"",""team"":""TruAudience""}"
TU_US_NONCREDIT_TRUAUDIENCE_DEV,TU_US_NONCREDIT_TRUAUDIENCE_DEV,2026-05-01,2026-06-01,Usage,2026-05-25,2026-05-26,0.851532296,1.98,Snowflake,AWS_US_EAST_1,TU_US_NONCREDIT_TRUAUDIENCE_DEV,POSTGRES_COMPUTE,POSTGRES_COMPUTE,TU_US_NONCREDIT_TRUAUDIENCE_DEV,TU_US_NONCREDIT_TRUAUDIENCE_DEV,"{""environment"":""Development"",""team"":""TruAudience""}"
TU_US_NONCREDIT_TRUAUDIENCE_DEV,TU_US_NONCREDIT_TRUAUDIENCE_DEV,2026-05-01,2026-06-01,Usage,2026-05-25,2026-05-26,0.057474447,0.14,Snowflake,AWS_US_EAST_1,TU_US_NONCREDIT_TRUAUDIENCE_DEV,CORTEX_SEARCH,CORTEX_SEARCH,TU_US_NONCREDIT_TRUAUDIENCE_DEV,TU_US_NONCREDIT_TRUAUDIENCE_DEV,"{""environment"":""Development"",""team"":""TruAudience""}"
TU_US_NONCREDIT_TRUAUDIENCE_DEV,TU_US_NONCREDIT_TRUAUDIENCE_DEV,2026-05-01,2026-06-01,Usage,2026-05-25,2026-05-26,0.015554400,0.04,Snowflake,AWS_US_EAST_1,TU_US_NONCREDIT_TRUAUDIENCE_DEV,AI_FUNCTIONS,AI_FUNCTIONS,TU_US_NONCREDIT_TRUAUDIENCE_DEV,TU_US_NONCREDIT_TRUAUDIENCE_DEV,"{""environment"":""Development"",""team"":""TruAudience""}"
TU_US_NONCREDIT_TRUAUDIENCE_DEV,TU_US_NONCREDIT_TRUAUDIENCE_DEV,2026-05-01,2026-06-01,Usage,2026-05-25,2026-05-26,0.010806336,0.03,Snowflake,AWS_US_EAST_1,TU_US_NONCREDIT_TRUAUDIENCE_DEV,TELEMETRY_DATA_INGEST,TELEMETRY_DATA_INGEST,TU_US_NONCREDIT_TRUAUDIENCE_DEV,TU_US_NONCREDIT_TRUAUDIENCE_DEV,"{""environment"":""Development"",""team"":""TruAudience""}"
TU_US_NONCREDIT_TRUAUDIENCE_DEV,TU_US_NONCREDIT_TRUAUDIENCE_DEV,2026-05-01,2026-06-01,Usage,2026-05-25,2026-05-26,0.002254851,0.01,Snowflake,AWS_US_EAST_1,TU_US_NONCREDIT_TRUAUDIENCE_DEV,AUTO_CLUSTERING,AUTO_CLUSTERING,TU_US_NONCREDIT_TRUAUDIENCE_DEV,TU_US_NONCREDIT_TRUAUDIENCE_DEV,"{""environment"":""Development"",""team"":""TruAudience""}"
TU_US_NONCREDIT_TRUAUDIENCE_DEV,TU_US_NONCREDIT_TRUAUDIENCE_DEV,2026-05-01,2026-06-01,Usage,2026-05-25,2026-05-26,0.000054670,0.00,Snowflake,AWS_US_EAST_1,TU_US_NONCREDIT_TRUAUDIENCE_DEV,AI_INFERENCE,AI_INFERENCE,TU_US_NONCREDIT_TRUAUDIENCE_DEV,TU_US_NONCREDIT_TRUAUDIENCE_DEV,"{""environment"":""Development"",""team"":""TruAudience""}"
TU_US_NONCREDIT_TRUAUDIENCE_DEV,TU_US_NONCREDIT_TRUAUDIENCE_DEV,2026-05-01,2026-06-01,Usage,2026-05-24,2026-05-25,99.692167008,243.57,Snowflake,AWS_US_EAST_1,TU_US_NONCREDIT_TRUAUDIENCE_DEV,WAREHOUSE_METERING,WAREHOUSE_METERING,TU_US_NONCREDIT_TRUAUDIENCE_DEV,TU_US_NONCREDIT_TRUAUDIENCE_DEV,"{""environment"":""Development"",""team"":""TruAudience""}"
TU_US_NONCREDIT_TRUAUDIENCE_DEV,TU_US_NONCREDIT_TRUAUDIENCE_DEV,2026-05-01,2026-06-01,Usage,2026-05-24,2026-05-25,8.078858321,18.81,Snowflake,AWS_US_EAST_1,TU_US_NONCREDIT_TRUAUDIENCE_DEV,SNOWPARK_CONTAINER_SERVICES,SNOWPARK_CONTAINER_SERVICES,TU_US_NONCREDIT_TRUAUDIENCE_DEV,TU_US_NONCREDIT_TRUAUDIENCE_DEV,"{""environment"":""Development"",""team"":""TruAudience""}"
TU_US_NONCREDIT_TRUAUDIENCE_DEV,TU_US_NONCREDIT_TRUAUDIENCE_DEV,2026-05-01,2026-06-01,Usage,2026-05-24,2026-05-25,1.262786620,2.98,Snowflake,AWS_US_EAST_1,TU_US_NONCREDIT_TRUAUDIENCE_DEV,SNOWFLAKE_INTELLIGENCE,SNOWFLAKE_INTELLIGENCE,TU_US_NONCREDIT_TRUAUDIENCE_DEV,TU_US_NONCREDIT_TRUAUDIENCE_DEV,"{""environment"":""Development"",""team"":""TruAudience""}"
TU_US_NONCREDIT_TRUAUDIENCE_DEV,TU_US_NONCREDIT_TRUAUDIENCE_DEV,2026-05-01,2026-06-01,Usage,2026-05-24,2026-05-25,0.853292517,2.07,Snowflake,AWS_US_EAST_1,TU_US_NONCREDIT_TRUAUDIENCE_DEV,POSTGRES_COMPUTE,POSTGRES_COMPUTE,TU_US_NONCREDIT_TRUAUDIENCE_DEV,TU_US_NONCREDIT_TRUAUDIENCE_DEV,"{""environment"":""Development"",""team"":""TruAudience""}"
TU_US_NONCREDIT_TRUAUDIENCE_DEV,TU_US_NONCREDIT_TRUAUDIENCE_DEV,2026-05-01,2026-06-01,Usage,2026-05-24,2026-05-25,0.057389065,0.14,Snowflake,AWS_US_EAST_1,TU_US_NONCREDIT_TRUAUDIENCE_DEV,CORTEX_SEARCH,CORTEX_SEARCH,TU_US_NONCREDIT_TRUAUDIENCE_DEV,TU_US_NONCREDIT_TRUAUDIENCE_DEV,"{""environment"":""Development"",""team"":""TruAudience""}"
TU_US_NONCREDIT_TRUAUDIENCE_DEV,TU_US_NONCREDIT_TRUAUDIENCE_DEV,2026-05-01,2026-06-01,Usage,2026-05-24,2026-05-25,0.050904640,0.12,Snowflake,AWS_US_EAST_1,TU_US_NONCREDIT_TRUAUDIENCE_DEV,CORTEX_AGENTS,CORTEX_AGENTS,TU_US_NONCREDIT_TRUAUDIENCE_DEV,TU_US_NONCREDIT_TRUAUDIENCE_DEV,"{""environment"":""Development"",""team"":""TruAudience""}"
TU_US_NONCREDIT_TRUAUDIENCE_DEV,TU_US_NONCREDIT_TRUAUDIENCE_DEV,2026-05-01,2026-06-01,Usage,2026-05-24,2026-05-25,0.011137719,0.03,Snowflake,AWS_US_EAST_1,TU_US_NONCREDIT_TRUAUDIENCE_DEV,TELEMETRY_DATA_INGEST,TELEMETRY_DATA_INGEST,TU_US_NONCREDIT_TRUAUDIENCE_DEV,TU_US_NONCREDIT_TRUAUDIENCE_DEV,"{""environment"":""Development"",""team"":""TruAudience""}"
TU_US_NONCREDIT_TRUAUDIENCE_DEV,TU_US_NONCREDIT_TRUAUDIENCE_DEV,2026-05-01,2026-06-01,Usage,2026-05-24,2026-05-25,0.000235555,0.00,Snowflake,AWS_US_EAST_1,TU_US_NONCREDIT_TRUAUDIENCE_DEV,AUTO_CLUSTERING,AUTO_CLUSTERING,TU_US_NONCREDIT_TRUAUDIENCE_DEV,TU_US_NONCREDIT_TRUAUDIENCE_DEV,"{""environment"":""Development"",""team"":""TruAudience""}"
TU_US_NONCREDIT_TRUAUDIENCE_DEV,TU_US_NONCREDIT_TRUAUDIENCE_DEV,2026-05-01,2026-06-01,Usage,2026-05-23,2026-05-24,91.499996308,213.01,Snowflake,AWS_US_EAST_1,TU_US_NONCREDIT_TRUAUDIENCE_DEV,WAREHOUSE_METERING,WAREHOUSE_METERING,TU_US_NONCREDIT_TRUAUDIENCE_DEV,TU_US_NONCREDIT_TRUAUDIENCE_DEV,"{""environment"":""Development"",""team"":""TruAudience""}"
TU_US_NONCREDIT_TRUAUDIENCE_DEV,TU_US_NONCREDIT_TRUAUDIENCE_DEV,2026-05-01,2026-06-01,Usage,2026-05-23,2026-05-24,6.990862110,16.53,Snowflake,AWS_US_EAST_1,TU_US_NONCREDIT_TRUAUDIENCE_DEV,CORTEX_CODE_CLI,CORTEX_CODE_CLI,TU_US_NONCREDIT_TRUAUDIENCE_DEV,TU_US_NONCREDIT_TRUAUDIENCE_DEV,"{""environment"":""Development"",""team"":""TruAudience""}"
TU_US_NONCREDIT_TRUAUDIENCE_DEV,TU_US_NONCREDIT_TRUAUDIENCE_DEV,2026-05-01,2026-06-01,Usage,2026-05-23,2026-05-24,6.100036114,14.82,Snowflake,AWS_US_EAST_1,TU_US_NONCREDIT_TRUAUDIENCE_DEV,SNOWPARK_CONTAINER_SERVICES,SNOWPARK_CONTAINER_SERVICES,TU_US_NONCREDIT_TRUAUDIENCE_DEV,TU_US_NONCREDIT_TRUAUDIENCE_DEV,"{""environment"":""Development"",""team"":""TruAudience""}"
TU_US_NONCREDIT_TRUAUDIENCE_DEV,TU_US_NONCREDIT_TRUAUDIENCE_DEV,2026-05-01,2026-06-01,Usage,2026-05-23,2026-05-24,3.169276980,7.80,Snowflake,AWS_US_EAST_1,TU_US_NONCREDIT_TRUAUDIENCE_DEV,CORTEX_AGENTS,CORTEX_AGENTS,TU_US_NONCREDIT_TRUAUDIENCE_DEV,TU_US_NONCREDIT_TRUAUDIENCE_DEV,"{""environment"":""Development"",""team"":""TruAudience""}"
TU_US_NONCREDIT_TRUAUDIENCE_DEV,TU_US_NONCREDIT_TRUAUDIENCE_DEV,2026-05-01,2026-06-01,Usage,2026-05-23,2026-05-24,3.025254370,7.55,Snowflake,AWS_US_EAST_1,TU_US_NONCREDIT_TRUAUDIENCE_DEV,SNOWFLAKE_INTELLIGENCE,SNOWFLAKE_INTELLIGENCE,TU_US_NONCREDIT_TRUAUDIENCE_DEV,TU_US_NONCREDIT_TRUAUDIENCE_DEV,"{""environment"":""Development"",""team"":""TruAudience""}"
TU_US_NONCREDIT_TRUAUDIENCE_DEV,TU_US_NONCREDIT_TRUAUDIENCE_DEV,2026-05-01,2026-06-01,Usage,2026-05-23,2026-05-24,0.844975962,2.01,Snowflake,AWS_US_EAST_1,TU_US_NONCREDIT_TRUAUDIENCE_DEV,POSTGRES_COMPUTE,POSTGRES_COMPUTE,TU_US_NONCREDIT_TRUAUDIENCE_DEV,TU_US_NONCREDIT_TRUAUDIENCE_DEV,"{""environment"":""Development"",""team"":""TruAudience""}"
TU_US_NONCREDIT_TRUAUDIENCE_DEV,TU_US_NONCREDIT_TRUAUDIENCE_DEV,2026-05-01,2026-06-01,Usage,2026-05-23,2026-05-24,0.308177160,0.75,Snowflake,AWS_US_EAST_1,TU_US_NONCREDIT_TRUAUDIENCE_DEV,CORTEX_CODE_SNOWSIGHT,CORTEX_CODE_SNOWSIGHT,TU_US_NONCREDIT_TRUAUDIENCE_DEV,TU_US_NONCREDIT_TRUAUDIENCE_DEV,"{""environment"":""Development"",""team"":""TruAudience""}"
TU_US_NONCREDIT_TRUAUDIENCE_DEV,TU_US_NONCREDIT_TRUAUDIENCE_DEV,2026-05-01,2026-06-01,Usage,2026-05-23,2026-05-24,0.057402402,0.14,Snowflake,AWS_US_EAST_1,TU_US_NONCREDIT_TRUAUDIENCE_DEV,CORTEX_SEARCH,CORTEX_SEARCH,TU_US_NONCREDIT_TRUAUDIENCE_DEV,TU_US_NONCREDIT_TRUAUDIENCE_DEV,"{""environment"":""Development"",""team"":""TruAudience""}"
TU_US_NONCREDIT_TRUAUDIENCE_DEV,TU_US_NONCREDIT_TRUAUDIENCE_DEV,2026-05-01,2026-06-01,Usage,2026-05-23,2026-05-24,0.011456572,0.03,Snowflake,AWS_US_EAST_1,TU_US_NONCREDIT_TRUAUDIENCE_DEV,TELEMETRY_DATA_INGEST,TELEMETRY_DATA_INGEST,TU_US_NONCREDIT_TRUAUDIENCE_DEV,TU_US_NONCREDIT_TRUAUDIENCE_DEV,"{""environment"":""Development"",""team"":""TruAudience""}"
TU_US_NONCREDIT_TRUAUDIENCE_DEV,TU_US_NONCREDIT_TRUAUDIENCE_DEV,2026-05-01,2026-06-01,Usage,2026-05-23,2026-05-24,0.004295040,0.01,Snowflake,AWS_US_EAST_1,TU_US_NONCREDIT_TRUAUDIENCE_DEV,AUTO_CLUSTERING,AUTO_CLUSTERING,TU_US_NONCREDIT_TRUAUDIENCE_DEV,TU_US_NONCREDIT_TRUAUDIENCE_DEV,"{""environment"":""Development"",""team"":""TruAudience""}"
TU_US_NONCREDIT_TRUAUDIENCE_DEV,TU_US_NONCREDIT_TRUAUDIENCE_DEV,2026-05-01,2026-06-01,Usage,2026-05-23,2026-05-24,0.000174680,0.00,Snowflake,AWS_US_EAST_1,TU_US_NONCREDIT_TRUAUDIENCE_DEV,AI_INFERENCE,AI_INFERENCE,TU_US_NONCREDIT_TRUAUDIENCE_DEV,TU_US_NONCREDIT_TRUAUDIENCE_DEV,"{""environment"":""Development"",""team"":""TruAudience""}"
TU_US_NONCREDIT_TRUAUDIENCE_DEV,TU_US_NONCREDIT_TRUAUDIENCE_DEV,2026-05-01,2026-06-01,Usage,2026-05-22,2026-05-23,41.162149724,102.74,Snowflake,AWS_US_EAST_1,TU_US_NONCREDIT_TRUAUDIENCE_DEV,WAREHOUSE_METERING,WAREHOUSE_METERING,TU_US_NONCREDIT_TRUAUDIENCE_DEV,TU_US_NONCREDIT_TRUAUDIENCE_DEV,"{""environment"":""Development"",""team"":""TruAudience""}"
TU_US_NONCREDIT_TRUAUDIENCE_DEV,TU_US_NONCREDIT_TRUAUDIENCE_DEV,2026-05-01,2026-06-01,Usage,2026-05-22,2026-05-23,5.754750000,13.70,Snowflake,AWS_US_EAST_1,TU_US_NONCREDIT_TRUAUDIENCE_DEV,SNOWPARK_CONTAINER_SERVICES,SNOWPARK_CONTAINER_SERVICES,TU_US_NONCREDIT_TRUAUDIENCE_DEV,TU_US_NONCREDIT_TRUAUDIENCE_DEV,"{""environment"":""Development"",""team"":""TruAudience""}"
TU_US_NONCREDIT_TRUAUDIENCE_DEV,TU_US_NONCREDIT_TRUAUDIENCE_DEV,2026-05-01,2026-06-01,Usage,2026-05-22,2026-05-23,4.501456490,10.99,Snowflake,AWS_US_EAST_1,TU_US_NONCREDIT_TRUAUDIENCE_DEV,SNOWFLAKE_INTELLIGENCE,SNOWFLAKE_INTELLIGENCE,TU_US_NONCREDIT_TRUAUDIENCE_DEV,TU_US_NONCREDIT_TRUAUDIENCE_DEV,"{""environment"":""Development"",""team"":""TruAudience""}"
TU_US_NONCREDIT_TRUAUDIENCE_DEV,TU_US_NONCREDIT_TRUAUDIENCE_DEV,2026-05-01,2026-06-01,Usage,2026-05-22,2026-05-23,0.853885852,1.99,Snowflake,AWS_US_EAST_1,TU_US_NONCREDIT_TRUAUDIENCE_DEV,POSTGRES_COMPUTE,POSTGRES_COMPUTE,TU_US_NONCREDIT_TRUAUDIENCE_DEV,TU_US_NONCREDIT_TRUAUDIENCE_DEV,"{""environment"":""Development"",""team"":""TruAudience""}"
TU_US_NONCREDIT_TRUAUDIENCE_DEV,TU_US_NONCREDIT_TRUAUDIENCE_DEV,2026-05-01,2026-06-01,Usage,2026-05-22,2026-05-23,0.153211690,0.36,Snowflake,AWS_US_EAST_1,TU_US_NONCREDIT_TRUAUDIENCE_DEV,CORTEX_AGENTS,CORTEX_AGENTS,TU_US_NONCREDIT_TRUAUDIENCE_DEV,TU_US_NONCREDIT_TRUAUDIENCE_DEV,"{""environment"":""Development"",""team"":""TruAudience""}"
TU_US_NONCREDIT_TRUAUDIENCE_DEV,TU_US_NONCREDIT_TRUAUDIENCE_DEV,2026-05-01,2026-06-01,Usage,2026-05-22,2026-05-23,0.115068940,0.28,Snowflake,AWS_US_EAST_1,TU_US_NONCREDIT_TRUAUDIENCE_DEV,CORTEX_CODE_SNOWSIGHT,CORTEX_CODE_SNOWSIGHT,TU_US_NONCREDIT_TRUAUDIENCE_DEV,TU_US_NONCREDIT_TRUAUDIENCE_DEV,"{""environment"":""Development"",""team"":""TruAudience""}"
TU_US_NONCREDIT_TRUAUDIENCE_DEV,TU_US_NONCREDIT_TRUAUDIENCE_DEV,2026-05-01,2026-06-01,Usage,2026-05-22,2026-05-23,0.057369065,0.14,Snowflake,AWS_US_EAST_1,TU_US_NONCREDIT_TRUAUDIENCE_DEV,CORTEX_SEARCH,CORTEX_SEARCH,TU_US_NONCREDIT_TRUAUDIENCE_DEV,TU_US_NONCREDIT_TRUAUDIENCE_DEV,"{""environment"":""Development"",""team"":""TruAudience""}"
TU_US_NONCREDIT_TRUAUDIENCE_DEV,TU_US_NONCREDIT_TRUAUDIENCE_DEV,2026-05-01,2026-06-01,Usage,2026-05-22,2026-05-23,0.010517927,0.03,Snowflake,AWS_US_EAST_1,TU_US_NONCREDIT_TRUAUDIENCE_DEV,TELEMETRY_DATA_INGEST,TELEMETRY_DATA_INGEST,TU_US_NONCREDIT_TRUAUDIENCE_DEV,TU_US_NONCREDIT_TRUAUDIENCE_DEV,"{""environment"":""Development"",""team"":""TruAudience""}"
TU_US_NONCREDIT_TRUAUDIENCE_DEV,TU_US_NONCREDIT_TRUAUDIENCE_DEV,2026-05-01,2026-06-01,Usage,2026-05-22,2026-05-23,0.000606520,0.00,Snowflake,AWS_US_EAST_1,TU_US_NONCREDIT_TRUAUDIENCE_DEV,AUTO_CLUSTERING,AUTO_CLUSTERING,TU_US_NONCREDIT_TRUAUDIENCE_DEV,TU_US_NONCREDIT_TRUAUDIENCE_DEV,"{""environment"":""Development"",""team"":""TruAudience""}"
TU_US_NONCREDIT_TRUAUDIENCE_DEV,TU_US_NONCREDIT_TRUAUDIENCE_DEV,2026-05-01,2026-06-01,Usage,2026-05-22,2026-05-23,0.000186120,0.00,Snowflake,AWS_US_EAST_1,TU_US_NONCREDIT_TRUAUDIENCE_DEV,AI_FUNCTIONS,AI_FUNCTIONS,TU_US_NONCREDIT_TRUAUDIENCE_DEV,TU_US_NONCREDIT_TRUAUDIENCE_DEV,"{""environment"":""Development"",""team"":""TruAudience""}"
TU_US_NONCREDIT_TRUAUDIENCE_DEV,TU_US_NONCREDIT_TRUAUDIENCE_DEV,2026-05-01,2026-06-01,Usage,2026-05-21,2026-05-22,30.481893353,70.97,Snowflake,AWS_US_EAST_1,TU_US_NONCREDIT_TRUAUDIENCE_DEV,WAREHOUSE_METERING,WAREHOUSE_METERING,TU_US_NONCREDIT_TRUAUDIENCE_DEV,TU_US_NONCREDIT_TRUAUDIENCE_DEV,"{""environment"":""Development"",""team"":""TruAudience""}"
TU_US_NONCREDIT_TRUAUDIENCE_DEV,TU_US_NONCREDIT_TRUAUDIENCE_DEV,2026-05-01,2026-06-01,Usage,2026-05-21,2026-05-22,5.747566647,13.58,Snowflake,AWS_US_EAST_1,TU_US_NONCREDIT_TRUAUDIENCE_DEV,SNOWPARK_CONTAINER_SERVICES,SNOWPARK_CONTAINER_SERVICES,TU_US_NONCREDIT_TRUAUDIENCE_DEV,TU_US_NONCREDIT_TRUAUDIENCE_DEV,"{""environment"":""Development"",""team"":""TruAudience""}"
TU_US_NONCREDIT_TRUAUDIENCE_DEV,TU_US_NONCREDIT_TRUAUDIENCE_DEV,2026-05-01,2026-06-01,Usage,2026-05-21,2026-05-22,0.849010629,2.06,Snowflake,AWS_US_EAST_1,TU_US_NONCREDIT_TRUAUDIENCE_DEV,POSTGRES_COMPUTE,POSTGRES_COMPUTE,TU_US_NONCREDIT_TRUAUDIENCE_DEV,TU_US_NONCREDIT_TRUAUDIENCE_DEV,"{""environment"":""Development"",""team"":""TruAudience""}"
TU_US_NONCREDIT_TRUAUDIENCE_DEV,TU_US_NONCREDIT_TRUAUDIENCE_DEV,2026-05-01,2026-06-01,Usage,2026-05-21,2026-05-22,0.057294357,0.14,Snowflake,AWS_US_EAST_1,TU_US_NONCREDIT_TRUAUDIENCE_DEV,CORTEX_SEARCH,CORTEX_SEARCH,TU_US_NONCREDIT_TRUAUDIENCE_DEV,TU_US_NONCREDIT_TRUAUDIENCE_DEV,"{""environment"":""Development"",""team"":""TruAudience""}"
TU_US_NONCREDIT_TRUAUDIENCE_DEV,TU_US_NONCREDIT_TRUAUDIENCE_DEV,2026-05-01,2026-06-01,Usage,2026-05-21,2026-05-22,0.010304184,0.02,Snowflake,AWS_US_EAST_1,TU_US_NONCREDIT_TRUAUDIENCE_DEV,TELEMETRY_DATA_INGEST,TELEMETRY_DATA_INGEST,TU_US_NONCREDIT_TRUAUDIENCE_DEV,TU_US_NONCREDIT_TRUAUDIENCE_DEV,"{""environment"":""Development"",""team"":""TruAudience""}"
TU_US_NONCREDIT_TRUAUDIENCE_DEV,TU_US_NONCREDIT_TRUAUDIENCE_DEV,2026-05-01,2026-06-01,Usage,2026-05-20,2026-05-21,30.474584716,72.55,Snowflake,AWS_US_EAST_1,TU_US_NONCREDIT_TRUAUDIENCE_DEV,WAREHOUSE_METERING,WAREHOUSE_METERING,TU_US_NONCREDIT_TRUAUDIENCE_DEV,TU_US_NONCREDIT_TRUAUDIENCE_DEV,"{""environment"":""Development"",""team"":""TruAudience""}"
TU_US_NONCREDIT_TRUAUDIENCE_DEV,TU_US_NONCREDIT_TRUAUDIENCE_DEV,2026-05-01,2026-06-01,Usage,2026-05-20,2026-05-21,5.744050000,14.04,Snowflake,AWS_US_EAST_1,TU_US_NONCREDIT_TRUAUDIENCE_DEV,SNOWPARK_CONTAINER_SERVICES,SNOWPARK_CONTAINER_SERVICES,TU_US_NONCREDIT_TRUAUDIENCE_DEV,TU_US_NONCREDIT_TRUAUDIENCE_DEV,"{""environment"":""Development"",""team"":""TruAudience""}"
TU_US_NONCREDIT_TRUAUDIENCE_DEV,TU_US_NONCREDIT_TRUAUDIENCE_DEV,2026-05-01,2026-06-01,Usage,2026-05-20,2026-05-21,0.854508853,1.99,Snowflake,AWS_US_EAST_1,TU_US_NONCREDIT_TRUAUDIENCE_DEV,POSTGRES_COMPUTE,POSTGRES_COMPUTE,TU_US_NONCREDIT_TRUAUDIENCE_DEV,TU_US_NONCREDIT_TRUAUDIENCE_DEV,"{""environment"":""Development"",""team"":""TruAudience""}"
TU_US_NONCREDIT_TRUAUDIENCE_DEV,TU_US_NONCREDIT_TRUAUDIENCE_DEV,2026-05-01,2026-06-01,Usage,2026-05-20,2026-05-21,0.057366395,0.14,Snowflake,AWS_US_EAST_1,TU_US_NONCREDIT_TRUAUDIENCE_DEV,CORTEX_SEARCH,CORTEX_SEARCH,TU_US_NONCREDIT_TRUAUDIENCE_DEV,TU_US_NONCREDIT_TRUAUDIENCE_DEV,"{""environment"":""Development"",""team"":""TruAudience""}"
TU_US_NONCREDIT_TRUAUDIENCE_DEV,TU_US_NONCREDIT_TRUAUDIENCE_DEV,2026-05-01,2026-06-01,Usage,2026-05-20,2026-05-21,0.010376863,0.02,Snowflake,AWS_US_EAST_1,TU_US_NONCREDIT_TRUAUDIENCE_DEV,TELEMETRY_DATA_INGEST,TELEMETRY_DATA_INGEST,TU_US_NONCREDIT_TRUAUDIENCE_DEV,TU_US_NONCREDIT_TRUAUDIENCE_DEV,"{""environment"":""Development"",""team"":""TruAudience""}"
TU_US_NONCREDIT_TRUAUDIENCE_DEV,TU_US_NONCREDIT_TRUAUDIENCE_DEV,2026-05-01,2026-06-01,Usage,2026-05-20,2026-05-21,0.000250277,0.00,Snowflake,AWS_US_EAST_1,TU_US_NONCREDIT_TRUAUDIENCE_DEV,AUTO_CLUSTERING,AUTO_CLUSTERING,TU_US_NONCREDIT_TRUAUDIENCE_DEV,TU_US_NONCREDIT_TRUAUDIENCE_DEV,"{""environment"":""Development"",""team"":""TruAudience""}"
TU_US_NONCREDIT_TRUAUDIENCE_DEV,TU_US_NONCREDIT_TRUAUDIENCE_DEV,2026-05-01,2026-06-01,Usage,2026-05-19,2026-05-20,46.429206135,115.89,Snowflake,AWS_US_EAST_1,TU_US_NONCREDIT_TRUAUDIENCE_DEV,WAREHOUSE_METERING,WAREHOUSE_METERING,TU_US_NONCREDIT_TRUAUDIENCE_DEV,TU_US_NONCREDIT_TRUAUDIENCE_DEV,"{""environment"":""Development"",""team"":""TruAudience""}"
TU_US_NONCREDIT_TRUAUDIENCE_DEV,TU_US_NONCREDIT_TRUAUDIENCE_DEV,2026-05-01,2026-06-01,Usage,2026-05-19,2026-05-20,5.763066665,13.72,Snowflake,AWS_US_EAST_1,TU_US_NONCREDIT_TRUAUDIENCE_DEV,SNOWPARK_CONTAINER_SERVICES,SNOWPARK_CONTAINER_SERVICES,TU_US_NONCREDIT_TRUAUDIENCE_DEV,TU_US_NONCREDIT_TRUAUDIENCE_DEV,"{""environment"":""Development"",""team"":""TruAudience""}"
TU_US_NONCREDIT_TRUAUDIENCE_DEV,TU_US_NONCREDIT_TRUAUDIENCE_DEV,2026-05-01,2026-06-01,Usage,2026-05-19,2026-05-20,1.236105300,3.02,Snowflake,AWS_US_EAST_1,TU_US_NONCREDIT_TRUAUDIENCE_DEV,CORTEX_AGENTS,CORTEX_AGENTS,TU_US_NONCREDIT_TRUAUDIENCE_DEV,TU_US_NONCREDIT_TRUAUDIENCE_DEV,"{""environment"":""Development"",""team"":""TruAudience""}"
TU_US_NONCREDIT_TRUAUDIENCE_DEV,TU_US_NONCREDIT_TRUAUDIENCE_DEV,2026-05-01,2026-06-01,Usage,2026-05-19,2026-05-20,0.848773298,1.98,Snowflake,AWS_US_EAST_1,TU_US_NONCREDIT_TRUAUDIENCE_DEV,POSTGRES_COMPUTE,POSTGRES_COMPUTE,TU_US_NONCREDIT_TRUAUDIENCE_DEV,TU_US_NONCREDIT_TRUAUDIENCE_DEV,"{""environment"":""Development"",""team"":""TruAudience""}"
TU_US_NONCREDIT_TRUAUDIENCE_DEV,TU_US_NONCREDIT_TRUAUDIENCE_DEV,2026-05-01,2026-06-01,Usage,2026-05-19,2026-05-20,0.090835850,0.22,Snowflake,AWS_US_EAST_1,TU_US_NONCREDIT_TRUAUDIENCE_DEV,CORTEX_CODE_SNOWSIGHT,CORTEX_CODE_SNOWSIGHT,TU_US_NONCREDIT_TRUAUDIENCE_DEV,TU_US_NONCREDIT_TRUAUDIENCE_DEV,"{""environment"":""Development"",""team"":""TruAudience""}"
TU_US_NONCREDIT_TRUAUDIENCE_DEV,TU_US_NONCREDIT_TRUAUDIENCE_DEV,2026-05-01,2026-06-01,Usage,2026-05-19,2026-05-20,0.057282343,0.14,Snowflake,AWS_US_EAST_1,TU_US_NONCREDIT_TRUAUDIENCE_DEV,CORTEX_SEARCH,CORTEX_SEARCH,TU_US_NONCREDIT_TRUAUDIENCE_DEV,TU_US_NONCREDIT_TRUAUDIENCE_DEV,"{""environment"":""Development"",""team"":""TruAudience""}"
TU_US_NONCREDIT_TRUAUDIENCE_DEV,TU_US_NONCREDIT_TRUAUDIENCE_DEV,2026-05-01,2026-06-01,Usage,2026-05-19,2026-05-20,0.010430718,0.03,Snowflake,AWS_US_EAST_1,TU_US_NONCREDIT_TRUAUDIENCE_DEV,TELEMETRY_DATA_INGEST,TELEMETRY_DATA_INGEST,TU_US_NONCREDIT_TRUAUDIENCE_DEV,TU_US_NONCREDIT_TRUAUDIENCE_DEV,"{""environment"":""Development"",""team"":""TruAudience""}"
TU_US_NONCREDIT_TRUAUDIENCE_DEV,TU_US_NONCREDIT_TRUAUDIENCE_DEV,2026-05-01,2026-06-01,Usage,2026-05-19,2026-05-20,0.003543233,0.01,Snowflake,AWS_US_EAST_1,TU_US_NONCREDIT_TRUAUDIENCE_DEV,QUERY_ACCELERATION,QUERY_ACCELERATION,TU_US_NONCREDIT_TRUAUDIENCE_DEV,TU_US_NONCREDIT_TRUAUDIENCE_DEV,"{""environment"":""Development"",""team"":""TruAudience""}"
TU_US_NONCREDIT_TRUAUDIENCE_DEV,TU_US_NONCREDIT_TRUAUDIENCE_DEV,2026-05-01,2026-06-01,Usage,2026-05-19,2026-05-20,0.000995482,0.00,Snowflake,AWS_US_EAST_1,TU_US_NONCREDIT_TRUAUDIENCE_DEV,AUTO_CLUSTERING,AUTO_CLUSTERING,TU_US_NONCREDIT_TRUAUDIENCE_DEV,TU_US_NONCREDIT_TRUAUDIENCE_DEV,"{""environment"":""Development"",""team"":""TruAudience""}"
TU_US_NONCREDIT_TRUAUDIENCE_DEV,TU_US_NONCREDIT_TRUAUDIENCE_DEV,2026-05-01,2026-06-01,Usage,2026-05-18,2026-05-19,39.694614182,96.98,Snowflake,AWS_US_EAST_1,TU_US_NONCREDIT_TRUAUDIENCE_DEV,WAREHOUSE_METERING,WAREHOUSE_METERING,TU_US_NONCREDIT_TRUAUDIENCE_DEV,TU_US_NONCREDIT_TRUAUDIENCE_DEV,"{""environment"":""Development"",""team"":""TruAudience""}"
TU_US_NONCREDIT_TRUAUDIENCE_DEV,TU_US_NONCREDIT_TRUAUDIENCE_DEV,2026-05-01,2026-06-01,Usage,2026-05-18,2026-05-19,5.761333332,13.42,Snowflake,AWS_US_EAST_1,TU_US_NONCREDIT_TRUAUDIENCE_DEV,SNOWPARK_CONTAINER_SERVICES,SNOWPARK_CONTAINER_SERVICES,TU_US_NONCREDIT_TRUAUDIENCE_DEV,TU_US_NONCREDIT_TRUAUDIENCE_DEV,"{""environment"":""Development"",""team"":""TruAudience""}"
TU_US_NONCREDIT_TRUAUDIENCE_DEV,TU_US_NONCREDIT_TRUAUDIENCE_DEV,2026-05-01,2026-06-01,Usage,2026-05-18,2026-05-19,3.551647020,8.39,Snowflake,AWS_US_EAST_1,TU_US_NONCREDIT_TRUAUDIENCE_DEV,SNOWFLAKE_INTELLIGENCE,SNOWFLAKE_INTELLIGENCE,TU_US_NONCREDIT_TRUAUDIENCE_DEV,TU_US_NONCREDIT_TRUAUDIENCE_DEV,"{""environment"":""Development"",""team"":""TruAudience""}"
TU_US_NONCREDIT_TRUAUDIENCE_DEV,TU_US_NONCREDIT_TRUAUDIENCE_DEV,2026-05-01,2026-06-01,Usage,2026-05-18,2026-05-19,0.847240517,2.05,Snowflake,AWS_US_EAST_1,TU_US_NONCREDIT_TRUAUDIENCE_DEV,POSTGRES_COMPUTE,POSTGRES_COMPUTE,TU_US_NONCREDIT_TRUAUDIENCE_DEV,TU_US_NONCREDIT_TRUAUDIENCE_DEV,"{""environment"":""Development"",""team"":""TruAudience""}"
TU_US_NONCREDIT_TRUAUDIENCE_DEV,TU_US_NONCREDIT_TRUAUDIENCE_DEV,2026-05-01,2026-06-01,Usage,2026-05-18,2026-05-19,0.057219002,0.14,Snowflake,AWS_US_EAST_1,TU_US_NONCREDIT_TRUAUDIENCE_DEV,CORTEX_SEARCH,CORTEX_SEARCH,TU_US_NONCREDIT_TRUAUDIENCE_DEV,TU_US_NONCREDIT_TRUAUDIENCE_DEV,"{""environment"":""Development"",""team"":""TruAudience""}"
TU_US_NONCREDIT_TRUAUDIENCE_DEV,TU_US_NONCREDIT_TRUAUDIENCE_DEV,2026-05-01,2026-06-01,Usage,2026-05-18,2026-05-19,0.010490337,0.03,Snowflake,AWS_US_EAST_1,TU_US_NONCREDIT_TRUAUDIENCE_DEV,TELEMETRY_DATA_INGEST,TELEMETRY_DATA_INGEST,TU_US_NONCREDIT_TRUAUDIENCE_DEV,TU_US_NONCREDIT_TRUAUDIENCE_DEV,"{""environment"":""Development"",""team"":""TruAudience""}"
TU_US_NONCREDIT_TRUAUDIENCE_DEV,TU_US_NONCREDIT_TRUAUDIENCE_DEV,2026-05-01,2026-06-01,Usage,2026-05-18,2026-05-19,0.001614939,0.00,Snowflake,AWS_US_EAST_1,TU_US_NONCREDIT_TRUAUDIENCE_DEV,AUTO_CLUSTERING,AUTO_CLUSTERING,TU_US_NONCREDIT_TRUAUDIENCE_DEV,TU_US_NONCREDIT_TRUAUDIENCE_DEV,"{""environment"":""Development"",""team"":""TruAudience""}"
TU_US_NONCREDIT_TRUAUDIENCE_DEV,TU_US_NONCREDIT_TRUAUDIENCE_DEV,2026-05-01,2026-06-01,Usage,2026-05-17,2026-05-18,48.456256177,118.39,Snowflake,AWS_US_EAST_1,TU_US_NONCREDIT_TRUAUDIENCE_DEV,WAREHOUSE_METERING,WAREHOUSE_METERING,TU_US_NONCREDIT_TRUAUDIENCE_DEV,TU_US_NONCREDIT_TRUAUDIENCE_DEV,"{""environment"":""Development"",""team"":""TruAudience""}"
TU_US_NONCREDIT_TRUAUDIENCE_DEV,TU_US_NONCREDIT_TRUAUDIENCE_DEV,2026-05-01,2026-06-01,Usage,2026-05-17,2026-05-18,7.828442630,18.23,Snowflake,AWS_US_EAST_1,TU_US_NONCREDIT_TRUAUDIENCE_DEV,CORTEX_AGENTS,CORTEX_AGENTS,TU_US_NONCREDIT_TRUAUDIENCE_DEV,TU_US_NONCREDIT_TRUAUDIENCE_DEV,"{""environment"":""Development"",""team"":""TruAudience""}"
TU_US_NONCREDIT_TRUAUDIENCE_DEV,TU_US_NONCREDIT_TRUAUDIENCE_DEV,2026-05-01,2026-06-01,Usage,2026-05-17,2026-05-18,5.744916663,13.58,Snowflake,AWS_US_EAST_1,TU_US_NONCREDIT_TRUAUDIENCE_DEV,SNOWPARK_CONTAINER_SERVICES,SNOWPARK_CONTAINER_SERVICES,TU_US_NONCREDIT_TRUAUDIENCE_DEV,TU_US_NONCREDIT_TRUAUDIENCE_DEV,"{""environment"":""Development"",""team"":""TruAudience""}"
TU_US_NONCREDIT_TRUAUDIENCE_DEV,TU_US_NONCREDIT_TRUAUDIENCE_DEV,2026-05-01,2026-06-01,Usage,2026-05-17,2026-05-18,3.075147340,7.47,Snowflake,AWS_US_EAST_1,TU_US_NONCREDIT_TRUAUDIENCE_DEV,SNOWFLAKE_INTELLIGENCE,SNOWFLAKE_INTELLIGENCE,TU_US_NONCREDIT_TRUAUDIENCE_DEV,TU_US_NONCREDIT_TRUAUDIENCE_DEV,"{""environment"":""Development"",""team"":""TruAudience""}"
TU_US_NONCREDIT_TRUAUDIENCE_DEV,TU_US_NONCREDIT_TRUAUDIENCE_DEV,2026-05-01,2026-06-01,Usage,2026-05-17,2026-05-18,0.843136627,2.07,Snowflake,AWS_US_EAST_1,TU_US_NONCREDIT_TRUAUDIENCE_DEV,POSTGRES_COMPUTE,POSTGRES_COMPUTE,TU_US_NONCREDIT_TRUAUDIENCE_DEV,TU_US_NONCREDIT_TRUAUDIENCE_DEV,"{""environment"":""Development"",""team"":""TruAudience""}"
TU_US_NONCREDIT_TRUAUDIENCE_DEV,TU_US_NONCREDIT_TRUAUDIENCE_DEV,2026-05-01,2026-06-01,Usage,2026-05-17,2026-05-18,0.062429920,0.16,Snowflake,AWS_US_EAST_1,TU_US_NONCREDIT_TRUAUDIENCE_DEV,CORTEX_CODE_SNOWSIGHT,CORTEX_CODE_SNOWSIGHT,TU_US_NONCREDIT_TRUAUDIENCE_DEV,TU_US_NONCREDIT_TRUAUDIENCE_DEV,"{""environment"":""Development"",""team"":""TruAudience""}"
TU_US_NONCREDIT_TRUAUDIENCE_DEV,TU_US_NONCREDIT_TRUAUDIENCE_DEV,2026-05-01,2026-06-01,Usage,2026-05-17,2026-05-18,0.056919293,0.14,Snowflake,AWS_US_EAST_1,TU_US_NONCREDIT_TRUAUDIENCE_DEV,CORTEX_SEARCH,CORTEX_SEARCH,TU_US_NONCREDIT_TRUAUDIENCE_DEV,TU_US_NONCREDIT_TRUAUDIENCE_DEV,"{""environment"":""Development"",""team"":""TruAudience""}"
TU_US_NONCREDIT_TRUAUDIENCE_DEV,TU_US_NONCREDIT_TRUAUDIENCE_DEV,2026-05-01,2026-06-01,Usage,2026-05-17,2026-05-18,0.010556546,0.03,Snowflake,AWS_US_EAST_1,TU_US_NONCREDIT_TRUAUDIENCE_DEV,TELEMETRY_DATA_INGEST,TELEMETRY_DATA_INGEST,TU_US_NONCREDIT_TRUAUDIENCE_DEV,TU_US_NONCREDIT_TRUAUDIENCE_DEV,"{""environment"":""Development"",""team"":""TruAudience""}"
TU_US_NONCREDIT_TRUAUDIENCE_DEV,TU_US_NONCREDIT_TRUAUDIENCE_DEV,2026-05-01,2026-06-01,Usage,2026-05-17,2026-05-18,0.005834838,0.01,Snowflake,AWS_US_EAST_1,TU_US_NONCREDIT_TRUAUDIENCE_DEV,AI_FUNCTIONS,AI_FUNCTIONS,TU_US_NONCREDIT_TRUAUDIENCE_DEV,TU_US_NONCREDIT_TRUAUDIENCE_DEV,"{""environment"":""Development"",""team"":""TruAudience""}"
TU_US_NONCREDIT_TRUAUDIENCE_DEV,TU_US_NONCREDIT_TRUAUDIENCE_DEV,2026-05-01,2026-06-01,Usage,2026-05-17,2026-05-18,0.001483390,0.00,Snowflake,AWS_US_EAST_1,TU_US_NONCREDIT_TRUAUDIENCE_DEV,AUTO_CLUSTERING,AUTO_CLUSTERING,TU_US_NONCREDIT_TRUAUDIENCE_DEV,TU_US_NONCREDIT_TRUAUDIENCE_DEV,"{""environment"":""Development"",""team"":""TruAudience""}"
TU_US_NONCREDIT_TRUAUDIENCE_DEV,TU_US_NONCREDIT_TRUAUDIENCE_DEV,2026-05-01,2026-06-01,Usage,2026-05-17,2026-05-18,0.000054560,0.00,Snowflake,AWS_US_EAST_1,TU_US_NONCREDIT_TRUAUDIENCE_DEV,AI_INFERENCE,AI_INFERENCE,TU_US_NONCREDIT_TRUAUDIENCE_DEV,TU_US_NONCREDIT_TRUAUDIENCE_DEV,"{""environment"":""Development"",""team"":""TruAudience""}"
TU_US_NONCREDIT_TRUAUDIENCE_DEV,TU_US_NONCREDIT_TRUAUDIENCE_DEV,2026-05-01,2026-06-01,Usage,2026-05-16,2026-05-17,39.103749761,96.20,Snowflake,AWS_US_EAST_1,TU_US_NONCREDIT_TRUAUDIENCE_DEV,WAREHOUSE_METERING,WAREHOUSE_METERING,TU_US_NONCREDIT_TRUAUDIENCE_DEV,TU_US_NONCREDIT_TRUAUDIENCE_DEV,"{""environment"":""Development"",""team"":""TruAudience""}"
TU_US_NONCREDIT_TRUAUDIENCE_DEV,TU_US_NONCREDIT_TRUAUDIENCE_DEV,2026-05-01,2026-06-01,Usage,2026-05-16,2026-05-17,5.757949987,14.37,Snowflake,AWS_US_EAST_1,TU_US_NONCREDIT_TRUAUDIENCE_DEV,SNOWPARK_CONTAINER_SERVICES,SNOWPARK_CONTAINER_SERVICES,TU_US_NONCREDIT_TRUAUDIENCE_DEV,TU_US_NONCREDIT_TRUAUDIENCE_DEV,"{""environment"":""Development"",""team"":""TruAudience""}"
TU_US_NONCREDIT_TRUAUDIENCE_DEV,TU_US_NONCREDIT_TRUAUDIENCE_DEV,2026-05-01,2026-06-01,Usage,2026-05-16,2026-05-17,0.854380298,2.03,Snowflake,AWS_US_EAST_1,TU_US_NONCREDIT_TRUAUDIENCE_DEV,POSTGRES_COMPUTE,POSTGRES_COMPUTE,TU_US_NONCREDIT_TRUAUDIENCE_DEV,TU_US_NONCREDIT_TRUAUDIENCE_DEV,"{""environment"":""Development"",""team"":""TruAudience""}"
TU_US_NONCREDIT_TRUAUDIENCE_DEV,TU_US_NONCREDIT_TRUAUDIENCE_DEV,2026-05-01,2026-06-01,Usage,2026-05-16,2026-05-17,0.651746400,1.59,Snowflake,AWS_US_EAST_1,TU_US_NONCREDIT_TRUAUDIENCE_DEV,SNOWFLAKE_INTELLIGENCE,SNOWFLAKE_INTELLIGENCE,TU_US_NONCREDIT_TRUAUDIENCE_DEV,TU_US_NONCREDIT_TRUAUDIENCE_DEV,"{""environment"":""Development"",""team"":""TruAudience""}"
TU_US_NONCREDIT_TRUAUDIENCE_DEV,TU_US_NONCREDIT_TRUAUDIENCE_DEV,2026-05-01,2026-06-01,Usage,2026-05-16,2026-05-17,0.087429760,0.20,Snowflake,AWS_US_EAST_1,TU_US_NONCREDIT_TRUAUDIENCE_DEV,CORTEX_CODE_SNOWSIGHT,CORTEX_CODE_SNOWSIGHT,TU_US_NONCREDIT_TRUAUDIENCE_DEV,TU_US_NONCREDIT_TRUAUDIENCE_DEV,"{""environment"":""Development"",""team"":""TruAudience""}"
TU_US_NONCREDIT_TRUAUDIENCE_DEV,TU_US_NONCREDIT_TRUAUDIENCE_DEV,2026-05-01,2026-06-01,Usage,2026-05-16,2026-05-17,0.056421739,0.14,Snowflake,AWS_US_EAST_1,TU_US_NONCREDIT_TRUAUDIENCE_DEV,CORTEX_SEARCH,CORTEX_SEARCH,TU_US_NONCREDIT_TRUAUDIENCE_DEV,TU_US_NONCREDIT_TRUAUDIENCE_DEV,"{""environment"":""Development"",""team"":""TruAudience""}"
TU_US_NONCREDIT_TRUAUDIENCE_DEV,TU_US_NONCREDIT_TRUAUDIENCE_DEV,2026-05-01,2026-06-01,Usage,2026-05-16,2026-05-17,0.010436915,0.03,Snowflake,AWS_US_EAST_1,TU_US_NONCREDIT_TRUAUDIENCE_DEV,TELEMETRY_DATA_INGEST,TELEMETRY_DATA_INGEST,TU_US_NONCREDIT_TRUAUDIENCE_DEV,TU_US_NONCREDIT_TRUAUDIENCE_DEV,"{""environment"":""Development"",""team"":""TruAudience""}"
TU_US_NONCREDIT_TRUAUDIENCE_DEV,TU_US_NONCREDIT_TRUAUDIENCE_DEV,2026-05-01,2026-06-01,Usage,2026-05-16,2026-05-17,0.012963600,0.03,Snowflake,AWS_US_EAST_1,TU_US_NONCREDIT_TRUAUDIENCE_DEV,AI_FUNCTIONS,AI_FUNCTIONS,TU_US_NONCREDIT_TRUAUDIENCE_DEV,TU_US_NONCREDIT_TRUAUDIENCE_DEV,"{""environment"":""Development"",""team"":""TruAudience""}"
TU_US_NONCREDIT_TRUAUDIENCE_DEV,TU_US_NONCREDIT_TRUAUDIENCE_DEV,2026-05-01,2026-06-01,Usage,2026-05-16,2026-05-17,0.005109610,0.01,Snowflake,AWS_US_EAST_1,TU_US_NONCREDIT_TRUAUDIENCE_DEV,AUTO_CLUSTERING,AUTO_CLUSTERING,TU_US_NONCREDIT_TRUAUDIENCE_DEV,TU_US_NONCREDIT_TRUAUDIENCE_DEV,"{""environment"":""Development"",""team"":""TruAudience""}"
TU_US_NONCREDIT_TRUAUDIENCE_DEV,TU_US_NONCREDIT_TRUAUDIENCE_DEV,2026-05-01,2026-06-01,Usage,2026-05-16,2026-05-17,0.000061160,0.00,Snowflake,AWS_US_EAST_1,TU_US_NONCREDIT_TRUAUDIENCE_DEV,AI_INFERENCE,AI_INFERENCE,TU_US_NONCREDIT_TRUAUDIENCE_DEV,TU_US_NONCREDIT_TRUAUDIENCE_DEV,"{""environment"":""Development"",""team"":""TruAudience""}"
TU_US_NONCREDIT_TRUAUDIENCE_DEV,TU_US_NONCREDIT_TRUAUDIENCE_DEV,2026-05-01,2026-06-01,Usage,2026-05-15,2026-05-16,78.386201074,191.52,Snowflake,AWS_US_EAST_1,TU_US_NONCREDIT_TRUAUDIENCE_DEV,WAREHOUSE_METERING,WAREHOUSE_METERING,TU_US_NONCREDIT_TRUAUDIENCE_DEV,TU_US_NONCREDIT_TRUAUDIENCE_DEV,"{""environment"":""Development"",""team"":""TruAudience""}"
TU_US_NONCREDIT_TRUAUDIENCE_DEV,TU_US_NONCREDIT_TRUAUDIENCE_DEV,2026-05-01,2026-06-01,Usage,2026-05-15,2026-05-16,5.741199981,13.37,Snowflake,AWS_US_EAST_1,TU_US_NONCREDIT_TRUAUDIENCE_DEV,SNOWPARK_CONTAINER_SERVICES,SNOWPARK_CONTAINER_SERVICES,TU_US_NONCREDIT_TRUAUDIENCE_DEV,TU_US_NONCREDIT_TRUAUDIENCE_DEV,"{""environment"":""Development"",""team"":""TruAudience""}"
TU_US_NONCREDIT_TRUAUDIENCE_DEV,TU_US_NONCREDIT_TRUAUDIENCE_DEV,2026-05-01,2026-06-01,Usage,2026-05-15,2026-05-16,4.741999280,11.21,Snowflake,AWS_US_EAST_1,TU_US_NONCREDIT_TRUAUDIENCE_DEV,SNOWFLAKE_INTELLIGENCE,SNOWFLAKE_INTELLIGENCE,TU_US_NONCREDIT_TRUAUDIENCE_DEV,TU_US_NONCREDIT_TRUAUDIENCE_DEV,"{""environment"":""Development"",""team"":""TruAudience""}"
TU_US_NONCREDIT_TRUAUDIENCE_DEV,TU_US_NONCREDIT_TRUAUDIENCE_DEV,2026-05-01,2026-06-01,Usage,2026-05-15,2026-05-16,1.158569660,2.81,Snowflake,AWS_US_EAST_1,TU_US_NONCREDIT_TRUAUDIENCE_DEV,CORTEX_CODE_CLI,CORTEX_CODE_CLI,TU_US_NONCREDIT_TRUAUDIENCE_DEV,TU_US_NONCREDIT_TRUAUDIENCE_DEV,"{""environment"":""Development"",""team"":""TruAudience""}"
TU_US_NONCREDIT_TRUAUDIENCE_DEV,TU_US_NONCREDIT_TRUAUDIENCE_DEV,2026-05-01,2026-06-01,Usage,2026-05-15,2026-05-16,0.842810295,2.07,Snowflake,AWS_US_EAST_1,TU_US_NONCREDIT_TRUAUDIENCE_DEV,POSTGRES_COMPUTE,POSTGRES_COMPUTE,TU_US_NONCREDIT_TRUAUDIENCE_DEV,TU_US_NONCREDIT_TRUAUDIENCE_DEV,"{""environment"":""Development"",""team"":""TruAudience""}"
TU_US_NONCREDIT_TRUAUDIENCE_DEV,TU_US_NONCREDIT_TRUAUDIENCE_DEV,2026-05-01,2026-06-01,Usage,2026-05-15,2026-05-16,0.340950750,0.85,Snowflake,AWS_US_EAST_1,TU_US_NONCREDIT_TRUAUDIENCE_DEV,CORTEX_CODE_SNOWSIGHT,CORTEX_CODE_SNOWSIGHT,TU_US_NONCREDIT_TRUAUDIENCE_DEV,TU_US_NONCREDIT_TRUAUDIENCE_DEV,"{""environment"":""Development"",""team"":""TruAudience""}"
TU_US_NONCREDIT_TRUAUDIENCE_DEV,TU_US_NONCREDIT_TRUAUDIENCE_DEV,2026-05-01,2026-06-01,Usage,2026-05-15,2026-05-16,0.056961422,0.14,Snowflake,AWS_US_EAST_1,TU_US_NONCREDIT_TRUAUDIENCE_DEV,CORTEX_SEARCH,CORTEX_SEARCH,TU_US_NONCREDIT_TRUAUDIENCE_DEV,TU_US_NONCREDIT_TRUAUDIENCE_DEV,"{""environment"":""Development"",""team"":""TruAudience""}"
TU_US_NONCREDIT_TRUAUDIENCE_DEV,TU_US_NONCREDIT_TRUAUDIENCE_DEV,2026-05-01,2026-06-01,Usage,2026-05-15,2026-05-16,0.010974000,0.03,Snowflake,AWS_US_EAST_1,TU_US_NONCREDIT_TRUAUDIENCE_DEV,TELEMETRY_DATA_INGEST,TELEMETRY_DATA_INGEST,TU_US_NONCREDIT_TRUAUDIENCE_DEV,TU_US_NONCREDIT_TRUAUDIENCE_DEV,"{""environment"":""Development"",""team"":""TruAudience""}"
TU_US_NONCREDIT_TRUAUDIENCE_DEV,TU_US_NONCREDIT_TRUAUDIENCE_DEV,2026-05-01,2026-06-01,Usage,2026-05-15,2026-05-16,0.004326772,0.01,Snowflake,AWS_US_EAST_1,TU_US_NONCREDIT_TRUAUDIENCE_DEV,AUTO_CLUSTERING,AUTO_CLUSTERING,TU_US_NONCREDIT_TRUAUDIENCE_DEV,TU_US_NONCREDIT_TRUAUDIENCE_DEV,"{""environment"":""Development"",""team"":""TruAudience""}"
TU_US_NONCREDIT_TRUAUDIENCE_DEV,TU_US_NONCREDIT_TRUAUDIENCE_DEV,2026-05-01,2026-06-01,Usage,2026-05-15,2026-05-16,0.000053130,0.00,Snowflake,AWS_US_EAST_1,TU_US_NONCREDIT_TRUAUDIENCE_DEV,AI_INFERENCE,AI_INFERENCE,TU_US_NONCREDIT_TRUAUDIENCE_DEV,TU_US_NONCREDIT_TRUAUDIENCE_DEV,"{""environment"":""Development"",""team"":""TruAudience""}"
TU_US_NONCREDIT_TRUAUDIENCE_DEV,TU_US_NONCREDIT_TRUAUDIENCE_DEV,2026-05-01,2026-06-01,Usage,2026-05-14,2026-05-15,32.688781344,79.39,Snowflake,AWS_US_EAST_1,TU_US_NONCREDIT_TRUAUDIENCE_DEV,WAREHOUSE_METERING,WAREHOUSE_METERING,TU_US_NONCREDIT_TRUAUDIENCE_DEV,TU_US_NONCREDIT_TRUAUDIENCE_DEV,"{""environment"":""Development"",""team"":""TruAudience""}"
TU_US_NONCREDIT_TRUAUDIENCE_DEV,TU_US_NONCREDIT_TRUAUDIENCE_DEV,2026-05-01,2026-06-01,Usage,2026-05-14,2026-05-15,5.762033286,14.18,Snowflake,AWS_US_EAST_1,TU_US_NONCREDIT_TRUAUDIENCE_DEV,SNOWPARK_CONTAINER_SERVICES,SNOWPARK_CONTAINER_SERVICES,TU_US_NONCREDIT_TRUAUDIENCE_DEV,TU_US_NONCREDIT_TRUAUDIENCE_DEV,"{""environment"":""Development"",""team"":""TruAudience""}"
TU_US_NONCREDIT_TRUAUDIENCE_DEV,TU_US_NONCREDIT_TRUAUDIENCE_DEV,2026-05-01,2026-06-01,Usage,2026-05-14,2026-05-15,0.852896965,2.13,Snowflake,AWS_US_EAST_1,TU_US_NONCREDIT_TRUAUDIENCE_DEV,POSTGRES_COMPUTE,POSTGRES_COMPUTE,TU_US_NONCREDIT_TRUAUDIENCE_DEV,TU_US_NONCREDIT_TRUAUDIENCE_DEV,"{""environment"":""Development"",""team"":""TruAudience""}"
TU_US_NONCREDIT_TRUAUDIENCE_DEV,TU_US_NONCREDIT_TRUAUDIENCE_DEV,2026-05-01,2026-06-01,Usage,2026-05-14,2026-05-15,0.057305703,0.14,Snowflake,AWS_US_EAST_1,TU_US_NONCREDIT_TRUAUDIENCE_DEV,CORTEX_SEARCH,CORTEX_SEARCH,TU_US_NONCREDIT_TRUAUDIENCE_DEV,TU_US_NONCREDIT_TRUAUDIENCE_DEV,"{""environment"":""Development"",""team"":""TruAudience""}"
TU_US_NONCREDIT_TRUAUDIENCE_DEV,TU_US_NONCREDIT_TRUAUDIENCE_DEV,2026-05-01,2026-06-01,Usage,2026-05-14,2026-05-15,0.010377271,0.02,Snowflake,AWS_US_EAST_1,TU_US_NONCREDIT_TRUAUDIENCE_DEV,TELEMETRY_DATA_INGEST,TELEMETRY_DATA_INGEST,TU_US_NONCREDIT_TRUAUDIENCE_DEV,TU_US_NONCREDIT_TRUAUDIENCE_DEV,"{""environment"":""Development"",""team"":""TruAudience""}"
TU_US_NONCREDIT_TRUAUDIENCE_DEV,TU_US_NONCREDIT_TRUAUDIENCE_DEV,2026-05-01,2026-06-01,Usage,2026-05-13,2026-05-14,32.767788448,76.28,Snowflake,AWS_US_EAST_1,TU_US_NONCREDIT_TRUAUDIENCE_DEV,WAREHOUSE_METERING,WAREHOUSE_METERING,TU_US_NONCREDIT_TRUAUDIENCE_DEV,TU_US_NONCREDIT_TRUAUDIENCE_DEV,"{""environment"":""Development"",""team"":""TruAudience""}"
TU_US_NONCREDIT_TRUAUDIENCE_DEV,TU_US_NONCREDIT_TRUAUDIENCE_DEV,2026-05-01,2026-06-01,Usage,2026-05-13,2026-05-14,5.750316674,13.59,Snowflake,AWS_US_EAST_1,TU_US_NONCREDIT_TRUAUDIENCE_DEV,SNOWPARK_CONTAINER_SERVICES,SNOWPARK_CONTAINER_SERVICES,TU_US_NONCREDIT_TRUAUDIENCE_DEV,TU_US_NONCREDIT_TRUAUDIENCE_DEV,"{""environment"":""Development"",""team"":""TruAudience""}"
TU_US_NONCREDIT_TRUAUDIENCE_DEV,TU_US_NONCREDIT_TRUAUDIENCE_DEV,2026-05-01,2026-06-01,Usage,2026-05-13,2026-05-14,0.849584185,2.06,Snowflake,AWS_US_EAST_1,TU_US_NONCREDIT_TRUAUDIENCE_DEV,POSTGRES_COMPUTE,POSTGRES_COMPUTE,TU_US_NONCREDIT_TRUAUDIENCE_DEV,TU_US_NONCREDIT_TRUAUDIENCE_DEV,"{""environment"":""Development"",""team"":""TruAudience""}"
TU_US_NONCREDIT_TRUAUDIENCE_DEV,TU_US_NONCREDIT_TRUAUDIENCE_DEV,2026-05-01,2026-06-01,Usage,2026-05-13,2026-05-14,0.057291027,0.14,Snowflake,AWS_US_EAST_1,TU_US_NONCREDIT_TRUAUDIENCE_DEV,CORTEX_SEARCH,CORTEX_SEARCH,TU_US_NONCREDIT_TRUAUDIENCE_DEV,TU_US_NONCREDIT_TRUAUDIENCE_DEV,"{""environment"":""Development"",""team"":""TruAudience""}"
TU_US_NONCREDIT_TRUAUDIENCE_DEV,TU_US_NONCREDIT_TRUAUDIENCE_DEV,2026-05-01,2026-06-01,Usage,2026-05-13,2026-05-14,0.010377439,0.02,Snowflake,AWS_US_EAST_1,TU_US_NONCREDIT_TRUAUDIENCE_DEV,TELEMETRY_DATA_INGEST,TELEMETRY_DATA_INGEST,TU_US_NONCREDIT_TRUAUDIENCE_DEV,TU_US_NONCREDIT_TRUAUDIENCE_DEV,"{""environment"":""Development"",""team"":""TruAudience""}"
TU_US_NONCREDIT_TRUAUDIENCE_DEV,TU_US_NONCREDIT_TRUAUDIENCE_DEV,2026-05-01,2026-06-01,Usage,2026-05-12,2026-05-13,38.529917216,91.73,Snowflake,AWS_US_EAST_1,TU_US_NONCREDIT_TRUAUDIENCE_DEV,WAREHOUSE_METERING,WAREHOUSE_METERING,TU_US_NONCREDIT_TRUAUDIENCE_DEV,TU_US_NONCREDIT_TRUAUDIENCE_DEV,"{""environment"":""Development"",""team"":""TruAudience""}"
TU_US_NONCREDIT_TRUAUDIENCE_DEV,TU_US_NONCREDIT_TRUAUDIENCE_DEV,2026-05-01,2026-06-01,Usage,2026-05-12,2026-05-13,4.669516668,11.41,Snowflake,AWS_US_EAST_1,TU_US_NONCREDIT_TRUAUDIENCE_DEV,SNOWPARK_CONTAINER_SERVICES,SNOWPARK_CONTAINER_SERVICES,TU_US_NONCREDIT_TRUAUDIENCE_DEV,TU_US_NONCREDIT_TRUAUDIENCE_DEV,"{""environment"":""Development"",""team"":""TruAudience""}"
TU_US_NONCREDIT_TRUAUDIENCE_DEV,TU_US_NONCREDIT_TRUAUDIENCE_DEV,2026-05-01,2026-06-01,Usage,2026-05-12,2026-05-13,1.025381520,2.39,Snowflake,AWS_US_EAST_1,TU_US_NONCREDIT_TRUAUDIENCE_DEV,CORTEX_CODE_SNOWSIGHT,CORTEX_CODE_SNOWSIGHT,TU_US_NONCREDIT_TRUAUDIENCE_DEV,TU_US_NONCREDIT_TRUAUDIENCE_DEV,"{""environment"":""Development"",""team"":""TruAudience""}"
TU_US_NONCREDIT_TRUAUDIENCE_DEV,TU_US_NONCREDIT_TRUAUDIENCE_DEV,2026-05-01,2026-06-01,Usage,2026-05-12,2026-05-13,0.848209631,2.01,Snowflake,AWS_US_EAST_1,TU_US_NONCREDIT_TRUAUDIENCE_DEV,POSTGRES_COMPUTE,POSTGRES_COMPUTE,TU_US_NONCREDIT_TRUAUDIENCE_DEV,TU_US_NONCREDIT_TRUAUDIENCE_DEV,"{""environment"":""Development"",""team"":""TruAudience""}"
TU_US_NONCREDIT_TRUAUDIENCE_DEV,TU_US_NONCREDIT_TRUAUDIENCE_DEV,2026-05-01,2026-06-01,Usage,2026-05-12,2026-05-13,0.057321043,0.14,Snowflake,AWS_US_EAST_1,TU_US_NONCREDIT_TRUAUDIENCE_DEV,CORTEX_SEARCH,CORTEX_SEARCH,TU_US_NONCREDIT_TRUAUDIENCE_DEV,TU_US_NONCREDIT_TRUAUDIENCE_DEV,"{""environment"":""Development"",""team"":""TruAudience""}"
TU_US_NONCREDIT_TRUAUDIENCE_DEV,TU_US_NONCREDIT_TRUAUDIENCE_DEV,2026-05-01,2026-06-01,Usage,2026-05-12,2026-05-13,0.010117540,0.02,Snowflake,AWS_US_EAST_1,TU_US_NONCREDIT_TRUAUDIENCE_DEV,TELEMETRY_DATA_INGEST,TELEMETRY_DATA_INGEST,TU_US_NONCREDIT_TRUAUDIENCE_DEV,TU_US_NONCREDIT_TRUAUDIENCE_DEV,"{""environment"":""Development"",""team"":""TruAudience""}"
TU_US_NONCREDIT_TRUAUDIENCE_DEV,TU_US_NONCREDIT_TRUAUDIENCE_DEV,2026-05-01,2026-06-01,Usage,2026-05-12,2026-05-13,0.004861800,0.01,Snowflake,AWS_US_EAST_1,TU_US_NONCREDIT_TRUAUDIENCE_DEV,AI_FUNCTIONS,AI_FUNCTIONS,TU_US_NONCREDIT_TRUAUDIENCE_DEV,TU_US_NONCREDIT_TRUAUDIENCE_DEV,"{""environment"":""Development"",""team"":""TruAudience""}"
TU_US_NONCREDIT_TRUAUDIENCE_DEV,TU_US_NONCREDIT_TRUAUDIENCE_DEV,2026-05-01,2026-06-01,Usage,2026-05-12,2026-05-13,0.000530556,0.00,Snowflake,AWS_US_EAST_1,TU_US_NONCREDIT_TRUAUDIENCE_DEV,COPY_FILES,COPY_FILES,TU_US_NONCREDIT_TRUAUDIENCE_DEV,TU_US_NONCREDIT_TRUAUDIENCE_DEV,"{""environment"":""Development"",""team"":""TruAudience""}"
TU_US_NONCREDIT_TRUAUDIENCE_DEV,TU_US_NONCREDIT_TRUAUDIENCE_DEV,2026-05-01,2026-06-01,Usage,2026-05-12,2026-05-13,0.000772270,0.00,Snowflake,AWS_US_EAST_1,TU_US_NONCREDIT_TRUAUDIENCE_DEV,AUTO_CLUSTERING,AUTO_CLUSTERING,TU_US_NONCREDIT_TRUAUDIENCE_DEV,TU_US_NONCREDIT_TRUAUDIENCE_DEV,"{""environment"":""Development"",""team"":""TruAudience""}"
TU_US_NONCREDIT_TRUAUDIENCE_DEV,TU_US_NONCREDIT_TRUAUDIENCE_DEV,2026-05-01,2026-06-01,Usage,2026-05-11,2026-05-12,40.082149473,93.31,Snowflake,AWS_US_EAST_1,TU_US_NONCREDIT_TRUAUDIENCE_DEV,WAREHOUSE_METERING,WAREHOUSE_METERING,TU_US_NONCREDIT_TRUAUDIENCE_DEV,TU_US_NONCREDIT_TRUAUDIENCE_DEV,"{""environment"":""Development"",""team"":""TruAudience""}"
TU_US_NONCREDIT_TRUAUDIENCE_DEV,TU_US_NONCREDIT_TRUAUDIENCE_DEV,2026-05-01,2026-06-01,Usage,2026-05-11,2026-05-12,4.320749994,10.21,Snowflake,AWS_US_EAST_1,TU_US_NONCREDIT_TRUAUDIENCE_DEV,SNOWPARK_CONTAINER_SERVICES,SNOWPARK_CONTAINER_SERVICES,TU_US_NONCREDIT_TRUAUDIENCE_DEV,TU_US_NONCREDIT_TRUAUDIENCE_DEV,"{""environment"":""Development"",""team"":""TruAudience""}"
TU_US_NONCREDIT_TRUAUDIENCE_DEV,TU_US_NONCREDIT_TRUAUDIENCE_DEV,2026-05-01,2026-06-01,Usage,2026-05-11,2026-05-12,2.774566780,6.74,Snowflake,AWS_US_EAST_1,TU_US_NONCREDIT_TRUAUDIENCE_DEV,SNOWFLAKE_INTELLIGENCE,SNOWFLAKE_INTELLIGENCE,TU_US_NONCREDIT_TRUAUDIENCE_DEV,TU_US_NONCREDIT_TRUAUDIENCE_DEV,"{""environment"":""Development"",""team"":""TruAudience""}"
TU_US_NONCREDIT_TRUAUDIENCE_DEV,TU_US_NONCREDIT_TRUAUDIENCE_DEV,2026-05-01,2026-06-01,Usage,2026-05-11,2026-05-12,0.960959530,2.37,Snowflake,AWS_US_EAST_1,TU_US_NONCREDIT_TRUAUDIENCE_DEV,CORTEX_CODE_CLI,CORTEX_CODE_CLI,TU_US_NONCREDIT_TRUAUDIENCE_DEV,TU_US_NONCREDIT_TRUAUDIENCE_DEV,"{""environment"":""Development"",""team"":""TruAudience""}"
TU_US_NONCREDIT_TRUAUDIENCE_DEV,TU_US_NONCREDIT_TRUAUDIENCE_DEV,2026-05-01,2026-06-01,Usage,2026-05-11,2026-05-12,0.849584185,2.12,Snowflake,AWS_US_EAST_1,TU_US_NONCREDIT_TRUAUDIENCE_DEV,POSTGRES_COMPUTE,POSTGRES_COMPUTE,TU_US_NONCREDIT_TRUAUDIENCE_DEV,TU_US_NONCREDIT_TRUAUDIENCE_DEV,"{""environment"":""Development"",""team"":""TruAudience""}"
TU_US_NONCREDIT_TRUAUDIENCE_DEV,TU_US_NONCREDIT_TRUAUDIENCE_DEV,2026-05-01,2026-06-01,Usage,2026-05-11,2026-05-12,0.057317025,0.14,Snowflake,AWS_US_EAST_1,TU_US_NONCREDIT_TRUAUDIENCE_DEV,CORTEX_SEARCH,CORTEX_SEARCH,TU_US_NONCREDIT_TRUAUDIENCE_DEV,TU_US_NONCREDIT_TRUAUDIENCE_DEV,"{""environment"":""Development"",""team"":""TruAudience""}"
TU_US_NONCREDIT_TRUAUDIENCE_DEV,TU_US_NONCREDIT_TRUAUDIENCE_DEV,2026-05-01,2026-06-01,Usage,2026-05-11,2026-05-12,0.009944431,0.02,Snowflake,AWS_US_EAST_1,TU_US_NONCREDIT_TRUAUDIENCE_DEV,TELEMETRY_DATA_INGEST,TELEMETRY_DATA_INGEST,TU_US_NONCREDIT_TRUAUDIENCE_DEV,TU_US_NONCREDIT_TRUAUDIENCE_DEV,"{""environment"":""Development"",""team"":""TruAudience""}"
TU_US_NONCREDIT_TRUAUDIENCE_DEV,TU_US_NONCREDIT_TRUAUDIENCE_DEV,2026-05-01,2026-06-01,Usage,2026-05-11,2026-05-12,0.000770807,0.00,Snowflake,AWS_US_EAST_1,TU_US_NONCREDIT_TRUAUDIENCE_DEV,AUTO_CLUSTERING,AUTO_CLUSTERING,TU_US_NONCREDIT_TRUAUDIENCE_DEV,TU_US_NONCREDIT_TRUAUDIENCE_DEV,"{""environment"":""Development"",""team"":""TruAudience""}"
TU_US_NONCREDIT_TRUAUDIENCE_DEV,TU_US_NONCREDIT_TRUAUDIENCE_DEV,2026-05-01,2026-06-01,Usage,2026-05-10,2026-05-11,45.012259061,106.41,Snowflake,AWS_US_EAST_1,TU_US_NONCREDIT_TRUAUDIENCE_DEV,WAREHOUSE_METERING,WAREHOUSE_METERING,TU_US_NONCREDIT_TRUAUDIENCE_DEV,TU_US_NONCREDIT_TRUAUDIENCE_DEV,"{""environment"":""Development"",""team"":""TruAudience""}"
TU_US_NONCREDIT_TRUAUDIENCE_DEV,TU_US_NONCREDIT_TRUAUDIENCE_DEV,2026-05-01,2026-06-01,Usage,2026-05-10,2026-05-11,4.482992730,10.89,Snowflake,AWS_US_EAST_1,TU_US_NONCREDIT_TRUAUDIENCE_DEV,SNOWFLAKE_INTELLIGENCE,SNOWFLAKE_INTELLIGENCE,TU_US_NONCREDIT_TRUAUDIENCE_DEV,TU_US_NONCREDIT_TRUAUDIENCE_DEV,"{""environment"":""Development"",""team"":""TruAudience""}"
TU_US_NONCREDIT_TRUAUDIENCE_DEV,TU_US_NONCREDIT_TRUAUDIENCE_DEV,2026-05-01,2026-06-01,Usage,2026-05-10,2026-05-11,4.310416657,10.60,Snowflake,AWS_US_EAST_1,TU_US_NONCREDIT_TRUAUDIENCE_DEV,SNOWPARK_CONTAINER_SERVICES,SNOWPARK_CONTAINER_SERVICES,TU_US_NONCREDIT_TRUAUDIENCE_DEV,TU_US_NONCREDIT_TRUAUDIENCE_DEV,"{""environment"":""Development"",""team"":""TruAudience""}"
TU_US_NONCREDIT_TRUAUDIENCE_DEV,TU_US_NONCREDIT_TRUAUDIENCE_DEV,2026-05-01,2026-06-01,Usage,2026-05-10,2026-05-11,1.093027200,2.72,Snowflake,AWS_US_EAST_1,TU_US_NONCREDIT_TRUAUDIENCE_DEV,CORTEX_CODE_CLI,CORTEX_CODE_CLI,TU_US_NONCREDIT_TRUAUDIENCE_DEV,TU_US_NONCREDIT_TRUAUDIENCE_DEV,"{""environment"":""Development"",""team"":""TruAudience""}"
TU_US_NONCREDIT_TRUAUDIENCE_DEV,TU_US_NONCREDIT_TRUAUDIENCE_DEV,2026-05-01,2026-06-01,Usage,2026-05-10,2026-05-11,0.842385072,2.00,Snowflake,AWS_US_EAST_1,TU_US_NONCREDIT_TRUAUDIENCE_DEV,POSTGRES_COMPUTE,POSTGRES_COMPUTE,TU_US_NONCREDIT_TRUAUDIENCE_DEV,TU_US_NONCREDIT_TRUAUDIENCE_DEV,"{""environment"":""Development"",""team"":""TruAudience""}"
TU_US_NONCREDIT_TRUAUDIENCE_DEV,TU_US_NONCREDIT_TRUAUDIENCE_DEV,2026-05-01,2026-06-01,Usage,2026-05-10,2026-05-11,0.057311031,0.14,Snowflake,AWS_US_EAST_1,TU_US_NONCREDIT_TRUAUDIENCE_DEV,CORTEX_SEARCH,CORTEX_SEARCH,TU_US_NONCREDIT_TRUAUDIENCE_DEV,TU_US_NONCREDIT_TRUAUDIENCE_DEV,"{""environment"":""Development"",""team"":""TruAudience""}"
TU_US_NONCREDIT_TRUAUDIENCE_DEV,TU_US_NONCREDIT_TRUAUDIENCE_DEV,2026-05-01,2026-06-01,Usage,2026-05-10,2026-05-11,0.051836400,0.12,Snowflake,AWS_US_EAST_1,TU_US_NONCREDIT_TRUAUDIENCE_DEV,CORTEX_CODE_SNOWSIGHT,CORTEX_CODE_SNOWSIGHT,TU_US_NONCREDIT_TRUAUDIENCE_DEV,TU_US_NONCREDIT_TRUAUDIENCE_DEV,"{""environment"":""Development"",""team"":""TruAudience""}"
TU_US_NONCREDIT_TRUAUDIENCE_DEV,TU_US_NONCREDIT_TRUAUDIENCE_DEV,2026-05-01,2026-06-01,Usage,2026-05-10,2026-05-11,0.010047096,0.02,Snowflake,AWS_US_EAST_1,TU_US_NONCREDIT_TRUAUDIENCE_DEV,TELEMETRY_DATA_INGEST,TELEMETRY_DATA_INGEST,TU_US_NONCREDIT_TRUAUDIENCE_DEV,TU_US_NONCREDIT_TRUAUDIENCE_DEV,"{""environment"":""Development"",""team"":""TruAudience""}"
TU_US_NONCREDIT_TRUAUDIENCE_DEV,TU_US_NONCREDIT_TRUAUDIENCE_DEV,2026-05-01,2026-06-01,Usage,2026-05-10,2026-05-11,0.002088380,0.01,Snowflake,AWS_US_EAST_1,TU_US_NONCREDIT_TRUAUDIENCE_DEV,AUTO_CLUSTERING,AUTO_CLUSTERING,TU_US_NONCREDIT_TRUAUDIENCE_DEV,TU_US_NONCREDIT_TRUAUDIENCE_DEV,"{""environment"":""Development"",""team"":""TruAudience""}"
TU_US_NONCREDIT_TRUAUDIENCE_DEV,TU_US_NONCREDIT_TRUAUDIENCE_DEV,2026-05-01,2026-06-01,Usage,2026-05-10,2026-05-11,0.000054780,0.00,Snowflake,AWS_US_EAST_1,TU_US_NONCREDIT_TRUAUDIENCE_DEV,AI_INFERENCE,AI_INFERENCE,TU_US_NONCREDIT_TRUAUDIENCE_DEV,TU_US_NONCREDIT_TRUAUDIENCE_DEV,"{""environment"":""Development"",""team"":""TruAudience""}"
TU_US_NONCREDIT_TRUAUDIENCE_DEV,TU_US_NONCREDIT_TRUAUDIENCE_DEV,2026-05-01,2026-06-01,Usage,2026-05-10,2026-05-11,0.000053988,0.00,Snowflake,AWS_US_EAST_1,TU_US_NONCREDIT_TRUAUDIENCE_DEV,AI_FUNCTIONS,AI_FUNCTIONS,TU_US_NONCREDIT_TRUAUDIENCE_DEV,TU_US_NONCREDIT_TRUAUDIENCE_DEV,"{""environment"":""Development"",""team"":""TruAudience""}"
TU_US_NONCREDIT_TRUAUDIENCE_DEV,TU_US_NONCREDIT_TRUAUDIENCE_DEV,2026-05-01,2026-06-01,Usage,2026-05-09,2026-05-10,38.185746792,90.92,Snowflake,AWS_US_EAST_1,TU_US_NONCREDIT_TRUAUDIENCE_DEV,WAREHOUSE_METERING,WAREHOUSE_METERING,TU_US_NONCREDIT_TRUAUDIENCE_DEV,TU_US_NONCREDIT_TRUAUDIENCE_DEV,"{""environment"":""Development"",""team"":""TruAudience""}"
TU_US_NONCREDIT_TRUAUDIENCE_DEV,TU_US_NONCREDIT_TRUAUDIENCE_DEV,2026-05-01,2026-06-01,Usage,2026-05-09,2026-05-10,9.507536590,23.23,Snowflake,AWS_US_EAST_1,TU_US_NONCREDIT_TRUAUDIENCE_DEV,CORTEX_CODE_CLI,CORTEX_CODE_CLI,TU_US_NONCREDIT_TRUAUDIENCE_DEV,TU_US_NONCREDIT_TRUAUDIENCE_DEV,"{""environment"":""Development"",""team"":""TruAudience""}"
TU_US_NONCREDIT_TRUAUDIENCE_DEV,TU_US_NONCREDIT_TRUAUDIENCE_DEV,2026-05-01,2026-06-01,Usage,2026-05-09,2026-05-10,4.312133330,10.04,Snowflake,AWS_US_EAST_1,TU_US_NONCREDIT_TRUAUDIENCE_DEV,SNOWPARK_CONTAINER_SERVICES,SNOWPARK_CONTAINER_SERVICES,TU_US_NONCREDIT_TRUAUDIENCE_DEV,TU_US_NONCREDIT_TRUAUDIENCE_DEV,"{""environment"":""Development"",""team"":""TruAudience""}"
TU_US_NONCREDIT_TRUAUDIENCE_DEV,TU_US_NONCREDIT_TRUAUDIENCE_DEV,2026-05-01,2026-06-01,Usage,2026-05-09,2026-05-10,1.056716310,2.50,Snowflake,AWS_US_EAST_1,TU_US_NONCREDIT_TRUAUDIENCE_DEV,SNOWFLAKE_INTELLIGENCE,SNOWFLAKE_INTELLIGENCE,TU_US_NONCREDIT_TRUAUDIENCE_DEV,TU_US_NONCREDIT_TRUAUDIENCE_DEV,"{""environment"":""Development"",""team"":""TruAudience""}"
TU_US_NONCREDIT_TRUAUDIENCE_DEV,TU_US_NONCREDIT_TRUAUDIENCE_DEV,2026-05-01,2026-06-01,Usage,2026-05-09,2026-05-10,0.855280182,2.07,Snowflake,AWS_US_EAST_1,TU_US_NONCREDIT_TRUAUDIENCE_DEV,POSTGRES_COMPUTE,POSTGRES_COMPUTE,TU_US_NONCREDIT_TRUAUDIENCE_DEV,TU_US_NONCREDIT_TRUAUDIENCE_DEV,"{""environment"":""Development"",""team"":""TruAudience""}"
TU_US_NONCREDIT_TRUAUDIENCE_DEV,TU_US_NONCREDIT_TRUAUDIENCE_DEV,2026-05-01,2026-06-01,Usage,2026-05-09,2026-05-10,0.057258331,0.14,Snowflake,AWS_US_EAST_1,TU_US_NONCREDIT_TRUAUDIENCE_DEV,CORTEX_SEARCH,CORTEX_SEARCH,TU_US_NONCREDIT_TRUAUDIENCE_DEV,TU_US_NONCREDIT_TRUAUDIENCE_DEV,"{""environment"":""Development"",""team"":""TruAudience""}"
TU_US_NONCREDIT_TRUAUDIENCE_DEV,TU_US_NONCREDIT_TRUAUDIENCE_DEV,2026-05-01,2026-06-01,Usage,2026-05-09,2026-05-10,0.010806634,0.03,Snowflake,AWS_US_EAST_1,TU_US_NONCREDIT_TRUAUDIENCE_DEV,TELEMETRY_DATA_INGEST,TELEMETRY_DATA_INGEST,TU_US_NONCREDIT_TRUAUDIENCE_DEV,TU_US_NONCREDIT_TRUAUDIENCE_DEV,"{""environment"":""Development"",""team"":""TruAudience""}"
TU_US_NONCREDIT_TRUAUDIENCE_DEV,TU_US_NONCREDIT_TRUAUDIENCE_DEV,2026-05-01,2026-06-01,Usage,2026-05-09,2026-05-10,0.003382746,0.01,Snowflake,AWS_US_EAST_1,TU_US_NONCREDIT_TRUAUDIENCE_DEV,AUTO_CLUSTERING,AUTO_CLUSTERING,TU_US_NONCREDIT_TRUAUDIENCE_DEV,TU_US_NONCREDIT_TRUAUDIENCE_DEV,"{""environment"":""Development"",""team"":""TruAudience""}"
TU_US_NONCREDIT_TRUAUDIENCE_DEV,TU_US_NONCREDIT_TRUAUDIENCE_DEV,2026-05-01,2026-06-01,Usage,2026-05-09,2026-05-10,0.000164560,0.00,Snowflake,AWS_US_EAST_1,TU_US_NONCREDIT_TRUAUDIENCE_DEV,AI_INFERENCE,AI_INFERENCE,TU_US_NONCREDIT_TRUAUDIENCE_DEV,TU_US_NONCREDIT_TRUAUDIENCE_DEV,"{""environment"":""Development"",""team"":""TruAudience""}"
TU_US_NONCREDIT_TRUAUDIENCE_DEV,TU_US_NONCREDIT_TRUAUDIENCE_DEV,2026-05-01,2026-06-01,Usage,2026-05-08,2026-05-09,35.278468417,82.13,Snowflake,AWS_US_EAST_1,TU_US_NONCREDIT_TRUAUDIENCE_DEV,WAREHOUSE_METERING,WAREHOUSE_METERING,TU_US_NONCREDIT_TRUAUDIENCE_DEV,TU_US_NONCREDIT_TRUAUDIENCE_DEV,"{""environment"":""Development"",""team"":""TruAudience""}"
TU_US_NONCREDIT_TRUAUDIENCE_DEV,TU_US_NONCREDIT_TRUAUDIENCE_DEV,2026-05-01,2026-06-01,Usage,2026-05-08,2026-05-09,4.327249978,10.23,Snowflake,AWS_US_EAST_1,TU_US_NONCREDIT_TRUAUDIENCE_DEV,SNOWPARK_CONTAINER_SERVICES,SNOWPARK_CONTAINER_SERVICES,TU_US_NONCREDIT_TRUAUDIENCE_DEV,TU_US_NONCREDIT_TRUAUDIENCE_DEV,"{""environment"":""Development"",""team"":""TruAudience""}"
TU_US_NONCREDIT_TRUAUDIENCE_DEV,TU_US_NONCREDIT_TRUAUDIENCE_DEV,2026-05-01,2026-06-01,Usage,2026-05-08,2026-05-09,2.910998690,7.07,Snowflake,AWS_US_EAST_1,TU_US_NONCREDIT_TRUAUDIENCE_DEV,SNOWFLAKE_INTELLIGENCE,SNOWFLAKE_INTELLIGENCE,TU_US_NONCREDIT_TRUAUDIENCE_DEV,TU_US_NONCREDIT_TRUAUDIENCE_DEV,"{""environment"":""Development"",""team"":""TruAudience""}"
TU_US_NONCREDIT_TRUAUDIENCE_DEV,TU_US_NONCREDIT_TRUAUDIENCE_DEV,2026-05-01,2026-06-01,Usage,2026-05-08,2026-05-09,0.851957516,2.09,Snowflake,AWS_US_EAST_1,TU_US_NONCREDIT_TRUAUDIENCE_DEV,POSTGRES_COMPUTE,POSTGRES_COMPUTE,TU_US_NONCREDIT_TRUAUDIENCE_DEV,TU_US_NONCREDIT_TRUAUDIENCE_DEV,"{""environment"":""Development"",""team"":""TruAudience""}"
TU_US_NONCREDIT_TRUAUDIENCE_DEV,TU_US_NONCREDIT_TRUAUDIENCE_DEV,2026-05-01,2026-06-01,Usage,2026-05-08,2026-05-09,0.540310570,1.35,Snowflake,AWS_US_EAST_1,TU_US_NONCREDIT_TRUAUDIENCE_DEV,CORTEX_AGENTS,CORTEX_AGENTS,TU_US_NONCREDIT_TRUAUDIENCE_DEV,TU_US_NONCREDIT_TRUAUDIENCE_DEV,"{""environment"":""Development"",""team"":""TruAudience""}"
TU_US_NONCREDIT_TRUAUDIENCE_DEV,TU_US_NONCREDIT_TRUAUDIENCE_DEV,2026-05-01,2026-06-01,Usage,2026-05-08,2026-05-09,0.057298364,0.14,Snowflake,AWS_US_EAST_1,TU_US_NONCREDIT_TRUAUDIENCE_DEV,CORTEX_SEARCH,CORTEX_SEARCH,TU_US_NONCREDIT_TRUAUDIENCE_DEV,TU_US_NONCREDIT_TRUAUDIENCE_DEV,"{""environment"":""Development"",""team"":""TruAudience""}"
TU_US_NONCREDIT_TRUAUDIENCE_DEV,TU_US_NONCREDIT_TRUAUDIENCE_DEV,2026-05-01,2026-06-01,Usage,2026-05-08,2026-05-09,0.009900435,0.02,Snowflake,AWS_US_EAST_1,TU_US_NONCREDIT_TRUAUDIENCE_DEV,TELEMETRY_DATA_INGEST,TELEMETRY_DATA_INGEST,TU_US_NONCREDIT_TRUAUDIENCE_DEV,TU_US_NONCREDIT_TRUAUDIENCE_DEV,"{""environment"":""Development"",""team"":""TruAudience""}"
TU_US_NONCREDIT_TRUAUDIENCE_DEV,TU_US_NONCREDIT_TRUAUDIENCE_DEV,2026-05-01,2026-06-01,Usage,2026-05-08,2026-05-09,0.000640722,0.00,Snowflake,AWS_US_EAST_1,TU_US_NONCREDIT_TRUAUDIENCE_DEV,AUTO_CLUSTERING,AUTO_CLUSTERING,TU_US_NONCREDIT_TRUAUDIENCE_DEV,TU_US_NONCREDIT_TRUAUDIENCE_DEV,"{""environment"":""Development"",""team"":""TruAudience""}"
TU_US_NONCREDIT_TRUAUDIENCE_DEV,TU_US_NONCREDIT_TRUAUDIENCE_DEV,2026-05-01,2026-06-01,Usage,2026-05-08,2026-05-09,0.000242330,0.00,Snowflake,AWS_US_EAST_1,TU_US_NONCREDIT_TRUAUDIENCE_DEV,AI_INFERENCE,AI_INFERENCE,TU_US_NONCREDIT_TRUAUDIENCE_DEV,TU_US_NONCREDIT_TRUAUDIENCE_DEV,"{""environment"":""Development"",""team"":""TruAudience""}"
TU_US_NONCREDIT_TRUAUDIENCE_DEV,TU_US_NONCREDIT_TRUAUDIENCE_DEV,2026-05-01,2026-06-01,Usage,2026-05-07,2026-05-08,46.966128788,114.07,Snowflake,AWS_US_EAST_1,TU_US_NONCREDIT_TRUAUDIENCE_DEV,WAREHOUSE_METERING,WAREHOUSE_METERING,TU_US_NONCREDIT_TRUAUDIENCE_DEV,TU_US_NONCREDIT_TRUAUDIENCE_DEV,"{""environment"":""Development"",""team"":""TruAudience""}"
TU_US_NONCREDIT_TRUAUDIENCE_DEV,TU_US_NONCREDIT_TRUAUDIENCE_DEV,2026-05-01,2026-06-01,Usage,2026-05-07,2026-05-08,4.310516614,10.61,Snowflake,AWS_US_EAST_1,TU_US_NONCREDIT_TRUAUDIENCE_DEV,SNOWPARK_CONTAINER_SERVICES,SNOWPARK_CONTAINER_SERVICES,TU_US_NONCREDIT_TRUAUDIENCE_DEV,TU_US_NONCREDIT_TRUAUDIENCE_DEV,"{""environment"":""Development"",""team"":""TruAudience""}"
TU_US_NONCREDIT_TRUAUDIENCE_DEV,TU_US_NONCREDIT_TRUAUDIENCE_DEV,2026-05-01,2026-06-01,Usage,2026-05-07,2026-05-08,1.360694820,3.40,Snowflake,AWS_US_EAST_1,TU_US_NONCREDIT_TRUAUDIENCE_DEV,CORTEX_CODE_SNOWSIGHT,CORTEX_CODE_SNOWSIGHT,TU_US_NONCREDIT_TRUAUDIENCE_DEV,TU_US_NONCREDIT_TRUAUDIENCE_DEV,"{""environment"":""Development"",""team"":""TruAudience""}"
TU_US_NONCREDIT_TRUAUDIENCE_DEV,TU_US_NONCREDIT_TRUAUDIENCE_DEV,2026-05-01,2026-06-01,Usage,2026-05-07,2026-05-08,1.294605030,3.09,Snowflake,AWS_US_EAST_1,TU_US_NONCREDIT_TRUAUDIENCE_DEV,SNOWFLAKE_INTELLIGENCE,SNOWFLAKE_INTELLIGENCE,TU_US_NONCREDIT_TRUAUDIENCE_DEV,TU_US_NONCREDIT_TRUAUDIENCE_DEV,"{""environment"":""Development"",""team"":""TruAudience""}"
TU_US_NONCREDIT_TRUAUDIENCE_DEV,TU_US_NONCREDIT_TRUAUDIENCE_DEV,2026-05-01,2026-06-01,Usage,2026-05-07,2026-05-08,0.848793071,2.08,Snowflake,AWS_US_EAST_1,TU_US_NONCREDIT_TRUAUDIENCE_DEV,POSTGRES_COMPUTE,POSTGRES_COMPUTE,TU_US_NONCREDIT_TRUAUDIENCE_DEV,TU_US_NONCREDIT_TRUAUDIENCE_DEV,"{""environment"":""Development"",""team"":""TruAudience""}"
TU_US_NONCREDIT_TRUAUDIENCE_DEV,TU_US_NONCREDIT_TRUAUDIENCE_DEV,2026-05-01,2026-06-01,Usage,2026-05-07,2026-05-08,0.057236335,0.14,Snowflake,AWS_US_EAST_1,TU_US_NONCREDIT_TRUAUDIENCE_DEV,CORTEX_SEARCH,CORTEX_SEARCH,TU_US_NONCREDIT_TRUAUDIENCE_DEV,TU_US_NONCREDIT_TRUAUDIENCE_DEV,"{""environment"":""Development"",""team"":""TruAudience""}"
TU_US_NONCREDIT_TRUAUDIENCE_DEV,TU_US_NONCREDIT_TRUAUDIENCE_DEV,2026-05-01,2026-06-01,Usage,2026-05-07,2026-05-08,0.010036411,0.02,Snowflake,AWS_US_EAST_1,TU_US_NONCREDIT_TRUAUDIENCE_DEV,TELEMETRY_DATA_INGEST,TELEMETRY_DATA_INGEST,TU_US_NONCREDIT_TRUAUDIENCE_DEV,TU_US_NONCREDIT_TRUAUDIENCE_DEV,"{""environment"":""Development"",""team"":""TruAudience""}"
TU_US_NONCREDIT_TRUAUDIENCE_DEV,TU_US_NONCREDIT_TRUAUDIENCE_DEV,2026-05-01,2026-06-01,Usage,2026-05-07,2026-05-08,0.000866836,0.00,Snowflake,AWS_US_EAST_1,TU_US_NONCREDIT_TRUAUDIENCE_DEV,AUTO_CLUSTERING,AUTO_CLUSTERING,TU_US_NONCREDIT_TRUAUDIENCE_DEV,TU_US_NONCREDIT_TRUAUDIENCE_DEV,"{""environment"":""Development"",""team"":""TruAudience""}"
TU_US_NONCREDIT_TRUAUDIENCE_DEV,TU_US_NONCREDIT_TRUAUDIENCE_DEV,2026-05-01,2026-06-01,Usage,2026-05-06,2026-05-07,33.085141227,81.39,Snowflake,AWS_US_EAST_1,TU_US_NONCREDIT_TRUAUDIENCE_DEV,WAREHOUSE_METERING,WAREHOUSE_METERING,TU_US_NONCREDIT_TRUAUDIENCE_DEV,TU_US_NONCREDIT_TRUAUDIENCE_DEV,"{""environment"":""Development"",""team"":""TruAudience""}"
TU_US_NONCREDIT_TRUAUDIENCE_DEV,TU_US_NONCREDIT_TRUAUDIENCE_DEV,2026-05-01,2026-06-01,Usage,2026-05-06,2026-05-07,4.317866656,10.77,Snowflake,AWS_US_EAST_1,TU_US_NONCREDIT_TRUAUDIENCE_DEV,SNOWPARK_CONTAINER_SERVICES,SNOWPARK_CONTAINER_SERVICES,TU_US_NONCREDIT_TRUAUDIENCE_DEV,TU_US_NONCREDIT_TRUAUDIENCE_DEV,"{""environment"":""Development"",""team"":""TruAudience""}"
TU_US_NONCREDIT_TRUAUDIENCE_DEV,TU_US_NONCREDIT_TRUAUDIENCE_DEV,2026-05-01,2026-06-01,Usage,2026-05-06,2026-05-07,1.689565300,4.02,Snowflake,AWS_US_EAST_1,TU_US_NONCREDIT_TRUAUDIENCE_DEV,SNOWFLAKE_INTELLIGENCE,SNOWFLAKE_INTELLIGENCE,TU_US_NONCREDIT_TRUAUDIENCE_DEV,TU_US_NONCREDIT_TRUAUDIENCE_DEV,"{""environment"":""Development"",""team"":""TruAudience""}"
TU_US_NONCREDIT_TRUAUDIENCE_DEV,TU_US_NONCREDIT_TRUAUDIENCE_DEV,2026-05-01,2026-06-01,Usage,2026-05-06,2026-05-07,0.842286180,2.06,Snowflake,AWS_US_EAST_1,TU_US_NONCREDIT_TRUAUDIENCE_DEV,POSTGRES_COMPUTE,POSTGRES_COMPUTE,TU_US_NONCREDIT_TRUAUDIENCE_DEV,TU_US_NONCREDIT_TRUAUDIENCE_DEV,"{""environment"":""Development"",""team"":""TruAudience""}"
TU_US_NONCREDIT_TRUAUDIENCE_DEV,TU_US_NONCREDIT_TRUAUDIENCE_DEV,2026-05-01,2026-06-01,Usage,2026-05-06,2026-05-07,0.057337037,0.14,Snowflake,AWS_US_EAST_1,TU_US_NONCREDIT_TRUAUDIENCE_DEV,CORTEX_SEARCH,CORTEX_SEARCH,TU_US_NONCREDIT_TRUAUDIENCE_DEV,TU_US_NONCREDIT_TRUAUDIENCE_DEV,"{""environment"":""Development"",""team"":""TruAudience""}"
TU_US_NONCREDIT_TRUAUDIENCE_DEV,TU_US_NONCREDIT_TRUAUDIENCE_DEV,2026-05-01,2026-06-01,Usage,2026-05-06,2026-05-07,0.010060721,0.02,Snowflake,AWS_US_EAST_1,TU_US_NONCREDIT_TRUAUDIENCE_DEV,TELEMETRY_DATA_INGEST,TELEMETRY_DATA_INGEST,TU_US_NONCREDIT_TRUAUDIENCE_DEV,TU_US_NONCREDIT_TRUAUDIENCE_DEV,"{""environment"":""Development"",""team"":""TruAudience""}"
TU_US_NONCREDIT_TRUAUDIENCE_DEV,TU_US_NONCREDIT_TRUAUDIENCE_DEV,2026-05-01,2026-06-01,Usage,2026-05-06,2026-05-07,0.000745390,0.00,Snowflake,AWS_US_EAST_1,TU_US_NONCREDIT_TRUAUDIENCE_DEV,AUTO_CLUSTERING,AUTO_CLUSTERING,TU_US_NONCREDIT_TRUAUDIENCE_DEV,TU_US_NONCREDIT_TRUAUDIENCE_DEV,"{""environment"":""Development"",""team"":""TruAudience""}"
TU_US_NONCREDIT_TRUAUDIENCE_DEV,TU_US_NONCREDIT_TRUAUDIENCE_DEV,2026-05-01,2026-06-01,Usage,2026-05-05,2026-05-06,36.999168665,91.02,Snowflake,AWS_US_EAST_1,TU_US_NONCREDIT_TRUAUDIENCE_DEV,WAREHOUSE_METERING,WAREHOUSE_METERING,TU_US_NONCREDIT_TRUAUDIENCE_DEV,TU_US_NONCREDIT_TRUAUDIENCE_DEV,"{""environment"":""Development"",""team"":""TruAudience""}"
TU_US_NONCREDIT_TRUAUDIENCE_DEV,TU_US_NONCREDIT_TRUAUDIENCE_DEV,2026-05-01,2026-06-01,Usage,2026-05-05,2026-05-06,4.307400000,10.75,Snowflake,AWS_US_EAST_1,TU_US_NONCREDIT_TRUAUDIENCE_DEV,SNOWPARK_CONTAINER_SERVICES,SNOWPARK_CONTAINER_SERVICES,TU_US_NONCREDIT_TRUAUDIENCE_DEV,TU_US_NONCREDIT_TRUAUDIENCE_DEV,"{""environment"":""Development"",""team"":""TruAudience""}"
TU_US_NONCREDIT_TRUAUDIENCE_DEV,TU_US_NONCREDIT_TRUAUDIENCE_DEV,2026-05-01,2026-06-01,Usage,2026-05-05,2026-05-06,1.697266360,4.04,Snowflake,AWS_US_EAST_1,TU_US_NONCREDIT_TRUAUDIENCE_DEV,SNOWFLAKE_INTELLIGENCE,SNOWFLAKE_INTELLIGENCE,TU_US_NONCREDIT_TRUAUDIENCE_DEV,TU_US_NONCREDIT_TRUAUDIENCE_DEV,"{""environment"":""Development"",""team"":""TruAudience""}"
TU_US_NONCREDIT_TRUAUDIENCE_DEV,TU_US_NONCREDIT_TRUAUDIENCE_DEV,2026-05-01,2026-06-01,Usage,2026-05-05,2026-05-06,1.508757940,3.69,Snowflake,AWS_US_EAST_1,TU_US_NONCREDIT_TRUAUDIENCE_DEV,CORTEX_AGENTS,CORTEX_AGENTS,TU_US_NONCREDIT_TRUAUDIENCE_DEV,TU_US_NONCREDIT_TRUAUDIENCE_DEV,"{""environment"":""Development"",""team"":""TruAudience""}"
TU_US_NONCREDIT_TRUAUDIENCE_DEV,TU_US_NONCREDIT_TRUAUDIENCE_DEV,2026-05-01,2026-06-01,Usage,2026-05-05,2026-05-06,0.847893183,1.97,Snowflake,AWS_US_EAST_1,TU_US_NONCREDIT_TRUAUDIENCE_DEV,POSTGRES_COMPUTE,POSTGRES_COMPUTE,TU_US_NONCREDIT_TRUAUDIENCE_DEV,TU_US_NONCREDIT_TRUAUDIENCE_DEV,"{""environment"":""Development"",""team"":""TruAudience""}"
TU_US_NONCREDIT_TRUAUDIENCE_DEV,TU_US_NONCREDIT_TRUAUDIENCE_DEV,2026-05-01,2026-06-01,Usage,2026-05-05,2026-05-06,0.071103320,0.17,Snowflake,AWS_US_EAST_1,TU_US_NONCREDIT_TRUAUDIENCE_DEV,CORTEX_CODE_SNOWSIGHT,CORTEX_CODE_SNOWSIGHT,TU_US_NONCREDIT_TRUAUDIENCE_DEV,TU_US_NONCREDIT_TRUAUDIENCE_DEV,"{""environment"":""Development"",""team"":""TruAudience""}"
TU_US_NONCREDIT_TRUAUDIENCE_DEV,TU_US_NONCREDIT_TRUAUDIENCE_DEV,2026-05-01,2026-06-01,Usage,2026-05-05,2026-05-06,0.057297692,0.14,Snowflake,AWS_US_EAST_1,TU_US_NONCREDIT_TRUAUDIENCE_DEV,CORTEX_SEARCH,CORTEX_SEARCH,TU_US_NONCREDIT_TRUAUDIENCE_DEV,TU_US_NONCREDIT_TRUAUDIENCE_DEV,"{""environment"":""Development"",""team"":""TruAudience""}"
TU_US_NONCREDIT_TRUAUDIENCE_DEV,TU_US_NONCREDIT_TRUAUDIENCE_DEV,2026-05-01,2026-06-01,Usage,2026-05-05,2026-05-06,0.010012443,0.02,Snowflake,AWS_US_EAST_1,TU_US_NONCREDIT_TRUAUDIENCE_DEV,TELEMETRY_DATA_INGEST,TELEMETRY_DATA_INGEST,TU_US_NONCREDIT_TRUAUDIENCE_DEV,TU_US_NONCREDIT_TRUAUDIENCE_DEV,"{""environment"":""Development"",""team"":""TruAudience""}"
TU_US_NONCREDIT_TRUAUDIENCE_DEV,TU_US_NONCREDIT_TRUAUDIENCE_DEV,2026-05-01,2026-06-01,Usage,2026-05-05,2026-05-06,0.000054450,0.00,Snowflake,AWS_US_EAST_1,TU_US_NONCREDIT_TRUAUDIENCE_DEV,AI_INFERENCE,AI_INFERENCE,TU_US_NONCREDIT_TRUAUDIENCE_DEV,TU_US_NONCREDIT_TRUAUDIENCE_DEV,"{""environment"":""Development"",""team"":""TruAudience""}"
TU_US_NONCREDIT_TRUAUDIENCE_DEV,TU_US_NONCREDIT_TRUAUDIENCE_DEV,2026-05-01,2026-06-01,Usage,2026-05-05,2026-05-06,0.000952015,0.00,Snowflake,AWS_US_EAST_1,TU_US_NONCREDIT_TRUAUDIENCE_DEV,AUTO_CLUSTERING,AUTO_CLUSTERING,TU_US_NONCREDIT_TRUAUDIENCE_DEV,TU_US_NONCREDIT_TRUAUDIENCE_DEV,"{""environment"":""Development"",""team"":""TruAudience""}"
TU_US_NONCREDIT_TRUAUDIENCE_DEV,TU_US_NONCREDIT_TRUAUDIENCE_DEV,2026-05-01,2026-06-01,Usage,2026-05-04,2026-05-05,33.008065877,80.65,Snowflake,AWS_US_EAST_1,TU_US_NONCREDIT_TRUAUDIENCE_DEV,WAREHOUSE_METERING,WAREHOUSE_METERING,TU_US_NONCREDIT_TRUAUDIENCE_DEV,TU_US_NONCREDIT_TRUAUDIENCE_DEV,"{""environment"":""Development"",""team"":""TruAudience""}"
TU_US_NONCREDIT_TRUAUDIENCE_DEV,TU_US_NONCREDIT_TRUAUDIENCE_DEV,2026-05-01,2026-06-01,Usage,2026-05-04,2026-05-05,16.544509860,38.52,Snowflake,AWS_US_EAST_1,TU_US_NONCREDIT_TRUAUDIENCE_DEV,SNOWFLAKE_INTELLIGENCE,SNOWFLAKE_INTELLIGENCE,TU_US_NONCREDIT_TRUAUDIENCE_DEV,TU_US_NONCREDIT_TRUAUDIENCE_DEV,"{""environment"":""Development"",""team"":""TruAudience""}"
TU_US_NONCREDIT_TRUAUDIENCE_DEV,TU_US_NONCREDIT_TRUAUDIENCE_DEV,2026-05-01,2026-06-01,Usage,2026-05-04,2026-05-05,4.323083326,10.22,Snowflake,AWS_US_EAST_1,TU_US_NONCREDIT_TRUAUDIENCE_DEV,SNOWPARK_CONTAINER_SERVICES,SNOWPARK_CONTAINER_SERVICES,TU_US_NONCREDIT_TRUAUDIENCE_DEV,TU_US_NONCREDIT_TRUAUDIENCE_DEV,"{""environment"":""Development"",""team"":""TruAudience""}"
TU_US_NONCREDIT_TRUAUDIENCE_DEV,TU_US_NONCREDIT_TRUAUDIENCE_DEV,2026-05-01,2026-06-01,Usage,2026-05-04,2026-05-05,0.848694184,2.06,Snowflake,AWS_US_EAST_1,TU_US_NONCREDIT_TRUAUDIENCE_DEV,POSTGRES_COMPUTE,POSTGRES_COMPUTE,TU_US_NONCREDIT_TRUAUDIENCE_DEV,TU_US_NONCREDIT_TRUAUDIENCE_DEV,"{""environment"":""Development"",""team"":""TruAudience""}"
TU_US_NONCREDIT_TRUAUDIENCE_DEV,TU_US_NONCREDIT_TRUAUDIENCE_DEV,2026-05-01,2026-06-01,Usage,2026-05-04,2026-05-05,0.755485290,1.86,Snowflake,AWS_US_EAST_1,TU_US_NONCREDIT_TRUAUDIENCE_DEV,CORTEX_AGENTS,CORTEX_AGENTS,TU_US_NONCREDIT_TRUAUDIENCE_DEV,TU_US_NONCREDIT_TRUAUDIENCE_DEV,"{""environment"":""Development"",""team"":""TruAudience""}"
TU_US_NONCREDIT_TRUAUDIENCE_DEV,TU_US_NONCREDIT_TRUAUDIENCE_DEV,2026-05-01,2026-06-01,Usage,2026-05-04,2026-05-05,0.695890991,1.74,Snowflake,AWS_US_EAST_1,TU_US_NONCREDIT_TRUAUDIENCE_DEV,QUERY_ACCELERATION,QUERY_ACCELERATION,TU_US_NONCREDIT_TRUAUDIENCE_DEV,TU_US_NONCREDIT_TRUAUDIENCE_DEV,"{""environment"":""Development"",""team"":""TruAudience""}"
TU_US_NONCREDIT_TRUAUDIENCE_DEV,TU_US_NONCREDIT_TRUAUDIENCE_DEV,2026-05-01,2026-06-01,Usage,2026-05-04,2026-05-05,0.600571840,1.43,Snowflake,AWS_US_EAST_1,TU_US_NONCREDIT_TRUAUDIENCE_DEV,CORTEX_CODE_SNOWSIGHT,CORTEX_CODE_SNOWSIGHT,TU_US_NONCREDIT_TRUAUDIENCE_DEV,TU_US_NONCREDIT_TRUAUDIENCE_DEV,"{""environment"":""Development"",""team"":""TruAudience""}"
TU_US_NONCREDIT_TRUAUDIENCE_DEV,TU_US_NONCREDIT_TRUAUDIENCE_DEV,2026-05-01,2026-06-01,Usage,2026-05-04,2026-05-05,0.057195186,0.14,Snowflake,AWS_US_EAST_1,TU_US_NONCREDIT_TRUAUDIENCE_DEV,CORTEX_SEARCH,CORTEX_SEARCH,TU_US_NONCREDIT_TRUAUDIENCE_DEV,TU_US_NONCREDIT_TRUAUDIENCE_DEV,"{""environment"":""Development"",""team"":""TruAudience""}"
TU_US_NONCREDIT_TRUAUDIENCE_DEV,TU_US_NONCREDIT_TRUAUDIENCE_DEV,2026-05-01,2026-06-01,Usage,2026-05-04,2026-05-05,0.010143340,0.02,Snowflake,AWS_US_EAST_1,TU_US_NONCREDIT_TRUAUDIENCE_DEV,TELEMETRY_DATA_INGEST,TELEMETRY_DATA_INGEST,TU_US_NONCREDIT_TRUAUDIENCE_DEV,TU_US_NONCREDIT_TRUAUDIENCE_DEV,"{""environment"":""Development"",""team"":""TruAudience""}"
TU_US_NONCREDIT_TRUAUDIENCE_DEV,TU_US_NONCREDIT_TRUAUDIENCE_DEV,2026-05-01,2026-06-01,Usage,2026-05-04,2026-05-05,0.003153990,0.01,Snowflake,AWS_US_EAST_1,TU_US_NONCREDIT_TRUAUDIENCE_DEV,AI_FUNCTIONS,AI_FUNCTIONS,TU_US_NONCREDIT_TRUAUDIENCE_DEV,TU_US_NONCREDIT_TRUAUDIENCE_DEV,"{""environment"":""Development"",""team"":""TruAudience""}"
TU_US_NONCREDIT_TRUAUDIENCE_DEV,TU_US_NONCREDIT_TRUAUDIENCE_DEV,2026-05-01,2026-06-01,Usage,2026-05-04,2026-05-05,0.000163900,0.00,Snowflake,AWS_US_EAST_1,TU_US_NONCREDIT_TRUAUDIENCE_DEV,AI_INFERENCE,AI_INFERENCE,TU_US_NONCREDIT_TRUAUDIENCE_DEV,TU_US_NONCREDIT_TRUAUDIENCE_DEV,"{""environment"":""Development"",""team"":""TruAudience""}"
TU_US_NONCREDIT_TRUAUDIENCE_DEV,TU_US_NONCREDIT_TRUAUDIENCE_DEV,2026-05-01,2026-06-01,Usage,2026-05-04,2026-05-05,0.001176430,0.00,Snowflake,AWS_US_EAST_1,TU_US_NONCREDIT_TRUAUDIENCE_DEV,AUTO_CLUSTERING,AUTO_CLUSTERING,TU_US_NONCREDIT_TRUAUDIENCE_DEV,TU_US_NONCREDIT_TRUAUDIENCE_DEV,"{""environment"":""Development"",""team"":""TruAudience""}"
TU_US_NONCREDIT_TRUAUDIENCE_DEV,TU_US_NONCREDIT_TRUAUDIENCE_DEV,2026-05-01,2026-06-01,Usage,2026-05-03,2026-05-04,33.431342422,83.45,Snowflake,AWS_US_EAST_1,TU_US_NONCREDIT_TRUAUDIENCE_DEV,WAREHOUSE_METERING,WAREHOUSE_METERING,TU_US_NONCREDIT_TRUAUDIENCE_DEV,TU_US_NONCREDIT_TRUAUDIENCE_DEV,"{""environment"":""Development"",""team"":""TruAudience""}"
TU_US_NONCREDIT_TRUAUDIENCE_DEV,TU_US_NONCREDIT_TRUAUDIENCE_DEV,2026-05-01,2026-06-01,Usage,2026-05-03,2026-05-04,12.015314080,28.61,Snowflake,AWS_US_EAST_1,TU_US_NONCREDIT_TRUAUDIENCE_DEV,SNOWFLAKE_INTELLIGENCE,SNOWFLAKE_INTELLIGENCE,TU_US_NONCREDIT_TRUAUDIENCE_DEV,TU_US_NONCREDIT_TRUAUDIENCE_DEV,"{""environment"":""Development"",""team"":""TruAudience""}"
TU_US_NONCREDIT_TRUAUDIENCE_DEV,TU_US_NONCREDIT_TRUAUDIENCE_DEV,2026-05-01,2026-06-01,Usage,2026-05-03,2026-05-04,4.309866658,10.53,Snowflake,AWS_US_EAST_1,TU_US_NONCREDIT_TRUAUDIENCE_DEV,SNOWPARK_CONTAINER_SERVICES,SNOWPARK_CONTAINER_SERVICES,TU_US_NONCREDIT_TRUAUDIENCE_DEV,TU_US_NONCREDIT_TRUAUDIENCE_DEV,"{""environment"":""Development"",""team"":""TruAudience""}"
TU_US_NONCREDIT_TRUAUDIENCE_DEV,TU_US_NONCREDIT_TRUAUDIENCE_DEV,2026-05-01,2026-06-01,Usage,2026-05-03,2026-05-04,1.238268470,2.88,Snowflake,AWS_US_EAST_1,TU_US_NONCREDIT_TRUAUDIENCE_DEV,CORTEX_CODE_SNOWSIGHT,CORTEX_CODE_SNOWSIGHT,TU_US_NONCREDIT_TRUAUDIENCE_DEV,TU_US_NONCREDIT_TRUAUDIENCE_DEV,"{""environment"":""Development"",""team"":""TruAudience""}"
TU_US_NONCREDIT_TRUAUDIENCE_DEV,TU_US_NONCREDIT_TRUAUDIENCE_DEV,2026-05-01,2026-06-01,Usage,2026-05-03,2026-05-04,0.852867294,2.02,Snowflake,AWS_US_EAST_1,TU_US_NONCREDIT_TRUAUDIENCE_DEV,POSTGRES_COMPUTE,POSTGRES_COMPUTE,TU_US_NONCREDIT_TRUAUDIENCE_DEV,TU_US_NONCREDIT_TRUAUDIENCE_DEV,"{""environment"":""Development"",""team"":""TruAudience""}"
TU_US_NONCREDIT_TRUAUDIENCE_DEV,TU_US_NONCREDIT_TRUAUDIENCE_DEV,2026-05-01,2026-06-01,Usage,2026-05-03,2026-05-04,0.057214430,0.14,Snowflake,AWS_US_EAST_1,TU_US_NONCREDIT_TRUAUDIENCE_DEV,CORTEX_SEARCH,CORTEX_SEARCH,TU_US_NONCREDIT_TRUAUDIENCE_DEV,TU_US_NONCREDIT_TRUAUDIENCE_DEV,"{""environment"":""Development"",""team"":""TruAudience""}"
TU_US_NONCREDIT_TRUAUDIENCE_DEV,TU_US_NONCREDIT_TRUAUDIENCE_DEV,2026-05-01,2026-06-01,Usage,2026-05-03,2026-05-04,0.010098824,0.02,Snowflake,AWS_US_EAST_1,TU_US_NONCREDIT_TRUAUDIENCE_DEV,TELEMETRY_DATA_INGEST,TELEMETRY_DATA_INGEST,TU_US_NONCREDIT_TRUAUDIENCE_DEV,TU_US_NONCREDIT_TRUAUDIENCE_DEV,"{""environment"":""Development"",""team"":""TruAudience""}"
TU_US_NONCREDIT_TRUAUDIENCE_DEV,TU_US_NONCREDIT_TRUAUDIENCE_DEV,2026-05-01,2026-06-01,Usage,2026-05-03,2026-05-04,0.001141935,0.00,Snowflake,AWS_US_EAST_1,TU_US_NONCREDIT_TRUAUDIENCE_DEV,AUTO_CLUSTERING,AUTO_CLUSTERING,TU_US_NONCREDIT_TRUAUDIENCE_DEV,TU_US_NONCREDIT_TRUAUDIENCE_DEV,"{""environment"":""Development"",""team"":""TruAudience""}"
TU_US_NONCREDIT_TRUAUDIENCE_DEV,TU_US_NONCREDIT_TRUAUDIENCE_DEV,2026-05-01,2026-06-01,Usage,2026-05-03,2026-05-04,0.000057640,0.00,Snowflake,AWS_US_EAST_1,TU_US_NONCREDIT_TRUAUDIENCE_DEV,AI_INFERENCE,AI_INFERENCE,TU_US_NONCREDIT_TRUAUDIENCE_DEV,TU_US_NONCREDIT_TRUAUDIENCE_DEV,"{""environment"":""Development"",""team"":""TruAudience""}"
TU_US_NONCREDIT_TRUAUDIENCE_DEV,TU_US_NONCREDIT_TRUAUDIENCE_DEV,2026-05-01,2026-06-01,Usage,2026-05-02,2026-05-03,40.339237334,98.55,Snowflake,AWS_US_EAST_1,TU_US_NONCREDIT_TRUAUDIENCE_DEV,WAREHOUSE_METERING,WAREHOUSE_METERING,TU_US_NONCREDIT_TRUAUDIENCE_DEV,TU_US_NONCREDIT_TRUAUDIENCE_DEV,"{""environment"":""Development"",""team"":""TruAudience""}"
TU_US_NONCREDIT_TRUAUDIENCE_DEV,TU_US_NONCREDIT_TRUAUDIENCE_DEV,2026-05-01,2026-06-01,Usage,2026-05-02,2026-05-03,15.463069570,36.00,Snowflake,AWS_US_EAST_1,TU_US_NONCREDIT_TRUAUDIENCE_DEV,SNOWFLAKE_INTELLIGENCE,SNOWFLAKE_INTELLIGENCE,TU_US_NONCREDIT_TRUAUDIENCE_DEV,TU_US_NONCREDIT_TRUAUDIENCE_DEV,"{""environment"":""Development"",""team"":""TruAudience""}"
TU_US_NONCREDIT_TRUAUDIENCE_DEV,TU_US_NONCREDIT_TRUAUDIENCE_DEV,2026-05-01,2026-06-01,Usage,2026-05-02,2026-05-03,4.323633320,10.22,Snowflake,AWS_US_EAST_1,TU_US_NONCREDIT_TRUAUDIENCE_DEV,SNOWPARK_CONTAINER_SERVICES,SNOWPARK_CONTAINER_SERVICES,TU_US_NONCREDIT_TRUAUDIENCE_DEV,TU_US_NONCREDIT_TRUAUDIENCE_DEV,"{""environment"":""Development"",""team"":""TruAudience""}"
TU_US_NONCREDIT_TRUAUDIENCE_DEV,TU_US_NONCREDIT_TRUAUDIENCE_DEV,2026-05-01,2026-06-01,Usage,2026-05-02,2026-05-03,0.840209516,2.04,Snowflake,AWS_US_EAST_1,TU_US_NONCREDIT_TRUAUDIENCE_DEV,POSTGRES_COMPUTE,POSTGRES_COMPUTE,TU_US_NONCREDIT_TRUAUDIENCE_DEV,TU_US_NONCREDIT_TRUAUDIENCE_DEV,"{""environment"":""Development"",""team"":""TruAudience""}"
TU_US_NONCREDIT_TRUAUDIENCE_DEV,TU_US_NONCREDIT_TRUAUDIENCE_DEV,2026-05-01,2026-06-01,Usage,2026-05-02,2026-05-03,0.057190933,0.14,Snowflake,AWS_US_EAST_1,TU_US_NONCREDIT_TRUAUDIENCE_DEV,CORTEX_SEARCH,CORTEX_SEARCH,TU_US_NONCREDIT_TRUAUDIENCE_DEV,TU_US_NONCREDIT_TRUAUDIENCE_DEV,"{""environment"":""Development"",""team"":""TruAudience""}"
TU_US_NONCREDIT_TRUAUDIENCE_DEV,TU_US_NONCREDIT_TRUAUDIENCE_DEV,2026-05-01,2026-06-01,Usage,2026-05-02,2026-05-03,0.031814800,0.08,Snowflake,AWS_US_EAST_1,TU_US_NONCREDIT_TRUAUDIENCE_DEV,CORTEX_CODE_SNOWSIGHT,CORTEX_CODE_SNOWSIGHT,TU_US_NONCREDIT_TRUAUDIENCE_DEV,TU_US_NONCREDIT_TRUAUDIENCE_DEV,"{""environment"":""Development"",""team"":""TruAudience""}"
TU_US_NONCREDIT_TRUAUDIENCE_DEV,TU_US_NONCREDIT_TRUAUDIENCE_DEV,2026-05-01,2026-06-01,Usage,2026-05-02,2026-05-03,0.010006602,0.02,Snowflake,AWS_US_EAST_1,TU_US_NONCREDIT_TRUAUDIENCE_DEV,TELEMETRY_DATA_INGEST,TELEMETRY_DATA_INGEST,TU_US_NONCREDIT_TRUAUDIENCE_DEV,TU_US_NONCREDIT_TRUAUDIENCE_DEV,"{""environment"":""Development"",""team"":""TruAudience""}"
TU_US_NONCREDIT_TRUAUDIENCE_DEV,TU_US_NONCREDIT_TRUAUDIENCE_DEV,2026-05-01,2026-06-01,Usage,2026-05-02,2026-05-03,0.002642040,0.01,Snowflake,AWS_US_EAST_1,TU_US_NONCREDIT_TRUAUDIENCE_DEV,AI_FUNCTIONS,AI_FUNCTIONS,TU_US_NONCREDIT_TRUAUDIENCE_DEV,TU_US_NONCREDIT_TRUAUDIENCE_DEV,"{""environment"":""Development"",""team"":""TruAudience""}"
TU_US_NONCREDIT_TRUAUDIENCE_DEV,TU_US_NONCREDIT_TRUAUDIENCE_DEV,2026-05-01,2026-06-01,Usage,2026-05-02,2026-05-03,0.001076628,0.00,Snowflake,AWS_US_EAST_1,TU_US_NONCREDIT_TRUAUDIENCE_DEV,AUTO_CLUSTERING,AUTO_CLUSTERING,TU_US_NONCREDIT_TRUAUDIENCE_DEV,TU_US_NONCREDIT_TRUAUDIENCE_DEV,"{""environment"":""Development"",""team"":""TruAudience""}"
TU_US_NONCREDIT_TRUAUDIENCE_DEV,TU_US_NONCREDIT_TRUAUDIENCE_DEV,2026-05-01,2026-06-01,Usage,2026-05-02,2026-05-03,0.000054560,0.00,Snowflake,AWS_US_EAST_1,TU_US_NONCREDIT_TRUAUDIENCE_DEV,AI_INFERENCE,AI_INFERENCE,TU_US_NONCREDIT_TRUAUDIENCE_DEV,TU_US_NONCREDIT_TRUAUDIENCE_DEV,"{""environment"":""Development"",""team"":""TruAudience""}"
TU_US_NONCREDIT_TRUAUDIENCE_DEV,TU_US_NONCREDIT_TRUAUDIENCE_DEV,2026-05-01,2026-06-01,Usage,2026-05-01,2026-05-02,59.674050340,144.94,Snowflake,AWS_US_EAST_1,TU_US_NONCREDIT_TRUAUDIENCE_DEV,WAREHOUSE_METERING,WAREHOUSE_METERING,TU_US_NONCREDIT_TRUAUDIENCE_DEV,TU_US_NONCREDIT_TRUAUDIENCE_DEV,"{""environment"":""Development"",""team"":""TruAudience""}"
TU_US_NONCREDIT_TRUAUDIENCE_DEV,TU_US_NONCREDIT_TRUAUDIENCE_DEV,2026-05-01,2026-06-01,Usage,2026-05-01,2026-05-02,20.232743280,49.77,Snowflake,AWS_US_EAST_1,TU_US_NONCREDIT_TRUAUDIENCE_DEV,SNOWFLAKE_INTELLIGENCE,SNOWFLAKE_INTELLIGENCE,TU_US_NONCREDIT_TRUAUDIENCE_DEV,TU_US_NONCREDIT_TRUAUDIENCE_DEV,"{""environment"":""Development"",""team"":""TruAudience""}"
TU_US_NONCREDIT_TRUAUDIENCE_DEV,TU_US_NONCREDIT_TRUAUDIENCE_DEV,2026-05-01,2026-06-01,Usage,2026-05-01,2026-05-02,4.322983293,10.80,Snowflake,AWS_US_EAST_1,TU_US_NONCREDIT_TRUAUDIENCE_DEV,SNOWPARK_CONTAINER_SERVICES,SNOWPARK_CONTAINER_SERVICES,TU_US_NONCREDIT_TRUAUDIENCE_DEV,TU_US_NONCREDIT_TRUAUDIENCE_DEV,"{""environment"":""Development"",""team"":""TruAudience""}"
TU_US_NONCREDIT_TRUAUDIENCE_DEV,TU_US_NONCREDIT_TRUAUDIENCE_DEV,2026-05-01,2026-06-01,Usage,2026-05-01,2026-05-02,0.852343182,2.03,Snowflake,AWS_US_EAST_1,TU_US_NONCREDIT_TRUAUDIENCE_DEV,POSTGRES_COMPUTE,POSTGRES_COMPUTE,TU_US_NONCREDIT_TRUAUDIENCE_DEV,TU_US_NONCREDIT_TRUAUDIENCE_DEV,"{""environment"":""Development"",""team"":""TruAudience""}"
TU_US_NONCREDIT_TRUAUDIENCE_DEV,TU_US_NONCREDIT_TRUAUDIENCE_DEV,2026-05-01,2026-06-01,Usage,2026-05-01,2026-05-02,0.057224420,0.14,Snowflake,AWS_US_EAST_1,TU_US_NONCREDIT_TRUAUDIENCE_DEV,CORTEX_SEARCH,CORTEX_SEARCH,TU_US_NONCREDIT_TRUAUDIENCE_DEV,TU_US_NONCREDIT_TRUAUDIENCE_DEV,"{""environment"":""Development"",""team"":""TruAudience""}"
TU_US_NONCREDIT_TRUAUDIENCE_DEV,TU_US_NONCREDIT_TRUAUDIENCE_DEV,2026-05-01,2026-06-01,Usage,2026-05-01,2026-05-02,0.010057852,0.02,Snowflake,AWS_US_EAST_1,TU_US_NONCREDIT_TRUAUDIENCE_DEV,TELEMETRY_DATA_INGEST,TELEMETRY_DATA_INGEST,TU_US_NONCREDIT_TRUAUDIENCE_DEV,TU_US_NONCREDIT_TRUAUDIENCE_DEV,"{""environment"":""Development"",""team"":""TruAudience""}"
TU_US_NONCREDIT_TRUAUDIENCE_DEV,TU_US_NONCREDIT_TRUAUDIENCE_DEV,2026-05-01,2026-06-01,Usage,2026-05-01,2026-05-02,0.001029715,0.00,Snowflake,AWS_US_EAST_1,TU_US_NONCREDIT_TRUAUDIENCE_DEV,AUTO_CLUSTERING,AUTO_CLUSTERING,TU_US_NONCREDIT_TRUAUDIENCE_DEV,TU_US_NONCREDIT_TRUAUDIENCE_DEV,"{""environment"":""Development"",""team"":""TruAudience""}"
TU_US_NONCREDIT_TRUAUDIENCE_DEV,TU_US_NONCREDIT_TRUAUDIENCE_DEV,2026-05-01,2026-06-01,Usage,2026-05-01,2026-05-02,0.000289520,0.00,Snowflake,AWS_US_EAST_1,TU_US_NONCREDIT_TRUAUDIENCE_DEV,AI_INFERENCE,AI_INFERENCE,TU_US_NONCREDIT_TRUAUDIENCE_DEV,TU_US_NONCREDIT_TRUAUDIENCE_DEV,"{""environment"":""Development"",""team"":""TruAudience""}"
TU_US_NONCREDIT_TRUAUDIENCE_PROD,TU_US_NONCREDIT_TRUAUDIENCE_PROD,2026-05-01,2026-06-01,Usage,2026-05-29,2026-05-30,464.955863492,1143.79,Snowflake,AWS_US_EAST_1,TU_US_NONCREDIT_TRUAUDIENCE_PROD,WAREHOUSE_METERING,WAREHOUSE_METERING,TU_US_NONCREDIT_TRUAUDIENCE_PROD,TU_US_NONCREDIT_TRUAUDIENCE_PROD,"{""environment"":""Production"",""team"":""TruAudience""}"
TU_US_NONCREDIT_TRUAUDIENCE_PROD,TU_US_NONCREDIT_TRUAUDIENCE_PROD,2026-05-01,2026-06-01,Usage,2026-05-29,2026-05-30,18.955511759,47.31,Snowflake,AWS_US_EAST_1,TU_US_NONCREDIT_TRUAUDIENCE_PROD,SERVERLESS_TASK,SERVERLESS_TASK,TU_US_NONCREDIT_TRUAUDIENCE_PROD,TU_US_NONCREDIT_TRUAUDIENCE_PROD,"{""environment"":""Production"",""team"":""TruAudience""}"
TU_US_NONCREDIT_TRUAUDIENCE_PROD,TU_US_NONCREDIT_TRUAUDIENCE_PROD,2026-05-01,2026-06-01,Usage,2026-05-29,2026-05-30,2.978505032,7.09,Snowflake,AWS_US_EAST_1,TU_US_NONCREDIT_TRUAUDIENCE_PROD,AUTO_CLUSTERING,AUTO_CLUSTERING,TU_US_NONCREDIT_TRUAUDIENCE_PROD,TU_US_NONCREDIT_TRUAUDIENCE_PROD,"{""environment"":""Production"",""team"":""TruAudience""}"
TU_US_NONCREDIT_TRUAUDIENCE_PROD,TU_US_NONCREDIT_TRUAUDIENCE_PROD,2026-05-01,2026-06-01,Usage,2026-05-29,2026-05-30,1.818127984,4.44,Snowflake,AWS_US_EAST_1,TU_US_NONCREDIT_TRUAUDIENCE_PROD,TRUST_CENTER,TRUST_CENTER,TU_US_NONCREDIT_TRUAUDIENCE_PROD,TU_US_NONCREDIT_TRUAUDIENCE_PROD,"{""environment"":""Production"",""team"":""TruAudience""}"
TU_US_NONCREDIT_TRUAUDIENCE_PROD,TU_US_NONCREDIT_TRUAUDIENCE_PROD,2026-05-01,2026-06-01,Usage,2026-05-29,2026-05-30,0.014642606,0.04,Snowflake,AWS_US_EAST_1,TU_US_NONCREDIT_TRUAUDIENCE_PROD,TELEMETRY_DATA_INGEST,TELEMETRY_DATA_INGEST,TU_US_NONCREDIT_TRUAUDIENCE_PROD,TU_US_NONCREDIT_TRUAUDIENCE_PROD,"{""environment"":""Production"",""team"":""TruAudience""}"
TU_US_NONCREDIT_TRUAUDIENCE_PROD,TU_US_NONCREDIT_TRUAUDIENCE_PROD,2026-05-01,2026-06-01,Usage,2026-05-29,2026-05-30,0.012409444,0.03,Snowflake,AWS_US_EAST_1,TU_US_NONCREDIT_TRUAUDIENCE_PROD,COPY_FILES,COPY_FILES,TU_US_NONCREDIT_TRUAUDIENCE_PROD,TU_US_NONCREDIT_TRUAUDIENCE_PROD,"{""environment"":""Production"",""team"":""TruAudience""}"
TU_US_NONCREDIT_TRUAUDIENCE_PROD,TU_US_NONCREDIT_TRUAUDIENCE_PROD,2026-05-01,2026-06-01,Usage,2026-05-29,2026-05-30,0.000811140,0.00,Snowflake,AWS_US_EAST_1,TU_US_NONCREDIT_TRUAUDIENCE_PROD,AI_INFERENCE,AI_INFERENCE,TU_US_NONCREDIT_TRUAUDIENCE_PROD,TU_US_NONCREDIT_TRUAUDIENCE_PROD,"{""environment"":""Production"",""team"":""TruAudience""}"
TU_US_NONCREDIT_TRUAUDIENCE_PROD,TU_US_NONCREDIT_TRUAUDIENCE_PROD,2026-05-01,2026-06-01,Usage,2026-05-28,2026-05-29,198.321433124,487.87,Snowflake,AWS_US_EAST_1,TU_US_NONCREDIT_TRUAUDIENCE_PROD,WAREHOUSE_METERING,WAREHOUSE_METERING,TU_US_NONCREDIT_TRUAUDIENCE_PROD,TU_US_NONCREDIT_TRUAUDIENCE_PROD,"{""environment"":""Production"",""team"":""TruAudience""}"
TU_US_NONCREDIT_TRUAUDIENCE_PROD,TU_US_NONCREDIT_TRUAUDIENCE_PROD,2026-05-01,2026-06-01,Usage,2026-05-28,2026-05-29,18.024720512,44.99,Snowflake,AWS_US_EAST_1,TU_US_NONCREDIT_TRUAUDIENCE_PROD,SERVERLESS_TASK,SERVERLESS_TASK,TU_US_NONCREDIT_TRUAUDIENCE_PROD,TU_US_NONCREDIT_TRUAUDIENCE_PROD,"{""environment"":""Production"",""team"":""TruAudience""}"
TU_US_NONCREDIT_TRUAUDIENCE_PROD,TU_US_NONCREDIT_TRUAUDIENCE_PROD,2026-05-01,2026-06-01,Usage,2026-05-28,2026-05-29,1.677461408,4.00,Snowflake,AWS_US_EAST_1,TU_US_NONCREDIT_TRUAUDIENCE_PROD,TRUST_CENTER,TRUST_CENTER,TU_US_NONCREDIT_TRUAUDIENCE_PROD,TU_US_NONCREDIT_TRUAUDIENCE_PROD,"{""environment"":""Production"",""team"":""TruAudience""}"
TU_US_NONCREDIT_TRUAUDIENCE_PROD,TU_US_NONCREDIT_TRUAUDIENCE_PROD,2026-05-01,2026-06-01,Usage,2026-05-28,2026-05-29,0.010909310,0.03,Snowflake,AWS_US_EAST_1,TU_US_NONCREDIT_TRUAUDIENCE_PROD,AUTO_CLUSTERING,AUTO_CLUSTERING,TU_US_NONCREDIT_TRUAUDIENCE_PROD,TU_US_NONCREDIT_TRUAUDIENCE_PROD,"{""environment"":""Production"",""team"":""TruAudience""}"
TU_US_NONCREDIT_TRUAUDIENCE_PROD,TU_US_NONCREDIT_TRUAUDIENCE_PROD,2026-05-01,2026-06-01,Usage,2026-05-28,2026-05-29,0.008267135,0.02,Snowflake,AWS_US_EAST_1,TU_US_NONCREDIT_TRUAUDIENCE_PROD,TELEMETRY_DATA_INGEST,TELEMETRY_DATA_INGEST,TU_US_NONCREDIT_TRUAUDIENCE_PROD,TU_US_NONCREDIT_TRUAUDIENCE_PROD,"{""environment"":""Production"",""team"":""TruAudience""}"
TU_US_NONCREDIT_TRUAUDIENCE_PROD,TU_US_NONCREDIT_TRUAUDIENCE_PROD,2026-05-01,2026-06-01,Usage,2026-05-28,2026-05-29,0.005970000,0.01,Snowflake,AWS_US_EAST_1,TU_US_NONCREDIT_TRUAUDIENCE_PROD,COPY_FILES,COPY_FILES,TU_US_NONCREDIT_TRUAUDIENCE_PROD,TU_US_NONCREDIT_TRUAUDIENCE_PROD,"{""environment"":""Production"",""team"":""TruAudience""}"
TU_US_NONCREDIT_TRUAUDIENCE_PROD,TU_US_NONCREDIT_TRUAUDIENCE_PROD,2026-05-01,2026-06-01,Usage,2026-05-27,2026-05-28,164.666318374,399.94,Snowflake,AWS_US_EAST_1,TU_US_NONCREDIT_TRUAUDIENCE_PROD,WAREHOUSE_METERING,WAREHOUSE_METERING,TU_US_NONCREDIT_TRUAUDIENCE_PROD,TU_US_NONCREDIT_TRUAUDIENCE_PROD,"{""environment"":""Production"",""team"":""TruAudience""}"
TU_US_NONCREDIT_TRUAUDIENCE_PROD,TU_US_NONCREDIT_TRUAUDIENCE_PROD,2026-05-01,2026-06-01,Usage,2026-05-27,2026-05-28,15.967262828,39.28,Snowflake,AWS_US_EAST_1,TU_US_NONCREDIT_TRUAUDIENCE_PROD,SERVERLESS_TASK,SERVERLESS_TASK,TU_US_NONCREDIT_TRUAUDIENCE_PROD,TU_US_NONCREDIT_TRUAUDIENCE_PROD,"{""environment"":""Production"",""team"":""TruAudience""}"
TU_US_NONCREDIT_TRUAUDIENCE_PROD,TU_US_NONCREDIT_TRUAUDIENCE_PROD,2026-05-01,2026-06-01,Usage,2026-05-27,2026-05-28,1.660267191,4.14,Snowflake,AWS_US_EAST_1,TU_US_NONCREDIT_TRUAUDIENCE_PROD,TRUST_CENTER,TRUST_CENTER,TU_US_NONCREDIT_TRUAUDIENCE_PROD,TU_US_NONCREDIT_TRUAUDIENCE_PROD,"{""environment"":""Production"",""team"":""TruAudience""}"
TU_US_NONCREDIT_TRUAUDIENCE_PROD,TU_US_NONCREDIT_TRUAUDIENCE_PROD,2026-05-01,2026-06-01,Usage,2026-05-27,2026-05-28,0.014058378,0.03,Snowflake,AWS_US_EAST_1,TU_US_NONCREDIT_TRUAUDIENCE_PROD,AUTO_CLUSTERING,AUTO_CLUSTERING,TU_US_NONCREDIT_TRUAUDIENCE_PROD,TU_US_NONCREDIT_TRUAUDIENCE_PROD,"{""environment"":""Production"",""team"":""TruAudience""}"
TU_US_NONCREDIT_TRUAUDIENCE_PROD,TU_US_NONCREDIT_TRUAUDIENCE_PROD,2026-05-01,2026-06-01,Usage,2026-05-27,2026-05-28,0.005818888,0.01,Snowflake,AWS_US_EAST_1,TU_US_NONCREDIT_TRUAUDIENCE_PROD,COPY_FILES,COPY_FILES,TU_US_NONCREDIT_TRUAUDIENCE_PROD,TU_US_NONCREDIT_TRUAUDIENCE_PROD,"{""environment"":""Production"",""team"":""TruAudience""}"
TU_US_NONCREDIT_TRUAUDIENCE_PROD,TU_US_NONCREDIT_TRUAUDIENCE_PROD,2026-05-01,2026-06-01,Usage,2026-05-27,2026-05-28,0.001953484,0.00,Snowflake,AWS_US_EAST_1,TU_US_NONCREDIT_TRUAUDIENCE_PROD,TELEMETRY_DATA_INGEST,TELEMETRY_DATA_INGEST,TU_US_NONCREDIT_TRUAUDIENCE_PROD,TU_US_NONCREDIT_TRUAUDIENCE_PROD,"{""environment"":""Production"",""team"":""TruAudience""}"
TU_US_NONCREDIT_TRUAUDIENCE_PROD,TU_US_NONCREDIT_TRUAUDIENCE_PROD,2026-05-01,2026-06-01,Usage,2026-05-26,2026-05-27,330.091811498,780.34,Snowflake,AWS_US_EAST_1,TU_US_NONCREDIT_TRUAUDIENCE_PROD,WAREHOUSE_METERING,WAREHOUSE_METERING,TU_US_NONCREDIT_TRUAUDIENCE_PROD,TU_US_NONCREDIT_TRUAUDIENCE_PROD,"{""environment"":""Production"",""team"":""TruAudience""}"
TU_US_NONCREDIT_TRUAUDIENCE_PROD,TU_US_NONCREDIT_TRUAUDIENCE_PROD,2026-05-01,2026-06-01,Usage,2026-05-26,2026-05-27,17.833177835,43.31,Snowflake,AWS_US_EAST_1,TU_US_NONCREDIT_TRUAUDIENCE_PROD,SERVERLESS_TASK,SERVERLESS_TASK,TU_US_NONCREDIT_TRUAUDIENCE_PROD,TU_US_NONCREDIT_TRUAUDIENCE_PROD,"{""environment"":""Production"",""team"":""TruAudience""}"
TU_US_NONCREDIT_TRUAUDIENCE_PROD,TU_US_NONCREDIT_TRUAUDIENCE_PROD,2026-05-01,2026-06-01,Usage,2026-05-26,2026-05-27,1.918203296,4.72,Snowflake,AWS_US_EAST_1,TU_US_NONCREDIT_TRUAUDIENCE_PROD,TRUST_CENTER,TRUST_CENTER,TU_US_NONCREDIT_TRUAUDIENCE_PROD,TU_US_NONCREDIT_TRUAUDIENCE_PROD,"{""environment"":""Production"",""team"":""TruAudience""}"
TU_US_NONCREDIT_TRUAUDIENCE_PROD,TU_US_NONCREDIT_TRUAUDIENCE_PROD,2026-05-01,2026-06-01,Usage,2026-05-26,2026-05-27,0.010938488,0.03,Snowflake,AWS_US_EAST_1,TU_US_NONCREDIT_TRUAUDIENCE_PROD,AUTO_CLUSTERING,AUTO_CLUSTERING,TU_US_NONCREDIT_TRUAUDIENCE_PROD,TU_US_NONCREDIT_TRUAUDIENCE_PROD,"{""environment"":""Production"",""team"":""TruAudience""}"
TU_US_NONCREDIT_TRUAUDIENCE_PROD,TU_US_NONCREDIT_TRUAUDIENCE_PROD,2026-05-01,2026-06-01,Usage,2026-05-26,2026-05-27,0.010854444,0.03,Snowflake,AWS_US_EAST_1,TU_US_NONCREDIT_TRUAUDIENCE_PROD,COPY_FILES,COPY_FILES,TU_US_NONCREDIT_TRUAUDIENCE_PROD,TU_US_NONCREDIT_TRUAUDIENCE_PROD,"{""environment"":""Production"",""team"":""TruAudience""}"
TU_US_NONCREDIT_TRUAUDIENCE_PROD,TU_US_NONCREDIT_TRUAUDIENCE_PROD,2026-05-01,2026-06-01,Usage,2026-05-26,2026-05-27,0.000105270,0.00,Snowflake,AWS_US_EAST_1,TU_US_NONCREDIT_TRUAUDIENCE_PROD,AI_INFERENCE,AI_INFERENCE,TU_US_NONCREDIT_TRUAUDIENCE_PROD,TU_US_NONCREDIT_TRUAUDIENCE_PROD,"{""environment"":""Production"",""team"":""TruAudience""}"
TU_US_NONCREDIT_TRUAUDIENCE_PROD,TU_US_NONCREDIT_TRUAUDIENCE_PROD,2026-05-01,2026-06-01,Usage,2026-05-26,2026-05-27,0.002002097,0.00,Snowflake,AWS_US_EAST_1,TU_US_NONCREDIT_TRUAUDIENCE_PROD,TELEMETRY_DATA_INGEST,TELEMETRY_DATA_INGEST,TU_US_NONCREDIT_TRUAUDIENCE_PROD,TU_US_NONCREDIT_TRUAUDIENCE_PROD,"{""environment"":""Production"",""team"":""TruAudience""}"
TU_US_NONCREDIT_TRUAUDIENCE_PROD,TU_US_NONCREDIT_TRUAUDIENCE_PROD,2026-05-01,2026-06-01,Usage,2026-05-25,2026-05-26,214.706297481,507.57,Snowflake,AWS_US_EAST_1,TU_US_NONCREDIT_TRUAUDIENCE_PROD,WAREHOUSE_METERING,WAREHOUSE_METERING,TU_US_NONCREDIT_TRUAUDIENCE_PROD,TU_US_NONCREDIT_TRUAUDIENCE_PROD,"{""environment"":""Production"",""team"":""TruAudience""}"
TU_US_NONCREDIT_TRUAUDIENCE_PROD,TU_US_NONCREDIT_TRUAUDIENCE_PROD,2026-05-01,2026-06-01,Usage,2026-05-25,2026-05-26,31.206372431,75.80,Snowflake,AWS_US_EAST_1,TU_US_NONCREDIT_TRUAUDIENCE_PROD,SERVERLESS_TASK,SERVERLESS_TASK,TU_US_NONCREDIT_TRUAUDIENCE_PROD,TU_US_NONCREDIT_TRUAUDIENCE_PROD,"{""environment"":""Production"",""team"":""TruAudience""}"
TU_US_NONCREDIT_TRUAUDIENCE_PROD,TU_US_NONCREDIT_TRUAUDIENCE_PROD,2026-05-01,2026-06-01,Usage,2026-05-25,2026-05-26,1.965556013,4.84,Snowflake,AWS_US_EAST_1,TU_US_NONCREDIT_TRUAUDIENCE_PROD,TRUST_CENTER,TRUST_CENTER,TU_US_NONCREDIT_TRUAUDIENCE_PROD,TU_US_NONCREDIT_TRUAUDIENCE_PROD,"{""environment"":""Production"",""team"":""TruAudience""}"
TU_US_NONCREDIT_TRUAUDIENCE_PROD,TU_US_NONCREDIT_TRUAUDIENCE_PROD,2026-05-01,2026-06-01,Usage,2026-05-25,2026-05-26,0.012285947,0.03,Snowflake,AWS_US_EAST_1,TU_US_NONCREDIT_TRUAUDIENCE_PROD,AUTO_CLUSTERING,AUTO_CLUSTERING,TU_US_NONCREDIT_TRUAUDIENCE_PROD,TU_US_NONCREDIT_TRUAUDIENCE_PROD,"{""environment"":""Production"",""team"":""TruAudience""}"
TU_US_NONCREDIT_TRUAUDIENCE_PROD,TU_US_NONCREDIT_TRUAUDIENCE_PROD,2026-05-01,2026-06-01,Usage,2026-05-25,2026-05-26,0.008378978,0.02,Snowflake,AWS_US_EAST_1,TU_US_NONCREDIT_TRUAUDIENCE_PROD,TELEMETRY_DATA_INGEST,TELEMETRY_DATA_INGEST,TU_US_NONCREDIT_TRUAUDIENCE_PROD,TU_US_NONCREDIT_TRUAUDIENCE_PROD,"{""environment"":""Production"",""team"":""TruAudience""}"
TU_US_NONCREDIT_TRUAUDIENCE_PROD,TU_US_NONCREDIT_TRUAUDIENCE_PROD,2026-05-01,2026-06-01,Usage,2026-05-25,2026-05-26,0.007998889,0.02,Snowflake,AWS_US_EAST_1,TU_US_NONCREDIT_TRUAUDIENCE_PROD,COPY_FILES,COPY_FILES,TU_US_NONCREDIT_TRUAUDIENCE_PROD,TU_US_NONCREDIT_TRUAUDIENCE_PROD,"{""environment"":""Production"",""team"":""TruAudience""}"
TU_US_NONCREDIT_TRUAUDIENCE_PROD,TU_US_NONCREDIT_TRUAUDIENCE_PROD,2026-05-01,2026-06-01,Usage,2026-05-25,2026-05-26,0.000060060,0.00,Snowflake,AWS_US_EAST_1,TU_US_NONCREDIT_TRUAUDIENCE_PROD,AI_INFERENCE,AI_INFERENCE,TU_US_NONCREDIT_TRUAUDIENCE_PROD,TU_US_NONCREDIT_TRUAUDIENCE_PROD,"{""environment"":""Production"",""team"":""TruAudience""}"
TU_US_NONCREDIT_TRUAUDIENCE_PROD,TU_US_NONCREDIT_TRUAUDIENCE_PROD,2026-05-01,2026-06-01,Usage,2026-05-24,2026-05-25,667.022484850,1576.84,Snowflake,AWS_US_EAST_1,TU_US_NONCREDIT_TRUAUDIENCE_PROD,WAREHOUSE_METERING,WAREHOUSE_METERING,TU_US_NONCREDIT_TRUAUDIENCE_PROD,TU_US_NONCREDIT_TRUAUDIENCE_PROD,"{""environment"":""Production"",""team"":""TruAudience""}"
TU_US_NONCREDIT_TRUAUDIENCE_PROD,TU_US_NONCREDIT_TRUAUDIENCE_PROD,2026-05-01,2026-06-01,Usage,2026-05-24,2026-05-25,32.316693363,78.49,Snowflake,AWS_US_EAST_1,TU_US_NONCREDIT_TRUAUDIENCE_PROD,SERVERLESS_TASK,SERVERLESS_TASK,TU_US_NONCREDIT_TRUAUDIENCE_PROD,TU_US_NONCREDIT_TRUAUDIENCE_PROD,"{""environment"":""Production"",""team"":""TruAudience""}"
TU_US_NONCREDIT_TRUAUDIENCE_PROD,TU_US_NONCREDIT_TRUAUDIENCE_PROD,2026-05-01,2026-06-01,Usage,2026-05-24,2026-05-25,2.138943528,5.26,Snowflake,AWS_US_EAST_1,TU_US_NONCREDIT_TRUAUDIENCE_PROD,TRUST_CENTER,TRUST_CENTER,TU_US_NONCREDIT_TRUAUDIENCE_PROD,TU_US_NONCREDIT_TRUAUDIENCE_PROD,"{""environment"":""Production"",""team"":""TruAudience""}"
TU_US_NONCREDIT_TRUAUDIENCE_PROD,TU_US_NONCREDIT_TRUAUDIENCE_PROD,2026-05-01,2026-06-01,Usage,2026-05-24,2026-05-25,0.027605765,0.07,Snowflake,AWS_US_EAST_1,TU_US_NONCREDIT_TRUAUDIENCE_PROD,AUTO_CLUSTERING,AUTO_CLUSTERING,TU_US_NONCREDIT_TRUAUDIENCE_PROD,TU_US_NONCREDIT_TRUAUDIENCE_PROD,"{""environment"":""Production"",""team"":""TruAudience""}"
TU_US_NONCREDIT_TRUAUDIENCE_PROD,TU_US_NONCREDIT_TRUAUDIENCE_PROD,2026-05-01,2026-06-01,Usage,2026-05-24,2026-05-25,0.021571666,0.05,Snowflake,AWS_US_EAST_1,TU_US_NONCREDIT_TRUAUDIENCE_PROD,COPY_FILES,COPY_FILES,TU_US_NONCREDIT_TRUAUDIENCE_PROD,TU_US_NONCREDIT_TRUAUDIENCE_PROD,"{""environment"":""Production"",""team"":""TruAudience""}"
TU_US_NONCREDIT_TRUAUDIENCE_PROD,TU_US_NONCREDIT_TRUAUDIENCE_PROD,2026-05-01,2026-06-01,Usage,2026-05-24,2026-05-25,0.008446611,0.02,Snowflake,AWS_US_EAST_1,TU_US_NONCREDIT_TRUAUDIENCE_PROD,TELEMETRY_DATA_INGEST,TELEMETRY_DATA_INGEST,TU_US_NONCREDIT_TRUAUDIENCE_PROD,TU_US_NONCREDIT_TRUAUDIENCE_PROD,"{""environment"":""Production"",""team"":""TruAudience""}"
TU_US_NONCREDIT_TRUAUDIENCE_PROD,TU_US_NONCREDIT_TRUAUDIENCE_PROD,2026-05-01,2026-06-01,Usage,2026-05-23,2026-05-24,415.444075753,967.16,Snowflake,AWS_US_EAST_1,TU_US_NONCREDIT_TRUAUDIENCE_PROD,WAREHOUSE_METERING,WAREHOUSE_METERING,TU_US_NONCREDIT_TRUAUDIENCE_PROD,TU_US_NONCREDIT_TRUAUDIENCE_PROD,"{""environment"":""Production"",""team"":""TruAudience""}"
TU_US_NONCREDIT_TRUAUDIENCE_PROD,TU_US_NONCREDIT_TRUAUDIENCE_PROD,2026-05-01,2026-06-01,Usage,2026-05-23,2026-05-24,84.439047166,199.61,Snowflake,AWS_US_EAST_1,TU_US_NONCREDIT_TRUAUDIENCE_PROD,AUTO_CLUSTERING,AUTO_CLUSTERING,TU_US_NONCREDIT_TRUAUDIENCE_PROD,TU_US_NONCREDIT_TRUAUDIENCE_PROD,"{""environment"":""Production"",""team"":""TruAudience""}"
TU_US_NONCREDIT_TRUAUDIENCE_PROD,TU_US_NONCREDIT_TRUAUDIENCE_PROD,2026-05-01,2026-06-01,Usage,2026-05-23,2026-05-24,27.572068496,66.96,Snowflake,AWS_US_EAST_1,TU_US_NONCREDIT_TRUAUDIENCE_PROD,SERVERLESS_TASK,SERVERLESS_TASK,TU_US_NONCREDIT_TRUAUDIENCE_PROD,TU_US_NONCREDIT_TRUAUDIENCE_PROD,"{""environment"":""Production"",""team"":""TruAudience""}"
TU_US_NONCREDIT_TRUAUDIENCE_PROD,TU_US_NONCREDIT_TRUAUDIENCE_PROD,2026-05-01,2026-06-01,Usage,2026-05-23,2026-05-24,2.077812423,5.11,Snowflake,AWS_US_EAST_1,TU_US_NONCREDIT_TRUAUDIENCE_PROD,TRUST_CENTER,TRUST_CENTER,TU_US_NONCREDIT_TRUAUDIENCE_PROD,TU_US_NONCREDIT_TRUAUDIENCE_PROD,"{""environment"":""Production"",""team"":""TruAudience""}"
TU_US_NONCREDIT_TRUAUDIENCE_PROD,TU_US_NONCREDIT_TRUAUDIENCE_PROD,2026-05-01,2026-06-01,Usage,2026-05-23,2026-05-24,0.031227223,0.07,Snowflake,AWS_US_EAST_1,TU_US_NONCREDIT_TRUAUDIENCE_PROD,COPY_FILES,COPY_FILES,TU_US_NONCREDIT_TRUAUDIENCE_PROD,TU_US_NONCREDIT_TRUAUDIENCE_PROD,"{""environment"":""Production"",""team"":""TruAudience""}"
TU_US_NONCREDIT_TRUAUDIENCE_PROD,TU_US_NONCREDIT_TRUAUDIENCE_PROD,2026-05-01,2026-06-01,Usage,2026-05-23,2026-05-24,0.000431970,0.00,Snowflake,AWS_US_EAST_1,TU_US_NONCREDIT_TRUAUDIENCE_PROD,AI_INFERENCE,AI_INFERENCE,TU_US_NONCREDIT_TRUAUDIENCE_PROD,TU_US_NONCREDIT_TRUAUDIENCE_PROD,"{""environment"":""Production"",""team"":""TruAudience""}"
TU_US_NONCREDIT_TRUAUDIENCE_PROD,TU_US_NONCREDIT_TRUAUDIENCE_PROD,2026-05-01,2026-06-01,Usage,2026-05-23,2026-05-24,0.000111112,0.00,Snowflake,AWS_US_EAST_1,TU_US_NONCREDIT_TRUAUDIENCE_PROD,PIPE,PIPE,TU_US_NONCREDIT_TRUAUDIENCE_PROD,TU_US_NONCREDIT_TRUAUDIENCE_PROD,"{""environment"":""Production"",""team"":""TruAudience""}"
TU_US_NONCREDIT_TRUAUDIENCE_PROD,TU_US_NONCREDIT_TRUAUDIENCE_PROD,2026-05-01,2026-06-01,Usage,2026-05-23,2026-05-24,0.002081649,0.00,Snowflake,AWS_US_EAST_1,TU_US_NONCREDIT_TRUAUDIENCE_PROD,TELEMETRY_DATA_INGEST,TELEMETRY_DATA_INGEST,TU_US_NONCREDIT_TRUAUDIENCE_PROD,TU_US_NONCREDIT_TRUAUDIENCE_PROD,"{""environment"":""Production"",""team"":""TruAudience""}"
TU_US_NONCREDIT_TRUAUDIENCE_PROD,TU_US_NONCREDIT_TRUAUDIENCE_PROD,2026-05-01,2026-06-01,Usage,2026-05-22,2026-05-23,364.494541593,861.67,Snowflake,AWS_US_EAST_1,TU_US_NONCREDIT_TRUAUDIENCE_PROD,WAREHOUSE_METERING,WAREHOUSE_METERING,TU_US_NONCREDIT_TRUAUDIENCE_PROD,TU_US_NONCREDIT_TRUAUDIENCE_PROD,"{""environment"":""Production"",""team"":""TruAudience""}"
TU_US_NONCREDIT_TRUAUDIENCE_PROD,TU_US_NONCREDIT_TRUAUDIENCE_PROD,2026-05-01,2026-06-01,Usage,2026-05-22,2026-05-23,28.243925781,68.60,Snowflake,AWS_US_EAST_1,TU_US_NONCREDIT_TRUAUDIENCE_PROD,SERVERLESS_TASK,SERVERLESS_TASK,TU_US_NONCREDIT_TRUAUDIENCE_PROD,TU_US_NONCREDIT_TRUAUDIENCE_PROD,"{""environment"":""Production"",""team"":""TruAudience""}"
TU_US_NONCREDIT_TRUAUDIENCE_PROD,TU_US_NONCREDIT_TRUAUDIENCE_PROD,2026-05-01,2026-06-01,Usage,2026-05-22,2026-05-23,2.876827821,7.07,Snowflake,AWS_US_EAST_1,TU_US_NONCREDIT_TRUAUDIENCE_PROD,AUTO_CLUSTERING,AUTO_CLUSTERING,TU_US_NONCREDIT_TRUAUDIENCE_PROD,TU_US_NONCREDIT_TRUAUDIENCE_PROD,"{""environment"":""Production"",""team"":""TruAudience""}"
TU_US_NONCREDIT_TRUAUDIENCE_PROD,TU_US_NONCREDIT_TRUAUDIENCE_PROD,2026-05-01,2026-06-01,Usage,2026-05-22,2026-05-23,1.886240232,4.71,Snowflake,AWS_US_EAST_1,TU_US_NONCREDIT_TRUAUDIENCE_PROD,TRUST_CENTER,TRUST_CENTER,TU_US_NONCREDIT_TRUAUDIENCE_PROD,TU_US_NONCREDIT_TRUAUDIENCE_PROD,"{""environment"":""Production"",""team"":""TruAudience""}"
TU_US_NONCREDIT_TRUAUDIENCE_PROD,TU_US_NONCREDIT_TRUAUDIENCE_PROD,2026-05-01,2026-06-01,Usage,2026-05-22,2026-05-23,0.042135000,0.10,Snowflake,AWS_US_EAST_1,TU_US_NONCREDIT_TRUAUDIENCE_PROD,COPY_FILES,COPY_FILES,TU_US_NONCREDIT_TRUAUDIENCE_PROD,TU_US_NONCREDIT_TRUAUDIENCE_PROD,"{""environment"":""Production"",""team"":""TruAudience""}"
TU_US_NONCREDIT_TRUAUDIENCE_PROD,TU_US_NONCREDIT_TRUAUDIENCE_PROD,2026-05-01,2026-06-01,Usage,2026-05-22,2026-05-23,0.002101155,0.01,Snowflake,AWS_US_EAST_1,TU_US_NONCREDIT_TRUAUDIENCE_PROD,TELEMETRY_DATA_INGEST,TELEMETRY_DATA_INGEST,TU_US_NONCREDIT_TRUAUDIENCE_PROD,TU_US_NONCREDIT_TRUAUDIENCE_PROD,"{""environment"":""Production"",""team"":""TruAudience""}"
TU_US_NONCREDIT_TRUAUDIENCE_PROD,TU_US_NONCREDIT_TRUAUDIENCE_PROD,2026-05-01,2026-06-01,Usage,2026-05-22,2026-05-23,0.000225170,0.00,Snowflake,AWS_US_EAST_1,TU_US_NONCREDIT_TRUAUDIENCE_PROD,AI_INFERENCE,AI_INFERENCE,TU_US_NONCREDIT_TRUAUDIENCE_PROD,TU_US_NONCREDIT_TRUAUDIENCE_PROD,"{""environment"":""Production"",""team"":""TruAudience""}"
TU_US_NONCREDIT_TRUAUDIENCE_PROD,TU_US_NONCREDIT_TRUAUDIENCE_PROD,2026-05-01,2026-06-01,Usage,2026-05-21,2026-05-22,311.636648342,736.71,Snowflake,AWS_US_EAST_1,TU_US_NONCREDIT_TRUAUDIENCE_PROD,WAREHOUSE_METERING,WAREHOUSE_METERING,TU_US_NONCREDIT_TRUAUDIENCE_PROD,TU_US_NONCREDIT_TRUAUDIENCE_PROD,"{""environment"":""Production"",""team"":""TruAudience""}"
TU_US_NONCREDIT_TRUAUDIENCE_PROD,TU_US_NONCREDIT_TRUAUDIENCE_PROD,2026-05-01,2026-06-01,Usage,2026-05-21,2026-05-22,26.018453245,63.19,Snowflake,AWS_US_EAST_1,TU_US_NONCREDIT_TRUAUDIENCE_PROD,SERVERLESS_TASK,SERVERLESS_TASK,TU_US_NONCREDIT_TRUAUDIENCE_PROD,TU_US_NONCREDIT_TRUAUDIENCE_PROD,"{""environment"":""Production"",""team"":""TruAudience""}"
TU_US_NONCREDIT_TRUAUDIENCE_PROD,TU_US_NONCREDIT_TRUAUDIENCE_PROD,2026-05-01,2026-06-01,Usage,2026-05-21,2026-05-22,1.601976433,3.94,Snowflake,AWS_US_EAST_1,TU_US_NONCREDIT_TRUAUDIENCE_PROD,TRUST_CENTER,TRUST_CENTER,TU_US_NONCREDIT_TRUAUDIENCE_PROD,TU_US_NONCREDIT_TRUAUDIENCE_PROD,"{""environment"":""Production"",""team"":""TruAudience""}"
TU_US_NONCREDIT_TRUAUDIENCE_PROD,TU_US_NONCREDIT_TRUAUDIENCE_PROD,2026-05-01,2026-06-01,Usage,2026-05-21,2026-05-22,0.012987118,0.03,Snowflake,AWS_US_EAST_1,TU_US_NONCREDIT_TRUAUDIENCE_PROD,AUTO_CLUSTERING,AUTO_CLUSTERING,TU_US_NONCREDIT_TRUAUDIENCE_PROD,TU_US_NONCREDIT_TRUAUDIENCE_PROD,"{""environment"":""Production"",""team"":""TruAudience""}"
TU_US_NONCREDIT_TRUAUDIENCE_PROD,TU_US_NONCREDIT_TRUAUDIENCE_PROD,2026-05-01,2026-06-01,Usage,2026-05-21,2026-05-22,0.002056622,0.00,Snowflake,AWS_US_EAST_1,TU_US_NONCREDIT_TRUAUDIENCE_PROD,TELEMETRY_DATA_INGEST,TELEMETRY_DATA_INGEST,TU_US_NONCREDIT_TRUAUDIENCE_PROD,TU_US_NONCREDIT_TRUAUDIENCE_PROD,"{""environment"":""Production"",""team"":""TruAudience""}"
TU_US_NONCREDIT_TRUAUDIENCE_PROD,TU_US_NONCREDIT_TRUAUDIENCE_PROD,2026-05-01,2026-06-01,Usage,2026-05-20,2026-05-21,171.011440301,417.82,Snowflake,AWS_US_EAST_1,TU_US_NONCREDIT_TRUAUDIENCE_PROD,WAREHOUSE_METERING,WAREHOUSE_METERING,TU_US_NONCREDIT_TRUAUDIENCE_PROD,TU_US_NONCREDIT_TRUAUDIENCE_PROD,"{""environment"":""Production"",""team"":""TruAudience""}"
TU_US_NONCREDIT_TRUAUDIENCE_PROD,TU_US_NONCREDIT_TRUAUDIENCE_PROD,2026-05-01,2026-06-01,Usage,2026-05-20,2026-05-21,26.439408827,61.55,Snowflake,AWS_US_EAST_1,TU_US_NONCREDIT_TRUAUDIENCE_PROD,SERVERLESS_TASK,SERVERLESS_TASK,TU_US_NONCREDIT_TRUAUDIENCE_PROD,TU_US_NONCREDIT_TRUAUDIENCE_PROD,"{""environment"":""Production"",""team"":""TruAudience""}"
TU_US_NONCREDIT_TRUAUDIENCE_PROD,TU_US_NONCREDIT_TRUAUDIENCE_PROD,2026-05-01,2026-06-01,Usage,2026-05-20,2026-05-21,1.724182875,4.08,Snowflake,AWS_US_EAST_1,TU_US_NONCREDIT_TRUAUDIENCE_PROD,TRUST_CENTER,TRUST_CENTER,TU_US_NONCREDIT_TRUAUDIENCE_PROD,TU_US_NONCREDIT_TRUAUDIENCE_PROD,"{""environment"":""Production"",""team"":""TruAudience""}"
TU_US_NONCREDIT_TRUAUDIENCE_PROD,TU_US_NONCREDIT_TRUAUDIENCE_PROD,2026-05-01,2026-06-01,Usage,2026-05-20,2026-05-21,1.572666667,3.82,Snowflake,AWS_US_EAST_1,TU_US_NONCREDIT_TRUAUDIENCE_PROD,PIPE,PIPE,TU_US_NONCREDIT_TRUAUDIENCE_PROD,TU_US_NONCREDIT_TRUAUDIENCE_PROD,"{""environment"":""Production"",""team"":""TruAudience""}"
TU_US_NONCREDIT_TRUAUDIENCE_PROD,TU_US_NONCREDIT_TRUAUDIENCE_PROD,2026-05-01,2026-06-01,Usage,2026-05-20,2026-05-21,0.012097530,0.03,Snowflake,AWS_US_EAST_1,TU_US_NONCREDIT_TRUAUDIENCE_PROD,AUTO_CLUSTERING,AUTO_CLUSTERING,TU_US_NONCREDIT_TRUAUDIENCE_PROD,TU_US_NONCREDIT_TRUAUDIENCE_PROD,"{""environment"":""Production"",""team"":""TruAudience""}"
TU_US_NONCREDIT_TRUAUDIENCE_PROD,TU_US_NONCREDIT_TRUAUDIENCE_PROD,2026-05-01,2026-06-01,Usage,2026-05-20,2026-05-21,0.002062553,0.00,Snowflake,AWS_US_EAST_1,TU_US_NONCREDIT_TRUAUDIENCE_PROD,TELEMETRY_DATA_INGEST,TELEMETRY_DATA_INGEST,TU_US_NONCREDIT_TRUAUDIENCE_PROD,TU_US_NONCREDIT_TRUAUDIENCE_PROD,"{""environment"":""Production"",""team"":""TruAudience""}"
TU_US_NONCREDIT_TRUAUDIENCE_PROD,TU_US_NONCREDIT_TRUAUDIENCE_PROD,2026-05-01,2026-06-01,Usage,2026-05-19,2026-05-20,769.306508647,1831.57,Snowflake,AWS_US_EAST_1,TU_US_NONCREDIT_TRUAUDIENCE_PROD,WAREHOUSE_METERING,WAREHOUSE_METERING,TU_US_NONCREDIT_TRUAUDIENCE_PROD,TU_US_NONCREDIT_TRUAUDIENCE_PROD,"{""environment"":""Production"",""team"":""TruAudience""}"
TU_US_NONCREDIT_TRUAUDIENCE_PROD,TU_US_NONCREDIT_TRUAUDIENCE_PROD,2026-05-01,2026-06-01,Usage,2026-05-19,2026-05-20,24.730209418,60.42,Snowflake,AWS_US_EAST_1,TU_US_NONCREDIT_TRUAUDIENCE_PROD,SERVERLESS_TASK,SERVERLESS_TASK,TU_US_NONCREDIT_TRUAUDIENCE_PROD,TU_US_NONCREDIT_TRUAUDIENCE_PROD,"{""environment"":""Production"",""team"":""TruAudience""}"
TU_US_NONCREDIT_TRUAUDIENCE_PROD,TU_US_NONCREDIT_TRUAUDIENCE_PROD,2026-05-01,2026-06-01,Usage,2026-05-19,2026-05-20,1.890188807,4.40,Snowflake,AWS_US_EAST_1,TU_US_NONCREDIT_TRUAUDIENCE_PROD,TRUST_CENTER,TRUST_CENTER,TU_US_NONCREDIT_TRUAUDIENCE_PROD,TU_US_NONCREDIT_TRUAUDIENCE_PROD,"{""environment"":""Production"",""team"":""TruAudience""}"
TU_US_NONCREDIT_TRUAUDIENCE_PROD,TU_US_NONCREDIT_TRUAUDIENCE_PROD,2026-05-01,2026-06-01,Usage,2026-05-19,2026-05-20,0.014138653,0.03,Snowflake,AWS_US_EAST_1,TU_US_NONCREDIT_TRUAUDIENCE_PROD,AUTO_CLUSTERING,AUTO_CLUSTERING,TU_US_NONCREDIT_TRUAUDIENCE_PROD,TU_US_NONCREDIT_TRUAUDIENCE_PROD,"{""environment"":""Production"",""team"":""TruAudience""}"
TU_US_NONCREDIT_TRUAUDIENCE_PROD,TU_US_NONCREDIT_TRUAUDIENCE_PROD,2026-05-01,2026-06-01,Usage,2026-05-19,2026-05-20,0.010603890,0.03,Snowflake,AWS_US_EAST_1,TU_US_NONCREDIT_TRUAUDIENCE_PROD,COPY_FILES,COPY_FILES,TU_US_NONCREDIT_TRUAUDIENCE_PROD,TU_US_NONCREDIT_TRUAUDIENCE_PROD,"{""environment"":""Production"",""team"":""TruAudience""}"
TU_US_NONCREDIT_TRUAUDIENCE_PROD,TU_US_NONCREDIT_TRUAUDIENCE_PROD,2026-05-01,2026-06-01,Usage,2026-05-19,2026-05-20,0.002094279,0.01,Snowflake,AWS_US_EAST_1,TU_US_NONCREDIT_TRUAUDIENCE_PROD,TELEMETRY_DATA_INGEST,TELEMETRY_DATA_INGEST,TU_US_NONCREDIT_TRUAUDIENCE_PROD,TU_US_NONCREDIT_TRUAUDIENCE_PROD,"{""environment"":""Production"",""team"":""TruAudience""}"
TU_US_NONCREDIT_TRUAUDIENCE_PROD,TU_US_NONCREDIT_TRUAUDIENCE_PROD,2026-05-01,2026-06-01,Usage,2026-05-18,2026-05-19,290.114786011,724.13,Snowflake,AWS_US_EAST_1,TU_US_NONCREDIT_TRUAUDIENCE_PROD,WAREHOUSE_METERING,WAREHOUSE_METERING,TU_US_NONCREDIT_TRUAUDIENCE_PROD,TU_US_NONCREDIT_TRUAUDIENCE_PROD,"{""environment"":""Production"",""team"":""TruAudience""}"
TU_US_NONCREDIT_TRUAUDIENCE_PROD,TU_US_NONCREDIT_TRUAUDIENCE_PROD,2026-05-01,2026-06-01,Usage,2026-05-18,2026-05-19,31.690324117,75.45,Snowflake,AWS_US_EAST_1,TU_US_NONCREDIT_TRUAUDIENCE_PROD,SERVERLESS_TASK,SERVERLESS_TASK,TU_US_NONCREDIT_TRUAUDIENCE_PROD,TU_US_NONCREDIT_TRUAUDIENCE_PROD,"{""environment"":""Production"",""team"":""TruAudience""}"
TU_US_NONCREDIT_TRUAUDIENCE_PROD,TU_US_NONCREDIT_TRUAUDIENCE_PROD,2026-05-01,2026-06-01,Usage,2026-05-18,2026-05-19,3.097124374,7.56,Snowflake,AWS_US_EAST_1,TU_US_NONCREDIT_TRUAUDIENCE_PROD,AUTO_CLUSTERING,AUTO_CLUSTERING,TU_US_NONCREDIT_TRUAUDIENCE_PROD,TU_US_NONCREDIT_TRUAUDIENCE_PROD,"{""environment"":""Production"",""team"":""TruAudience""}"
TU_US_NONCREDIT_TRUAUDIENCE_PROD,TU_US_NONCREDIT_TRUAUDIENCE_PROD,2026-05-01,2026-06-01,Usage,2026-05-18,2026-05-19,1.885168578,4.38,Snowflake,AWS_US_EAST_1,TU_US_NONCREDIT_TRUAUDIENCE_PROD,TRUST_CENTER,TRUST_CENTER,TU_US_NONCREDIT_TRUAUDIENCE_PROD,TU_US_NONCREDIT_TRUAUDIENCE_PROD,"{""environment"":""Production"",""team"":""TruAudience""}"
TU_US_NONCREDIT_TRUAUDIENCE_PROD,TU_US_NONCREDIT_TRUAUDIENCE_PROD,2026-05-01,2026-06-01,Usage,2026-05-18,2026-05-19,0.013888333,0.03,Snowflake,AWS_US_EAST_1,TU_US_NONCREDIT_TRUAUDIENCE_PROD,COPY_FILES,COPY_FILES,TU_US_NONCREDIT_TRUAUDIENCE_PROD,TU_US_NONCREDIT_TRUAUDIENCE_PROD,"{""environment"":""Production"",""team"":""TruAudience""}"
TU_US_NONCREDIT_TRUAUDIENCE_PROD,TU_US_NONCREDIT_TRUAUDIENCE_PROD,2026-05-01,2026-06-01,Usage,2026-05-18,2026-05-19,0.002182280,0.01,Snowflake,AWS_US_EAST_1,TU_US_NONCREDIT_TRUAUDIENCE_PROD,TELEMETRY_DATA_INGEST,TELEMETRY_DATA_INGEST,TU_US_NONCREDIT_TRUAUDIENCE_PROD,TU_US_NONCREDIT_TRUAUDIENCE_PROD,"{""environment"":""Production"",""team"":""TruAudience""}"
TU_US_NONCREDIT_TRUAUDIENCE_PROD,TU_US_NONCREDIT_TRUAUDIENCE_PROD,2026-05-01,2026-06-01,Usage,2026-05-18,2026-05-19,0.000222420,0.00,Snowflake,AWS_US_EAST_1,TU_US_NONCREDIT_TRUAUDIENCE_PROD,AI_INFERENCE,AI_INFERENCE,TU_US_NONCREDIT_TRUAUDIENCE_PROD,TU_US_NONCREDIT_TRUAUDIENCE_PROD,"{""environment"":""Production"",""team"":""TruAudience""}"
TU_US_NONCREDIT_TRUAUDIENCE_PROD,TU_US_NONCREDIT_TRUAUDIENCE_PROD,2026-05-01,2026-06-01,Usage,2026-05-17,2026-05-18,440.188607038,1098.71,Snowflake,AWS_US_EAST_1,TU_US_NONCREDIT_TRUAUDIENCE_PROD,WAREHOUSE_METERING,WAREHOUSE_METERING,TU_US_NONCREDIT_TRUAUDIENCE_PROD,TU_US_NONCREDIT_TRUAUDIENCE_PROD,"{""environment"":""Production"",""team"":""TruAudience""}"
TU_US_NONCREDIT_TRUAUDIENCE_PROD,TU_US_NONCREDIT_TRUAUDIENCE_PROD,2026-05-01,2026-06-01,Usage,2026-05-17,2026-05-18,35.407244177,84.30,Snowflake,AWS_US_EAST_1,TU_US_NONCREDIT_TRUAUDIENCE_PROD,AUTO_CLUSTERING,AUTO_CLUSTERING,TU_US_NONCREDIT_TRUAUDIENCE_PROD,TU_US_NONCREDIT_TRUAUDIENCE_PROD,"{""environment"":""Production"",""team"":""TruAudience""}"
TU_US_NONCREDIT_TRUAUDIENCE_PROD,TU_US_NONCREDIT_TRUAUDIENCE_PROD,2026-05-01,2026-06-01,Usage,2026-05-17,2026-05-18,26.630341447,65.06,Snowflake,AWS_US_EAST_1,TU_US_NONCREDIT_TRUAUDIENCE_PROD,SERVERLESS_TASK,SERVERLESS_TASK,TU_US_NONCREDIT_TRUAUDIENCE_PROD,TU_US_NONCREDIT_TRUAUDIENCE_PROD,"{""environment"":""Production"",""team"":""TruAudience""}"
TU_US_NONCREDIT_TRUAUDIENCE_PROD,TU_US_NONCREDIT_TRUAUDIENCE_PROD,2026-05-01,2026-06-01,Usage,2026-05-17,2026-05-18,1.841835588,4.29,Snowflake,AWS_US_EAST_1,TU_US_NONCREDIT_TRUAUDIENCE_PROD,TRUST_CENTER,TRUST_CENTER,TU_US_NONCREDIT_TRUAUDIENCE_PROD,TU_US_NONCREDIT_TRUAUDIENCE_PROD,"{""environment"":""Production"",""team"":""TruAudience""}"
TU_US_NONCREDIT_TRUAUDIENCE_PROD,TU_US_NONCREDIT_TRUAUDIENCE_PROD,2026-05-01,2026-06-01,Usage,2026-05-17,2026-05-18,0.024383332,0.06,Snowflake,AWS_US_EAST_1,TU_US_NONCREDIT_TRUAUDIENCE_PROD,COPY_FILES,COPY_FILES,TU_US_NONCREDIT_TRUAUDIENCE_PROD,TU_US_NONCREDIT_TRUAUDIENCE_PROD,"{""environment"":""Production"",""team"":""TruAudience""}"
TU_US_NONCREDIT_TRUAUDIENCE_PROD,TU_US_NONCREDIT_TRUAUDIENCE_PROD,2026-05-01,2026-06-01,Usage,2026-05-17,2026-05-18,0.002133664,0.01,Snowflake,AWS_US_EAST_1,TU_US_NONCREDIT_TRUAUDIENCE_PROD,TELEMETRY_DATA_INGEST,TELEMETRY_DATA_INGEST,TU_US_NONCREDIT_TRUAUDIENCE_PROD,TU_US_NONCREDIT_TRUAUDIENCE_PROD,"{""environment"":""Production"",""team"":""TruAudience""}"
TU_US_NONCREDIT_TRUAUDIENCE_PROD,TU_US_NONCREDIT_TRUAUDIENCE_PROD,2026-05-01,2026-06-01,Usage,2026-05-17,2026-05-18,0.000175230,0.00,Snowflake,AWS_US_EAST_1,TU_US_NONCREDIT_TRUAUDIENCE_PROD,AI_INFERENCE,AI_INFERENCE,TU_US_NONCREDIT_TRUAUDIENCE_PROD,TU_US_NONCREDIT_TRUAUDIENCE_PROD,"{""environment"":""Production"",""team"":""TruAudience""}"
TU_US_NONCREDIT_TRUAUDIENCE_PROD,TU_US_NONCREDIT_TRUAUDIENCE_PROD,2026-05-01,2026-06-01,Usage,2026-05-16,2026-05-17,338.064204543,843.80,Snowflake,AWS_US_EAST_1,TU_US_NONCREDIT_TRUAUDIENCE_PROD,WAREHOUSE_METERING,WAREHOUSE_METERING,TU_US_NONCREDIT_TRUAUDIENCE_PROD,TU_US_NONCREDIT_TRUAUDIENCE_PROD,"{""environment"":""Production"",""team"":""TruAudience""}"
TU_US_NONCREDIT_TRUAUDIENCE_PROD,TU_US_NONCREDIT_TRUAUDIENCE_PROD,2026-05-01,2026-06-01,Usage,2026-05-16,2026-05-17,26.759860109,63.71,Snowflake,AWS_US_EAST_1,TU_US_NONCREDIT_TRUAUDIENCE_PROD,SERVERLESS_TASK,SERVERLESS_TASK,TU_US_NONCREDIT_TRUAUDIENCE_PROD,TU_US_NONCREDIT_TRUAUDIENCE_PROD,"{""environment"":""Production"",""team"":""TruAudience""}"
TU_US_NONCREDIT_TRUAUDIENCE_PROD,TU_US_NONCREDIT_TRUAUDIENCE_PROD,2026-05-01,2026-06-01,Usage,2026-05-16,2026-05-17,1.750013901,4.28,Snowflake,AWS_US_EAST_1,TU_US_NONCREDIT_TRUAUDIENCE_PROD,TRUST_CENTER,TRUST_CENTER,TU_US_NONCREDIT_TRUAUDIENCE_PROD,TU_US_NONCREDIT_TRUAUDIENCE_PROD,"{""environment"":""Production"",""team"":""TruAudience""}"
TU_US_NONCREDIT_TRUAUDIENCE_PROD,TU_US_NONCREDIT_TRUAUDIENCE_PROD,2026-05-01,2026-06-01,Usage,2026-05-16,2026-05-17,0.019028109,0.05,Snowflake,AWS_US_EAST_1,TU_US_NONCREDIT_TRUAUDIENCE_PROD,AUTO_CLUSTERING,AUTO_CLUSTERING,TU_US_NONCREDIT_TRUAUDIENCE_PROD,TU_US_NONCREDIT_TRUAUDIENCE_PROD,"{""environment"":""Production"",""team"":""TruAudience""}"
TU_US_NONCREDIT_TRUAUDIENCE_PROD,TU_US_NONCREDIT_TRUAUDIENCE_PROD,2026-05-01,2026-06-01,Usage,2026-05-16,2026-05-17,0.002210813,0.01,Snowflake,AWS_US_EAST_1,TU_US_NONCREDIT_TRUAUDIENCE_PROD,TELEMETRY_DATA_INGEST,TELEMETRY_DATA_INGEST,TU_US_NONCREDIT_TRUAUDIENCE_PROD,TU_US_NONCREDIT_TRUAUDIENCE_PROD,"{""environment"":""Production"",""team"":""TruAudience""}"
TU_US_NONCREDIT_TRUAUDIENCE_PROD,TU_US_NONCREDIT_TRUAUDIENCE_PROD,2026-05-01,2026-06-01,Usage,2026-05-16,2026-05-17,0.006095000,0.01,Snowflake,AWS_US_EAST_1,TU_US_NONCREDIT_TRUAUDIENCE_PROD,COPY_FILES,COPY_FILES,TU_US_NONCREDIT_TRUAUDIENCE_PROD,TU_US_NONCREDIT_TRUAUDIENCE_PROD,"{""environment"":""Production"",""team"":""TruAudience""}"
TU_US_NONCREDIT_TRUAUDIENCE_PROD,TU_US_NONCREDIT_TRUAUDIENCE_PROD,2026-05-01,2026-06-01,Usage,2026-05-16,2026-05-17,0.000181940,0.00,Snowflake,AWS_US_EAST_1,TU_US_NONCREDIT_TRUAUDIENCE_PROD,AI_INFERENCE,AI_INFERENCE,TU_US_NONCREDIT_TRUAUDIENCE_PROD,TU_US_NONCREDIT_TRUAUDIENCE_PROD,"{""environment"":""Production"",""team"":""TruAudience""}"
TU_US_NONCREDIT_TRUAUDIENCE_PROD,TU_US_NONCREDIT_TRUAUDIENCE_PROD,2026-05-01,2026-06-01,Usage,2026-05-15,2026-05-16,246.035997641,614.11,Snowflake,AWS_US_EAST_1,TU_US_NONCREDIT_TRUAUDIENCE_PROD,WAREHOUSE_METERING,WAREHOUSE_METERING,TU_US_NONCREDIT_TRUAUDIENCE_PROD,TU_US_NONCREDIT_TRUAUDIENCE_PROD,"{""environment"":""Production"",""team"":""TruAudience""}"
TU_US_NONCREDIT_TRUAUDIENCE_PROD,TU_US_NONCREDIT_TRUAUDIENCE_PROD,2026-05-01,2026-06-01,Usage,2026-05-15,2026-05-16,24.796975032,59.03,Snowflake,AWS_US_EAST_1,TU_US_NONCREDIT_TRUAUDIENCE_PROD,SERVERLESS_TASK,SERVERLESS_TASK,TU_US_NONCREDIT_TRUAUDIENCE_PROD,TU_US_NONCREDIT_TRUAUDIENCE_PROD,"{""environment"":""Production"",""team"":""TruAudience""}"
TU_US_NONCREDIT_TRUAUDIENCE_PROD,TU_US_NONCREDIT_TRUAUDIENCE_PROD,2026-05-01,2026-06-01,Usage,2026-05-15,2026-05-16,1.738158306,4.25,Snowflake,AWS_US_EAST_1,TU_US_NONCREDIT_TRUAUDIENCE_PROD,TRUST_CENTER,TRUST_CENTER,TU_US_NONCREDIT_TRUAUDIENCE_PROD,TU_US_NONCREDIT_TRUAUDIENCE_PROD,"{""environment"":""Production"",""team"":""TruAudience""}"
TU_US_NONCREDIT_TRUAUDIENCE_PROD,TU_US_NONCREDIT_TRUAUDIENCE_PROD,2026-05-01,2026-06-01,Usage,2026-05-15,2026-05-16,0.134404518,0.31,Snowflake,AWS_US_EAST_1,TU_US_NONCREDIT_TRUAUDIENCE_PROD,QUERY_ACCELERATION,QUERY_ACCELERATION,TU_US_NONCREDIT_TRUAUDIENCE_PROD,TU_US_NONCREDIT_TRUAUDIENCE_PROD,"{""environment"":""Production"",""team"":""TruAudience""}"
TU_US_NONCREDIT_TRUAUDIENCE_PROD,TU_US_NONCREDIT_TRUAUDIENCE_PROD,2026-05-01,2026-06-01,Usage,2026-05-15,2026-05-16,0.013663009,0.03,Snowflake,AWS_US_EAST_1,TU_US_NONCREDIT_TRUAUDIENCE_PROD,AUTO_CLUSTERING,AUTO_CLUSTERING,TU_US_NONCREDIT_TRUAUDIENCE_PROD,TU_US_NONCREDIT_TRUAUDIENCE_PROD,"{""environment"":""Production"",""team"":""TruAudience""}"
TU_US_NONCREDIT_TRUAUDIENCE_PROD,TU_US_NONCREDIT_TRUAUDIENCE_PROD,2026-05-01,2026-06-01,Usage,2026-05-15,2026-05-16,0.008563888,0.02,Snowflake,AWS_US_EAST_1,TU_US_NONCREDIT_TRUAUDIENCE_PROD,COPY_FILES,COPY_FILES,TU_US_NONCREDIT_TRUAUDIENCE_PROD,TU_US_NONCREDIT_TRUAUDIENCE_PROD,"{""environment"":""Production"",""team"":""TruAudience""}"
TU_US_NONCREDIT_TRUAUDIENCE_PROD,TU_US_NONCREDIT_TRUAUDIENCE_PROD,2026-05-01,2026-06-01,Usage,2026-05-15,2026-05-16,0.002132170,0.01,Snowflake,AWS_US_EAST_1,TU_US_NONCREDIT_TRUAUDIENCE_PROD,TELEMETRY_DATA_INGEST,TELEMETRY_DATA_INGEST,TU_US_NONCREDIT_TRUAUDIENCE_PROD,TU_US_NONCREDIT_TRUAUDIENCE_PROD,"{""environment"":""Production"",""team"":""TruAudience""}"
TU_US_NONCREDIT_TRUAUDIENCE_PROD,TU_US_NONCREDIT_TRUAUDIENCE_PROD,2026-05-01,2026-06-01,Usage,2026-05-14,2026-05-15,72.401708657,180.71,Snowflake,AWS_US_EAST_1,TU_US_NONCREDIT_TRUAUDIENCE_PROD,WAREHOUSE_METERING,WAREHOUSE_METERING,TU_US_NONCREDIT_TRUAUDIENCE_PROD,TU_US_NONCREDIT_TRUAUDIENCE_PROD,"{""environment"":""Production"",""team"":""TruAudience""}"
TU_US_NONCREDIT_TRUAUDIENCE_PROD,TU_US_NONCREDIT_TRUAUDIENCE_PROD,2026-05-01,2026-06-01,Usage,2026-05-14,2026-05-15,25.023617486,59.58,Snowflake,AWS_US_EAST_1,TU_US_NONCREDIT_TRUAUDIENCE_PROD,SERVERLESS_TASK,SERVERLESS_TASK,TU_US_NONCREDIT_TRUAUDIENCE_PROD,TU_US_NONCREDIT_TRUAUDIENCE_PROD,"{""environment"":""Production"",""team"":""TruAudience""}"
TU_US_NONCREDIT_TRUAUDIENCE_PROD,TU_US_NONCREDIT_TRUAUDIENCE_PROD,2026-05-01,2026-06-01,Usage,2026-05-14,2026-05-15,1.580881839,3.86,Snowflake,AWS_US_EAST_1,TU_US_NONCREDIT_TRUAUDIENCE_PROD,TRUST_CENTER,TRUST_CENTER,TU_US_NONCREDIT_TRUAUDIENCE_PROD,TU_US_NONCREDIT_TRUAUDIENCE_PROD,"{""environment"":""Production"",""team"":""TruAudience""}"
TU_US_NONCREDIT_TRUAUDIENCE_PROD,TU_US_NONCREDIT_TRUAUDIENCE_PROD,2026-05-01,2026-06-01,Usage,2026-05-14,2026-05-15,0.024936111,0.06,Snowflake,AWS_US_EAST_1,TU_US_NONCREDIT_TRUAUDIENCE_PROD,COPY_FILES,COPY_FILES,TU_US_NONCREDIT_TRUAUDIENCE_PROD,TU_US_NONCREDIT_TRUAUDIENCE_PROD,"{""environment"":""Production"",""team"":""TruAudience""}"
TU_US_NONCREDIT_TRUAUDIENCE_PROD,TU_US_NONCREDIT_TRUAUDIENCE_PROD,2026-05-01,2026-06-01,Usage,2026-05-14,2026-05-15,0.014929022,0.04,Snowflake,AWS_US_EAST_1,TU_US_NONCREDIT_TRUAUDIENCE_PROD,AUTO_CLUSTERING,AUTO_CLUSTERING,TU_US_NONCREDIT_TRUAUDIENCE_PROD,TU_US_NONCREDIT_TRUAUDIENCE_PROD,"{""environment"":""Production"",""team"":""TruAudience""}"
TU_US_NONCREDIT_TRUAUDIENCE_PROD,TU_US_NONCREDIT_TRUAUDIENCE_PROD,2026-05-01,2026-06-01,Usage,2026-05-14,2026-05-15,0.002031697,0.00,Snowflake,AWS_US_EAST_1,TU_US_NONCREDIT_TRUAUDIENCE_PROD,TELEMETRY_DATA_INGEST,TELEMETRY_DATA_INGEST,TU_US_NONCREDIT_TRUAUDIENCE_PROD,TU_US_NONCREDIT_TRUAUDIENCE_PROD,"{""environment"":""Production"",""team"":""TruAudience""}"
TU_US_NONCREDIT_TRUAUDIENCE_PROD,TU_US_NONCREDIT_TRUAUDIENCE_PROD,2026-05-01,2026-06-01,Usage,2026-05-13,2026-05-14,70.870987328,174.34,Snowflake,AWS_US_EAST_1,TU_US_NONCREDIT_TRUAUDIENCE_PROD,WAREHOUSE_METERING,WAREHOUSE_METERING,TU_US_NONCREDIT_TRUAUDIENCE_PROD,TU_US_NONCREDIT_TRUAUDIENCE_PROD,"{""environment"":""Production"",""team"":""TruAudience""}"
TU_US_NONCREDIT_TRUAUDIENCE_PROD,TU_US_NONCREDIT_TRUAUDIENCE_PROD,2026-05-01,2026-06-01,Usage,2026-05-13,2026-05-14,26.993803541,67.38,Snowflake,AWS_US_EAST_1,TU_US_NONCREDIT_TRUAUDIENCE_PROD,SERVERLESS_TASK,SERVERLESS_TASK,TU_US_NONCREDIT_TRUAUDIENCE_PROD,TU_US_NONCREDIT_TRUAUDIENCE_PROD,"{""environment"":""Production"",""team"":""TruAudience""}"
TU_US_NONCREDIT_TRUAUDIENCE_PROD,TU_US_NONCREDIT_TRUAUDIENCE_PROD,2026-05-01,2026-06-01,Usage,2026-05-13,2026-05-14,2.941002758,7.00,Snowflake,AWS_US_EAST_1,TU_US_NONCREDIT_TRUAUDIENCE_PROD,AUTO_CLUSTERING,AUTO_CLUSTERING,TU_US_NONCREDIT_TRUAUDIENCE_PROD,TU_US_NONCREDIT_TRUAUDIENCE_PROD,"{""environment"":""Production"",""team"":""TruAudience""}"
TU_US_NONCREDIT_TRUAUDIENCE_PROD,TU_US_NONCREDIT_TRUAUDIENCE_PROD,2026-05-01,2026-06-01,Usage,2026-05-13,2026-05-14,1.661213742,4.06,Snowflake,AWS_US_EAST_1,TU_US_NONCREDIT_TRUAUDIENCE_PROD,TRUST_CENTER,TRUST_CENTER,TU_US_NONCREDIT_TRUAUDIENCE_PROD,TU_US_NONCREDIT_TRUAUDIENCE_PROD,"{""environment"":""Production"",""team"":""TruAudience""}"
TU_US_NONCREDIT_TRUAUDIENCE_PROD,TU_US_NONCREDIT_TRUAUDIENCE_PROD,2026-05-01,2026-06-01,Usage,2026-05-13,2026-05-14,0.011236666,0.03,Snowflake,AWS_US_EAST_1,TU_US_NONCREDIT_TRUAUDIENCE_PROD,COPY_FILES,COPY_FILES,TU_US_NONCREDIT_TRUAUDIENCE_PROD,TU_US_NONCREDIT_TRUAUDIENCE_PROD,"{""environment"":""Production"",""team"":""TruAudience""}"
TU_US_NONCREDIT_TRUAUDIENCE_PROD,TU_US_NONCREDIT_TRUAUDIENCE_PROD,2026-05-01,2026-06-01,Usage,2026-05-13,2026-05-14,0.000123970,0.00,Snowflake,AWS_US_EAST_1,TU_US_NONCREDIT_TRUAUDIENCE_PROD,AI_INFERENCE,AI_INFERENCE,TU_US_NONCREDIT_TRUAUDIENCE_PROD,TU_US_NONCREDIT_TRUAUDIENCE_PROD,"{""environment"":""Production"",""team"":""TruAudience""}"
TU_US_NONCREDIT_TRUAUDIENCE_PROD,TU_US_NONCREDIT_TRUAUDIENCE_PROD,2026-05-01,2026-06-01,Usage,2026-05-13,2026-05-14,0.002055056,0.00,Snowflake,AWS_US_EAST_1,TU_US_NONCREDIT_TRUAUDIENCE_PROD,TELEMETRY_DATA_INGEST,TELEMETRY_DATA_INGEST,TU_US_NONCREDIT_TRUAUDIENCE_PROD,TU_US_NONCREDIT_TRUAUDIENCE_PROD,"{""environment"":""Production"",""team"":""TruAudience""}"
TU_US_NONCREDIT_TRUAUDIENCE_PROD,TU_US_NONCREDIT_TRUAUDIENCE_PROD,2026-05-01,2026-06-01,Usage,2026-05-12,2026-05-13,126.635645957,311.53,Snowflake,AWS_US_EAST_1,TU_US_NONCREDIT_TRUAUDIENCE_PROD,WAREHOUSE_METERING,WAREHOUSE_METERING,TU_US_NONCREDIT_TRUAUDIENCE_PROD,TU_US_NONCREDIT_TRUAUDIENCE_PROD,"{""environment"":""Production"",""team"":""TruAudience""}"
TU_US_NONCREDIT_TRUAUDIENCE_PROD,TU_US_NONCREDIT_TRUAUDIENCE_PROD,2026-05-01,2026-06-01,Usage,2026-05-12,2026-05-13,29.901563213,74.63,Snowflake,AWS_US_EAST_1,TU_US_NONCREDIT_TRUAUDIENCE_PROD,SERVERLESS_TASK,SERVERLESS_TASK,TU_US_NONCREDIT_TRUAUDIENCE_PROD,TU_US_NONCREDIT_TRUAUDIENCE_PROD,"{""environment"":""Production"",""team"":""TruAudience""}"
TU_US_NONCREDIT_TRUAUDIENCE_PROD,TU_US_NONCREDIT_TRUAUDIENCE_PROD,2026-05-01,2026-06-01,Usage,2026-05-12,2026-05-13,1.834010283,4.36,Snowflake,AWS_US_EAST_1,TU_US_NONCREDIT_TRUAUDIENCE_PROD,TRUST_CENTER,TRUST_CENTER,TU_US_NONCREDIT_TRUAUDIENCE_PROD,TU_US_NONCREDIT_TRUAUDIENCE_PROD,"{""environment"":""Production"",""team"":""TruAudience""}"
TU_US_NONCREDIT_TRUAUDIENCE_PROD,TU_US_NONCREDIT_TRUAUDIENCE_PROD,2026-05-01,2026-06-01,Usage,2026-05-12,2026-05-13,0.016807350,0.04,Snowflake,AWS_US_EAST_1,TU_US_NONCREDIT_TRUAUDIENCE_PROD,AUTO_CLUSTERING,AUTO_CLUSTERING,TU_US_NONCREDIT_TRUAUDIENCE_PROD,TU_US_NONCREDIT_TRUAUDIENCE_PROD,"{""environment"":""Production"",""team"":""TruAudience""}"
TU_US_NONCREDIT_TRUAUDIENCE_PROD,TU_US_NONCREDIT_TRUAUDIENCE_PROD,2026-05-01,2026-06-01,Usage,2026-05-12,2026-05-13,0.008383007,0.02,Snowflake,AWS_US_EAST_1,TU_US_NONCREDIT_TRUAUDIENCE_PROD,TELEMETRY_DATA_INGEST,TELEMETRY_DATA_INGEST,TU_US_NONCREDIT_TRUAUDIENCE_PROD,TU_US_NONCREDIT_TRUAUDIENCE_PROD,"{""environment"":""Production"",""team"":""TruAudience""}"
TU_US_NONCREDIT_TRUAUDIENCE_PROD,TU_US_NONCREDIT_TRUAUDIENCE_PROD,2026-05-01,2026-06-01,Usage,2026-05-12,2026-05-13,0.000230450,0.00,Snowflake,AWS_US_EAST_1,TU_US_NONCREDIT_TRUAUDIENCE_PROD,AI_INFERENCE,AI_INFERENCE,TU_US_NONCREDIT_TRUAUDIENCE_PROD,TU_US_NONCREDIT_TRUAUDIENCE_PROD,"{""environment"":""Production"",""team"":""TruAudience""}"
TU_US_NONCREDIT_TRUAUDIENCE_PROD,TU_US_NONCREDIT_TRUAUDIENCE_PROD,2026-05-01,2026-06-01,Usage,2026-05-11,2026-05-12,88.271532151,214.39,Snowflake,AWS_US_EAST_1,TU_US_NONCREDIT_TRUAUDIENCE_PROD,WAREHOUSE_METERING,WAREHOUSE_METERING,TU_US_NONCREDIT_TRUAUDIENCE_PROD,TU_US_NONCREDIT_TRUAUDIENCE_PROD,"{""environment"":""Production"",""team"":""TruAudience""}"
TU_US_NONCREDIT_TRUAUDIENCE_PROD,TU_US_NONCREDIT_TRUAUDIENCE_PROD,2026-05-01,2026-06-01,Usage,2026-05-11,2026-05-12,26.834229483,66.01,Snowflake,AWS_US_EAST_1,TU_US_NONCREDIT_TRUAUDIENCE_PROD,SERVERLESS_TASK,SERVERLESS_TASK,TU_US_NONCREDIT_TRUAUDIENCE_PROD,TU_US_NONCREDIT_TRUAUDIENCE_PROD,"{""environment"":""Production"",""team"":""TruAudience""}"
TU_US_NONCREDIT_TRUAUDIENCE_PROD,TU_US_NONCREDIT_TRUAUDIENCE_PROD,2026-05-01,2026-06-01,Usage,2026-05-11,2026-05-12,1.803254682,4.50,Snowflake,AWS_US_EAST_1,TU_US_NONCREDIT_TRUAUDIENCE_PROD,TRUST_CENTER,TRUST_CENTER,TU_US_NONCREDIT_TRUAUDIENCE_PROD,TU_US_NONCREDIT_TRUAUDIENCE_PROD,"{""environment"":""Production"",""team"":""TruAudience""}"
TU_US_NONCREDIT_TRUAUDIENCE_PROD,TU_US_NONCREDIT_TRUAUDIENCE_PROD,2026-05-01,2026-06-01,Usage,2026-05-11,2026-05-12,0.013332939,0.03,Snowflake,AWS_US_EAST_1,TU_US_NONCREDIT_TRUAUDIENCE_PROD,AUTO_CLUSTERING,AUTO_CLUSTERING,TU_US_NONCREDIT_TRUAUDIENCE_PROD,TU_US_NONCREDIT_TRUAUDIENCE_PROD,"{""environment"":""Production"",""team"":""TruAudience""}"
TU_US_NONCREDIT_TRUAUDIENCE_PROD,TU_US_NONCREDIT_TRUAUDIENCE_PROD,2026-05-01,2026-06-01,Usage,2026-05-11,2026-05-12,0.002114469,0.01,Snowflake,AWS_US_EAST_1,TU_US_NONCREDIT_TRUAUDIENCE_PROD,TELEMETRY_DATA_INGEST,TELEMETRY_DATA_INGEST,TU_US_NONCREDIT_TRUAUDIENCE_PROD,TU_US_NONCREDIT_TRUAUDIENCE_PROD,"{""environment"":""Production"",""team"":""TruAudience""}"
TU_US_NONCREDIT_TRUAUDIENCE_PROD,TU_US_NONCREDIT_TRUAUDIENCE_PROD,2026-05-01,2026-06-01,Usage,2026-05-11,2026-05-12,0.000062700,0.00,Snowflake,AWS_US_EAST_1,TU_US_NONCREDIT_TRUAUDIENCE_PROD,AI_INFERENCE,AI_INFERENCE,TU_US_NONCREDIT_TRUAUDIENCE_PROD,TU_US_NONCREDIT_TRUAUDIENCE_PROD,"{""environment"":""Production"",""team"":""TruAudience""}"
TU_US_NONCREDIT_TRUAUDIENCE_PROD,TU_US_NONCREDIT_TRUAUDIENCE_PROD,2026-05-01,2026-06-01,Usage,2026-05-10,2026-05-11,91.685440678,216.75,Snowflake,AWS_US_EAST_1,TU_US_NONCREDIT_TRUAUDIENCE_PROD,WAREHOUSE_METERING,WAREHOUSE_METERING,TU_US_NONCREDIT_TRUAUDIENCE_PROD,TU_US_NONCREDIT_TRUAUDIENCE_PROD,"{""environment"":""Production"",""team"":""TruAudience""}"
TU_US_NONCREDIT_TRUAUDIENCE_PROD,TU_US_NONCREDIT_TRUAUDIENCE_PROD,2026-05-01,2026-06-01,Usage,2026-05-10,2026-05-11,26.266070906,63.80,Snowflake,AWS_US_EAST_1,TU_US_NONCREDIT_TRUAUDIENCE_PROD,SERVERLESS_TASK,SERVERLESS_TASK,TU_US_NONCREDIT_TRUAUDIENCE_PROD,TU_US_NONCREDIT_TRUAUDIENCE_PROD,"{""environment"":""Production"",""team"":""TruAudience""}"
TU_US_NONCREDIT_TRUAUDIENCE_PROD,TU_US_NONCREDIT_TRUAUDIENCE_PROD,2026-05-01,2026-06-01,Usage,2026-05-10,2026-05-11,1.779903455,4.38,Snowflake,AWS_US_EAST_1,TU_US_NONCREDIT_TRUAUDIENCE_PROD,TRUST_CENTER,TRUST_CENTER,TU_US_NONCREDIT_TRUAUDIENCE_PROD,TU_US_NONCREDIT_TRUAUDIENCE_PROD,"{""environment"":""Production"",""team"":""TruAudience""}"
TU_US_NONCREDIT_TRUAUDIENCE_PROD,TU_US_NONCREDIT_TRUAUDIENCE_PROD,2026-05-01,2026-06-01,Usage,2026-05-10,2026-05-11,0.903111115,2.26,Snowflake,AWS_US_EAST_1,TU_US_NONCREDIT_TRUAUDIENCE_PROD,PIPE,PIPE,TU_US_NONCREDIT_TRUAUDIENCE_PROD,TU_US_NONCREDIT_TRUAUDIENCE_PROD,"{""environment"":""Production"",""team"":""TruAudience""}"
TU_US_NONCREDIT_TRUAUDIENCE_PROD,TU_US_NONCREDIT_TRUAUDIENCE_PROD,2026-05-01,2026-06-01,Usage,2026-05-10,2026-05-11,0.021046757,0.05,Snowflake,AWS_US_EAST_1,TU_US_NONCREDIT_TRUAUDIENCE_PROD,TELEMETRY_DATA_INGEST,TELEMETRY_DATA_INGEST,TU_US_NONCREDIT_TRUAUDIENCE_PROD,TU_US_NONCREDIT_TRUAUDIENCE_PROD,"{""environment"":""Production"",""team"":""TruAudience""}"
TU_US_NONCREDIT_TRUAUDIENCE_PROD,TU_US_NONCREDIT_TRUAUDIENCE_PROD,2026-05-01,2026-06-01,Usage,2026-05-10,2026-05-11,0.013427392,0.03,Snowflake,AWS_US_EAST_1,TU_US_NONCREDIT_TRUAUDIENCE_PROD,AUTO_CLUSTERING,AUTO_CLUSTERING,TU_US_NONCREDIT_TRUAUDIENCE_PROD,TU_US_NONCREDIT_TRUAUDIENCE_PROD,"{""environment"":""Production"",""team"":""TruAudience""}"
TU_US_NONCREDIT_TRUAUDIENCE_PROD,TU_US_NONCREDIT_TRUAUDIENCE_PROD,2026-05-01,2026-06-01,Usage,2026-05-10,2026-05-11,0.003438333,0.01,Snowflake,AWS_US_EAST_1,TU_US_NONCREDIT_TRUAUDIENCE_PROD,COPY_FILES,COPY_FILES,TU_US_NONCREDIT_TRUAUDIENCE_PROD,TU_US_NONCREDIT_TRUAUDIENCE_PROD,"{""environment"":""Production"",""team"":""TruAudience""}"
TU_US_NONCREDIT_TRUAUDIENCE_PROD,TU_US_NONCREDIT_TRUAUDIENCE_PROD,2026-05-01,2026-06-01,Usage,2026-05-10,2026-05-11,0.000122540,0.00,Snowflake,AWS_US_EAST_1,TU_US_NONCREDIT_TRUAUDIENCE_PROD,AI_INFERENCE,AI_INFERENCE,TU_US_NONCREDIT_TRUAUDIENCE_PROD,TU_US_NONCREDIT_TRUAUDIENCE_PROD,"{""environment"":""Production"",""team"":""TruAudience""}"
TU_US_NONCREDIT_TRUAUDIENCE_PROD,TU_US_NONCREDIT_TRUAUDIENCE_PROD,2026-05-01,2026-06-01,Usage,2026-05-09,2026-05-10,136.873932330,332.44,Snowflake,AWS_US_EAST_1,TU_US_NONCREDIT_TRUAUDIENCE_PROD,WAREHOUSE_METERING,WAREHOUSE_METERING,TU_US_NONCREDIT_TRUAUDIENCE_PROD,TU_US_NONCREDIT_TRUAUDIENCE_PROD,"{""environment"":""Production"",""team"":""TruAudience""}"
TU_US_NONCREDIT_TRUAUDIENCE_PROD,TU_US_NONCREDIT_TRUAUDIENCE_PROD,2026-05-01,2026-06-01,Usage,2026-05-09,2026-05-10,26.668754688,65.61,Snowflake,AWS_US_EAST_1,TU_US_NONCREDIT_TRUAUDIENCE_PROD,SERVERLESS_TASK,SERVERLESS_TASK,TU_US_NONCREDIT_TRUAUDIENCE_PROD,TU_US_NONCREDIT_TRUAUDIENCE_PROD,"{""environment"":""Production"",""team"":""TruAudience""}"
TU_US_NONCREDIT_TRUAUDIENCE_PROD,TU_US_NONCREDIT_TRUAUDIENCE_PROD,2026-05-01,2026-06-01,Usage,2026-05-09,2026-05-10,1.878124369,4.69,Snowflake,AWS_US_EAST_1,TU_US_NONCREDIT_TRUAUDIENCE_PROD,TRUST_CENTER,TRUST_CENTER,TU_US_NONCREDIT_TRUAUDIENCE_PROD,TU_US_NONCREDIT_TRUAUDIENCE_PROD,"{""environment"":""Production"",""team"":""TruAudience""}"
TU_US_NONCREDIT_TRUAUDIENCE_PROD,TU_US_NONCREDIT_TRUAUDIENCE_PROD,2026-05-01,2026-06-01,Usage,2026-05-09,2026-05-10,0.032743567,0.08,Snowflake,AWS_US_EAST_1,TU_US_NONCREDIT_TRUAUDIENCE_PROD,AUTO_CLUSTERING,AUTO_CLUSTERING,TU_US_NONCREDIT_TRUAUDIENCE_PROD,TU_US_NONCREDIT_TRUAUDIENCE_PROD,"{""environment"":""Production"",""team"":""TruAudience""}"
TU_US_NONCREDIT_TRUAUDIENCE_PROD,TU_US_NONCREDIT_TRUAUDIENCE_PROD,2026-05-01,2026-06-01,Usage,2026-05-09,2026-05-10,0.020771110,0.05,Snowflake,AWS_US_EAST_1,TU_US_NONCREDIT_TRUAUDIENCE_PROD,COPY_FILES,COPY_FILES,TU_US_NONCREDIT_TRUAUDIENCE_PROD,TU_US_NONCREDIT_TRUAUDIENCE_PROD,"{""environment"":""Production"",""team"":""TruAudience""}"
TU_US_NONCREDIT_TRUAUDIENCE_PROD,TU_US_NONCREDIT_TRUAUDIENCE_PROD,2026-05-01,2026-06-01,Usage,2026-05-09,2026-05-10,0.002097915,0.01,Snowflake,AWS_US_EAST_1,TU_US_NONCREDIT_TRUAUDIENCE_PROD,TELEMETRY_DATA_INGEST,TELEMETRY_DATA_INGEST,TU_US_NONCREDIT_TRUAUDIENCE_PROD,TU_US_NONCREDIT_TRUAUDIENCE_PROD,"{""environment"":""Production"",""team"":""TruAudience""}"
TU_US_NONCREDIT_TRUAUDIENCE_PROD,TU_US_NONCREDIT_TRUAUDIENCE_PROD,2026-05-01,2026-06-01,Usage,2026-05-09,2026-05-10,0.000443300,0.00,Snowflake,AWS_US_EAST_1,TU_US_NONCREDIT_TRUAUDIENCE_PROD,AI_INFERENCE,AI_INFERENCE,TU_US_NONCREDIT_TRUAUDIENCE_PROD,TU_US_NONCREDIT_TRUAUDIENCE_PROD,"{""environment"":""Production"",""team"":""TruAudience""}"
TU_US_NONCREDIT_TRUAUDIENCE_PROD,TU_US_NONCREDIT_TRUAUDIENCE_PROD,2026-05-01,2026-06-01,Usage,2026-05-08,2026-05-09,232.290973478,564.19,Snowflake,AWS_US_EAST_1,TU_US_NONCREDIT_TRUAUDIENCE_PROD,WAREHOUSE_METERING,WAREHOUSE_METERING,TU_US_NONCREDIT_TRUAUDIENCE_PROD,TU_US_NONCREDIT_TRUAUDIENCE_PROD,"{""environment"":""Production"",""team"":""TruAudience""}"
TU_US_NONCREDIT_TRUAUDIENCE_PROD,TU_US_NONCREDIT_TRUAUDIENCE_PROD,2026-05-01,2026-06-01,Usage,2026-05-08,2026-05-09,27.878917065,68.58,Snowflake,AWS_US_EAST_1,TU_US_NONCREDIT_TRUAUDIENCE_PROD,SERVERLESS_TASK,SERVERLESS_TASK,TU_US_NONCREDIT_TRUAUDIENCE_PROD,TU_US_NONCREDIT_TRUAUDIENCE_PROD,"{""environment"":""Production"",""team"":""TruAudience""}"
TU_US_NONCREDIT_TRUAUDIENCE_PROD,TU_US_NONCREDIT_TRUAUDIENCE_PROD,2026-05-01,2026-06-01,Usage,2026-05-08,2026-05-09,1.729419162,4.32,Snowflake,AWS_US_EAST_1,TU_US_NONCREDIT_TRUAUDIENCE_PROD,TRUST_CENTER,TRUST_CENTER,TU_US_NONCREDIT_TRUAUDIENCE_PROD,TU_US_NONCREDIT_TRUAUDIENCE_PROD,"{""environment"":""Production"",""team"":""TruAudience""}"
TU_US_NONCREDIT_TRUAUDIENCE_PROD,TU_US_NONCREDIT_TRUAUDIENCE_PROD,2026-05-01,2026-06-01,Usage,2026-05-08,2026-05-09,0.013433936,0.03,Snowflake,AWS_US_EAST_1,TU_US_NONCREDIT_TRUAUDIENCE_PROD,AUTO_CLUSTERING,AUTO_CLUSTERING,TU_US_NONCREDIT_TRUAUDIENCE_PROD,TU_US_NONCREDIT_TRUAUDIENCE_PROD,"{""environment"":""Production"",""team"":""TruAudience""}"
TU_US_NONCREDIT_TRUAUDIENCE_PROD,TU_US_NONCREDIT_TRUAUDIENCE_PROD,2026-05-01,2026-06-01,Usage,2026-05-08,2026-05-09,0.003132222,0.01,Snowflake,AWS_US_EAST_1,TU_US_NONCREDIT_TRUAUDIENCE_PROD,COPY_FILES,COPY_FILES,TU_US_NONCREDIT_TRUAUDIENCE_PROD,TU_US_NONCREDIT_TRUAUDIENCE_PROD,"{""environment"":""Production"",""team"":""TruAudience""}"
TU_US_NONCREDIT_TRUAUDIENCE_PROD,TU_US_NONCREDIT_TRUAUDIENCE_PROD,2026-05-01,2026-06-01,Usage,2026-05-08,2026-05-09,0.002083447,0.01,Snowflake,AWS_US_EAST_1,TU_US_NONCREDIT_TRUAUDIENCE_PROD,TELEMETRY_DATA_INGEST,TELEMETRY_DATA_INGEST,TU_US_NONCREDIT_TRUAUDIENCE_PROD,TU_US_NONCREDIT_TRUAUDIENCE_PROD,"{""environment"":""Production"",""team"":""TruAudience""}"
TU_US_NONCREDIT_TRUAUDIENCE_PROD,TU_US_NONCREDIT_TRUAUDIENCE_PROD,2026-05-01,2026-06-01,Usage,2026-05-08,2026-05-09,0.000785620,0.00,Snowflake,AWS_US_EAST_1,TU_US_NONCREDIT_TRUAUDIENCE_PROD,AI_INFERENCE,AI_INFERENCE,TU_US_NONCREDIT_TRUAUDIENCE_PROD,TU_US_NONCREDIT_TRUAUDIENCE_PROD,"{""environment"":""Production"",""team"":""TruAudience""}"
TU_US_NONCREDIT_TRUAUDIENCE_PROD,TU_US_NONCREDIT_TRUAUDIENCE_PROD,2026-05-01,2026-06-01,Usage,2026-05-07,2026-05-08,69.365154498,168.48,Snowflake,AWS_US_EAST_1,TU_US_NONCREDIT_TRUAUDIENCE_PROD,WAREHOUSE_METERING,WAREHOUSE_METERING,TU_US_NONCREDIT_TRUAUDIENCE_PROD,TU_US_NONCREDIT_TRUAUDIENCE_PROD,"{""environment"":""Production"",""team"":""TruAudience""}"
TU_US_NONCREDIT_TRUAUDIENCE_PROD,TU_US_NONCREDIT_TRUAUDIENCE_PROD,2026-05-01,2026-06-01,Usage,2026-05-07,2026-05-08,27.615209201,67.94,Snowflake,AWS_US_EAST_1,TU_US_NONCREDIT_TRUAUDIENCE_PROD,SERVERLESS_TASK,SERVERLESS_TASK,TU_US_NONCREDIT_TRUAUDIENCE_PROD,TU_US_NONCREDIT_TRUAUDIENCE_PROD,"{""environment"":""Production"",""team"":""TruAudience""}"
TU_US_NONCREDIT_TRUAUDIENCE_PROD,TU_US_NONCREDIT_TRUAUDIENCE_PROD,2026-05-01,2026-06-01,Usage,2026-05-07,2026-05-08,1.613172389,4.02,Snowflake,AWS_US_EAST_1,TU_US_NONCREDIT_TRUAUDIENCE_PROD,TRUST_CENTER,TRUST_CENTER,TU_US_NONCREDIT_TRUAUDIENCE_PROD,TU_US_NONCREDIT_TRUAUDIENCE_PROD,"{""environment"":""Production"",""team"":""TruAudience""}"
TU_US_NONCREDIT_TRUAUDIENCE_PROD,TU_US_NONCREDIT_TRUAUDIENCE_PROD,2026-05-01,2026-06-01,Usage,2026-05-07,2026-05-08,0.011713362,0.03,Snowflake,AWS_US_EAST_1,TU_US_NONCREDIT_TRUAUDIENCE_PROD,AUTO_CLUSTERING,AUTO_CLUSTERING,TU_US_NONCREDIT_TRUAUDIENCE_PROD,TU_US_NONCREDIT_TRUAUDIENCE_PROD,"{""environment"":""Production"",""team"":""TruAudience""}"
TU_US_NONCREDIT_TRUAUDIENCE_PROD,TU_US_NONCREDIT_TRUAUDIENCE_PROD,2026-05-01,2026-06-01,Usage,2026-05-07,2026-05-08,0.002026798,0.00,Snowflake,AWS_US_EAST_1,TU_US_NONCREDIT_TRUAUDIENCE_PROD,TELEMETRY_DATA_INGEST,TELEMETRY_DATA_INGEST,TU_US_NONCREDIT_TRUAUDIENCE_PROD,TU_US_NONCREDIT_TRUAUDIENCE_PROD,"{""environment"":""Production"",""team"":""TruAudience""}"
TU_US_NONCREDIT_TRUAUDIENCE_PROD,TU_US_NONCREDIT_TRUAUDIENCE_PROD,2026-05-01,2026-06-01,Usage,2026-05-06,2026-05-07,71.989931987,167.60,Snowflake,AWS_US_EAST_1,TU_US_NONCREDIT_TRUAUDIENCE_PROD,WAREHOUSE_METERING,WAREHOUSE_METERING,TU_US_NONCREDIT_TRUAUDIENCE_PROD,TU_US_NONCREDIT_TRUAUDIENCE_PROD,"{""environment"":""Production"",""team"":""TruAudience""}"
TU_US_NONCREDIT_TRUAUDIENCE_PROD,TU_US_NONCREDIT_TRUAUDIENCE_PROD,2026-05-01,2026-06-01,Usage,2026-05-06,2026-05-07,22.102929692,52.25,Snowflake,AWS_US_EAST_1,TU_US_NONCREDIT_TRUAUDIENCE_PROD,SERVERLESS_TASK,SERVERLESS_TASK,TU_US_NONCREDIT_TRUAUDIENCE_PROD,TU_US_NONCREDIT_TRUAUDIENCE_PROD,"{""environment"":""Production"",""team"":""TruAudience""}"
TU_US_NONCREDIT_TRUAUDIENCE_PROD,TU_US_NONCREDIT_TRUAUDIENCE_PROD,2026-05-01,2026-06-01,Usage,2026-05-06,2026-05-07,1.580262048,3.84,Snowflake,AWS_US_EAST_1,TU_US_NONCREDIT_TRUAUDIENCE_PROD,TRUST_CENTER,TRUST_CENTER,TU_US_NONCREDIT_TRUAUDIENCE_PROD,TU_US_NONCREDIT_TRUAUDIENCE_PROD,"{""environment"":""Production"",""team"":""TruAudience""}"
TU_US_NONCREDIT_TRUAUDIENCE_PROD,TU_US_NONCREDIT_TRUAUDIENCE_PROD,2026-05-01,2026-06-01,Usage,2026-05-06,2026-05-07,0.012152029,0.03,Snowflake,AWS_US_EAST_1,TU_US_NONCREDIT_TRUAUDIENCE_PROD,AUTO_CLUSTERING,AUTO_CLUSTERING,TU_US_NONCREDIT_TRUAUDIENCE_PROD,TU_US_NONCREDIT_TRUAUDIENCE_PROD,"{""environment"":""Production"",""team"":""TruAudience""}"
TU_US_NONCREDIT_TRUAUDIENCE_PROD,TU_US_NONCREDIT_TRUAUDIENCE_PROD,2026-05-01,2026-06-01,Usage,2026-05-06,2026-05-07,0.002032666,0.00,Snowflake,AWS_US_EAST_1,TU_US_NONCREDIT_TRUAUDIENCE_PROD,TELEMETRY_DATA_INGEST,TELEMETRY_DATA_INGEST,TU_US_NONCREDIT_TRUAUDIENCE_PROD,TU_US_NONCREDIT_TRUAUDIENCE_PROD,"{""environment"":""Production"",""team"":""TruAudience""}"
TU_US_NONCREDIT_TRUAUDIENCE_PROD,TU_US_NONCREDIT_TRUAUDIENCE_PROD,2026-05-01,2026-06-01,Usage,2026-05-05,2026-05-06,302.320559748,719.77,Snowflake,AWS_US_EAST_1,TU_US_NONCREDIT_TRUAUDIENCE_PROD,WAREHOUSE_METERING,WAREHOUSE_METERING,TU_US_NONCREDIT_TRUAUDIENCE_PROD,TU_US_NONCREDIT_TRUAUDIENCE_PROD,"{""environment"":""Production"",""team"":""TruAudience""}"
TU_US_NONCREDIT_TRUAUDIENCE_PROD,TU_US_NONCREDIT_TRUAUDIENCE_PROD,2026-05-01,2026-06-01,Usage,2026-05-05,2026-05-06,77.512310800,189.38,Snowflake,AWS_US_EAST_1,TU_US_NONCREDIT_TRUAUDIENCE_PROD,AUTO_CLUSTERING,AUTO_CLUSTERING,TU_US_NONCREDIT_TRUAUDIENCE_PROD,TU_US_NONCREDIT_TRUAUDIENCE_PROD,"{""environment"":""Production"",""team"":""TruAudience""}"
TU_US_NONCREDIT_TRUAUDIENCE_PROD,TU_US_NONCREDIT_TRUAUDIENCE_PROD,2026-05-01,2026-06-01,Usage,2026-05-05,2026-05-06,28.666439060,66.74,Snowflake,AWS_US_EAST_1,TU_US_NONCREDIT_TRUAUDIENCE_PROD,SERVERLESS_TASK,SERVERLESS_TASK,TU_US_NONCREDIT_TRUAUDIENCE_PROD,TU_US_NONCREDIT_TRUAUDIENCE_PROD,"{""environment"":""Production"",""team"":""TruAudience""}"
TU_US_NONCREDIT_TRUAUDIENCE_PROD,TU_US_NONCREDIT_TRUAUDIENCE_PROD,2026-05-01,2026-06-01,Usage,2026-05-05,2026-05-06,1.702278513,4.03,Snowflake,AWS_US_EAST_1,TU_US_NONCREDIT_TRUAUDIENCE_PROD,TRUST_CENTER,TRUST_CENTER,TU_US_NONCREDIT_TRUAUDIENCE_PROD,TU_US_NONCREDIT_TRUAUDIENCE_PROD,"{""environment"":""Production"",""team"":""TruAudience""}"
TU_US_NONCREDIT_TRUAUDIENCE_PROD,TU_US_NONCREDIT_TRUAUDIENCE_PROD,2026-05-01,2026-06-01,Usage,2026-05-05,2026-05-06,0.015647222,0.04,Snowflake,AWS_US_EAST_1,TU_US_NONCREDIT_TRUAUDIENCE_PROD,COPY_FILES,COPY_FILES,TU_US_NONCREDIT_TRUAUDIENCE_PROD,TU_US_NONCREDIT_TRUAUDIENCE_PROD,"{""environment"":""Production"",""team"":""TruAudience""}"
TU_US_NONCREDIT_TRUAUDIENCE_PROD,TU_US_NONCREDIT_TRUAUDIENCE_PROD,2026-05-01,2026-06-01,Usage,2026-05-05,2026-05-06,0.002050471,0.00,Snowflake,AWS_US_EAST_1,TU_US_NONCREDIT_TRUAUDIENCE_PROD,TELEMETRY_DATA_INGEST,TELEMETRY_DATA_INGEST,TU_US_NONCREDIT_TRUAUDIENCE_PROD,TU_US_NONCREDIT_TRUAUDIENCE_PROD,"{""environment"":""Production"",""team"":""TruAudience""}"
TU_US_NONCREDIT_TRUAUDIENCE_PROD,TU_US_NONCREDIT_TRUAUDIENCE_PROD,2026-05-01,2026-06-01,Usage,2026-05-05,2026-05-06,0.000125840,0.00,Snowflake,AWS_US_EAST_1,TU_US_NONCREDIT_TRUAUDIENCE_PROD,AI_INFERENCE,AI_INFERENCE,TU_US_NONCREDIT_TRUAUDIENCE_PROD,TU_US_NONCREDIT_TRUAUDIENCE_PROD,"{""environment"":""Production"",""team"":""TruAudience""}"
TU_US_NONCREDIT_TRUAUDIENCE_PROD,TU_US_NONCREDIT_TRUAUDIENCE_PROD,2026-05-01,2026-06-01,Usage,2026-05-04,2026-05-05,190.883480392,454.46,Snowflake,AWS_US_EAST_1,TU_US_NONCREDIT_TRUAUDIENCE_PROD,WAREHOUSE_METERING,WAREHOUSE_METERING,TU_US_NONCREDIT_TRUAUDIENCE_PROD,TU_US_NONCREDIT_TRUAUDIENCE_PROD,"{""environment"":""Production"",""team"":""TruAudience""}"
TU_US_NONCREDIT_TRUAUDIENCE_PROD,TU_US_NONCREDIT_TRUAUDIENCE_PROD,2026-05-01,2026-06-01,Usage,2026-05-04,2026-05-05,25.076665163,61.26,Snowflake,AWS_US_EAST_1,TU_US_NONCREDIT_TRUAUDIENCE_PROD,QUERY_ACCELERATION,QUERY_ACCELERATION,TU_US_NONCREDIT_TRUAUDIENCE_PROD,TU_US_NONCREDIT_TRUAUDIENCE_PROD,"{""environment"":""Production"",""team"":""TruAudience""}"
TU_US_NONCREDIT_TRUAUDIENCE_PROD,TU_US_NONCREDIT_TRUAUDIENCE_PROD,2026-05-01,2026-06-01,Usage,2026-05-04,2026-05-05,23.901838085,55.64,Snowflake,AWS_US_EAST_1,TU_US_NONCREDIT_TRUAUDIENCE_PROD,SERVERLESS_TASK,SERVERLESS_TASK,TU_US_NONCREDIT_TRUAUDIENCE_PROD,TU_US_NONCREDIT_TRUAUDIENCE_PROD,"{""environment"":""Production"",""team"":""TruAudience""}"
TU_US_NONCREDIT_TRUAUDIENCE_PROD,TU_US_NONCREDIT_TRUAUDIENCE_PROD,2026-05-01,2026-06-01,Usage,2026-05-04,2026-05-05,1.781984442,4.22,Snowflake,AWS_US_EAST_1,TU_US_NONCREDIT_TRUAUDIENCE_PROD,TRUST_CENTER,TRUST_CENTER,TU_US_NONCREDIT_TRUAUDIENCE_PROD,TU_US_NONCREDIT_TRUAUDIENCE_PROD,"{""environment"":""Production"",""team"":""TruAudience""}"
TU_US_NONCREDIT_TRUAUDIENCE_PROD,TU_US_NONCREDIT_TRUAUDIENCE_PROD,2026-05-01,2026-06-01,Usage,2026-05-04,2026-05-05,0.733666668,1.78,Snowflake,AWS_US_EAST_1,TU_US_NONCREDIT_TRUAUDIENCE_PROD,PIPE,PIPE,TU_US_NONCREDIT_TRUAUDIENCE_PROD,TU_US_NONCREDIT_TRUAUDIENCE_PROD,"{""environment"":""Production"",""team"":""TruAudience""}"
TU_US_NONCREDIT_TRUAUDIENCE_PROD,TU_US_NONCREDIT_TRUAUDIENCE_PROD,2026-05-01,2026-06-01,Usage,2026-05-04,2026-05-05,0.024081989,0.06,Snowflake,AWS_US_EAST_1,TU_US_NONCREDIT_TRUAUDIENCE_PROD,AUTO_CLUSTERING,AUTO_CLUSTERING,TU_US_NONCREDIT_TRUAUDIENCE_PROD,TU_US_NONCREDIT_TRUAUDIENCE_PROD,"{""environment"":""Production"",""team"":""TruAudience""}"
TU_US_NONCREDIT_TRUAUDIENCE_PROD,TU_US_NONCREDIT_TRUAUDIENCE_PROD,2026-05-01,2026-06-01,Usage,2026-05-04,2026-05-05,0.015020001,0.04,Snowflake,AWS_US_EAST_1,TU_US_NONCREDIT_TRUAUDIENCE_PROD,COPY_FILES,COPY_FILES,TU_US_NONCREDIT_TRUAUDIENCE_PROD,TU_US_NONCREDIT_TRUAUDIENCE_PROD,"{""environment"":""Production"",""team"":""TruAudience""}"
TU_US_NONCREDIT_TRUAUDIENCE_PROD,TU_US_NONCREDIT_TRUAUDIENCE_PROD,2026-05-01,2026-06-01,Usage,2026-05-04,2026-05-05,0.002096669,0.01,Snowflake,AWS_US_EAST_1,TU_US_NONCREDIT_TRUAUDIENCE_PROD,TELEMETRY_DATA_INGEST,TELEMETRY_DATA_INGEST,TU_US_NONCREDIT_TRUAUDIENCE_PROD,TU_US_NONCREDIT_TRUAUDIENCE_PROD,"{""environment"":""Production"",""team"":""TruAudience""}"
TU_US_NONCREDIT_TRUAUDIENCE_PROD,TU_US_NONCREDIT_TRUAUDIENCE_PROD,2026-05-01,2026-06-01,Usage,2026-05-04,2026-05-05,0.000638550,0.00,Snowflake,AWS_US_EAST_1,TU_US_NONCREDIT_TRUAUDIENCE_PROD,AI_INFERENCE,AI_INFERENCE,TU_US_NONCREDIT_TRUAUDIENCE_PROD,TU_US_NONCREDIT_TRUAUDIENCE_PROD,"{""environment"":""Production"",""team"":""TruAudience""}"
TU_US_NONCREDIT_TRUAUDIENCE_PROD,TU_US_NONCREDIT_TRUAUDIENCE_PROD,2026-05-01,2026-06-01,Usage,2026-05-03,2026-05-04,153.684500199,357.77,Snowflake,AWS_US_EAST_1,TU_US_NONCREDIT_TRUAUDIENCE_PROD,WAREHOUSE_METERING,WAREHOUSE_METERING,TU_US_NONCREDIT_TRUAUDIENCE_PROD,TU_US_NONCREDIT_TRUAUDIENCE_PROD,"{""environment"":""Production"",""team"":""TruAudience""}"
TU_US_NONCREDIT_TRUAUDIENCE_PROD,TU_US_NONCREDIT_TRUAUDIENCE_PROD,2026-05-01,2026-06-01,Usage,2026-05-03,2026-05-04,14.801148919,34.99,Snowflake,AWS_US_EAST_1,TU_US_NONCREDIT_TRUAUDIENCE_PROD,SERVERLESS_TASK,SERVERLESS_TASK,TU_US_NONCREDIT_TRUAUDIENCE_PROD,TU_US_NONCREDIT_TRUAUDIENCE_PROD,"{""environment"":""Production"",""team"":""TruAudience""}"
TU_US_NONCREDIT_TRUAUDIENCE_PROD,TU_US_NONCREDIT_TRUAUDIENCE_PROD,2026-05-01,2026-06-01,Usage,2026-05-03,2026-05-04,1.848538646,4.49,Snowflake,AWS_US_EAST_1,TU_US_NONCREDIT_TRUAUDIENCE_PROD,TRUST_CENTER,TRUST_CENTER,TU_US_NONCREDIT_TRUAUDIENCE_PROD,TU_US_NONCREDIT_TRUAUDIENCE_PROD,"{""environment"":""Production"",""team"":""TruAudience""}"
TU_US_NONCREDIT_TRUAUDIENCE_PROD,TU_US_NONCREDIT_TRUAUDIENCE_PROD,2026-05-01,2026-06-01,Usage,2026-05-03,2026-05-04,0.012835738,0.03,Snowflake,AWS_US_EAST_1,TU_US_NONCREDIT_TRUAUDIENCE_PROD,AUTO_CLUSTERING,AUTO_CLUSTERING,TU_US_NONCREDIT_TRUAUDIENCE_PROD,TU_US_NONCREDIT_TRUAUDIENCE_PROD,"{""environment"":""Production"",""team"":""TruAudience""}"
TU_US_NONCREDIT_TRUAUDIENCE_PROD,TU_US_NONCREDIT_TRUAUDIENCE_PROD,2026-05-01,2026-06-01,Usage,2026-05-03,2026-05-04,0.010211111,0.02,Snowflake,AWS_US_EAST_1,TU_US_NONCREDIT_TRUAUDIENCE_PROD,COPY_FILES,COPY_FILES,TU_US_NONCREDIT_TRUAUDIENCE_PROD,TU_US_NONCREDIT_TRUAUDIENCE_PROD,"{""environment"":""Production"",""team"":""TruAudience""}"
TU_US_NONCREDIT_TRUAUDIENCE_PROD,TU_US_NONCREDIT_TRUAUDIENCE_PROD,2026-05-01,2026-06-01,Usage,2026-05-03,2026-05-04,0.002168351,0.01,Snowflake,AWS_US_EAST_1,TU_US_NONCREDIT_TRUAUDIENCE_PROD,TELEMETRY_DATA_INGEST,TELEMETRY_DATA_INGEST,TU_US_NONCREDIT_TRUAUDIENCE_PROD,TU_US_NONCREDIT_TRUAUDIENCE_PROD,"{""environment"":""Production"",""team"":""TruAudience""}"
TU_US_NONCREDIT_TRUAUDIENCE_PROD,TU_US_NONCREDIT_TRUAUDIENCE_PROD,2026-05-01,2026-06-01,Usage,2026-05-03,2026-05-04,0.000112310,0.00,Snowflake,AWS_US_EAST_1,TU_US_NONCREDIT_TRUAUDIENCE_PROD,AI_INFERENCE,AI_INFERENCE,TU_US_NONCREDIT_TRUAUDIENCE_PROD,TU_US_NONCREDIT_TRUAUDIENCE_PROD,"{""environment"":""Production"",""team"":""TruAudience""}"
TU_US_NONCREDIT_TRUAUDIENCE_PROD,TU_US_NONCREDIT_TRUAUDIENCE_PROD,2026-05-01,2026-06-01,Usage,2026-05-02,2026-05-03,135.527288617,315.51,Snowflake,AWS_US_EAST_1,TU_US_NONCREDIT_TRUAUDIENCE_PROD,WAREHOUSE_METERING,WAREHOUSE_METERING,TU_US_NONCREDIT_TRUAUDIENCE_PROD,TU_US_NONCREDIT_TRUAUDIENCE_PROD,"{""environment"":""Production"",""team"":""TruAudience""}"
TU_US_NONCREDIT_TRUAUDIENCE_PROD,TU_US_NONCREDIT_TRUAUDIENCE_PROD,2026-05-01,2026-06-01,Usage,2026-05-02,2026-05-03,24.513789889,57.95,Snowflake,AWS_US_EAST_1,TU_US_NONCREDIT_TRUAUDIENCE_PROD,SERVERLESS_TASK,SERVERLESS_TASK,TU_US_NONCREDIT_TRUAUDIENCE_PROD,TU_US_NONCREDIT_TRUAUDIENCE_PROD,"{""environment"":""Production"",""team"":""TruAudience""}"
TU_US_NONCREDIT_TRUAUDIENCE_PROD,TU_US_NONCREDIT_TRUAUDIENCE_PROD,2026-05-01,2026-06-01,Usage,2026-05-02,2026-05-03,1.764300494,4.28,Snowflake,AWS_US_EAST_1,TU_US_NONCREDIT_TRUAUDIENCE_PROD,TRUST_CENTER,TRUST_CENTER,TU_US_NONCREDIT_TRUAUDIENCE_PROD,TU_US_NONCREDIT_TRUAUDIENCE_PROD,"{""environment"":""Production"",""team"":""TruAudience""}"
TU_US_NONCREDIT_TRUAUDIENCE_PROD,TU_US_NONCREDIT_TRUAUDIENCE_PROD,2026-05-01,2026-06-01,Usage,2026-05-02,2026-05-03,0.043744291,0.10,Snowflake,AWS_US_EAST_1,TU_US_NONCREDIT_TRUAUDIENCE_PROD,AUTO_CLUSTERING,AUTO_CLUSTERING,TU_US_NONCREDIT_TRUAUDIENCE_PROD,TU_US_NONCREDIT_TRUAUDIENCE_PROD,"{""environment"":""Production"",""team"":""TruAudience""}"
TU_US_NONCREDIT_TRUAUDIENCE_PROD,TU_US_NONCREDIT_TRUAUDIENCE_PROD,2026-05-01,2026-06-01,Usage,2026-05-02,2026-05-03,0.033227777,0.08,Snowflake,AWS_US_EAST_1,TU_US_NONCREDIT_TRUAUDIENCE_PROD,COPY_FILES,COPY_FILES,TU_US_NONCREDIT_TRUAUDIENCE_PROD,TU_US_NONCREDIT_TRUAUDIENCE_PROD,"{""environment"":""Production"",""team"":""TruAudience""}"
TU_US_NONCREDIT_TRUAUDIENCE_PROD,TU_US_NONCREDIT_TRUAUDIENCE_PROD,2026-05-01,2026-06-01,Usage,2026-05-02,2026-05-03,0.000222222,0.00,Snowflake,AWS_US_EAST_1,TU_US_NONCREDIT_TRUAUDIENCE_PROD,PIPE,PIPE,TU_US_NONCREDIT_TRUAUDIENCE_PROD,TU_US_NONCREDIT_TRUAUDIENCE_PROD,"{""environment"":""Production"",""team"":""TruAudience""}"
TU_US_NONCREDIT_TRUAUDIENCE_PROD,TU_US_NONCREDIT_TRUAUDIENCE_PROD,2026-05-01,2026-06-01,Usage,2026-05-02,2026-05-03,0.002067886,0.00,Snowflake,AWS_US_EAST_1,TU_US_NONCREDIT_TRUAUDIENCE_PROD,TELEMETRY_DATA_INGEST,TELEMETRY_DATA_INGEST,TU_US_NONCREDIT_TRUAUDIENCE_PROD,TU_US_NONCREDIT_TRUAUDIENCE_PROD,"{""environment"":""Production"",""team"":""TruAudience""}"
TU_US_NONCREDIT_TRUAUDIENCE_PROD,TU_US_NONCREDIT_TRUAUDIENCE_PROD,2026-05-01,2026-06-01,Usage,2026-05-02,2026-05-03,0.000062040,0.00,Snowflake,AWS_US_EAST_1,TU_US_NONCREDIT_TRUAUDIENCE_PROD,AI_INFERENCE,AI_INFERENCE,TU_US_NONCREDIT_TRUAUDIENCE_PROD,TU_US_NONCREDIT_TRUAUDIENCE_PROD,"{""environment"":""Production"",""team"":""TruAudience""}"
TU_US_NONCREDIT_TRUAUDIENCE_PROD,TU_US_NONCREDIT_TRUAUDIENCE_PROD,2026-05-01,2026-06-01,Usage,2026-05-01,2026-05-02,222.570892309,526.16,Snowflake,AWS_US_EAST_1,TU_US_NONCREDIT_TRUAUDIENCE_PROD,WAREHOUSE_METERING,WAREHOUSE_METERING,TU_US_NONCREDIT_TRUAUDIENCE_PROD,TU_US_NONCREDIT_TRUAUDIENCE_PROD,"{""environment"":""Production"",""team"":""TruAudience""}"
TU_US_NONCREDIT_TRUAUDIENCE_PROD,TU_US_NONCREDIT_TRUAUDIENCE_PROD,2026-05-01,2026-06-01,Usage,2026-05-01,2026-05-02,23.556502897,57.22,Snowflake,AWS_US_EAST_1,TU_US_NONCREDIT_TRUAUDIENCE_PROD,SERVERLESS_TASK,SERVERLESS_TASK,TU_US_NONCREDIT_TRUAUDIENCE_PROD,TU_US_NONCREDIT_TRUAUDIENCE_PROD,"{""environment"":""Production"",""team"":""TruAudience""}"
TU_US_NONCREDIT_TRUAUDIENCE_PROD,TU_US_NONCREDIT_TRUAUDIENCE_PROD,2026-05-01,2026-06-01,Usage,2026-05-01,2026-05-02,1.825699288,4.49,Snowflake,AWS_US_EAST_1,TU_US_NONCREDIT_TRUAUDIENCE_PROD,TRUST_CENTER,TRUST_CENTER,TU_US_NONCREDIT_TRUAUDIENCE_PROD,TU_US_NONCREDIT_TRUAUDIENCE_PROD,"{""environment"":""Production"",""team"":""TruAudience""}"
TU_US_NONCREDIT_TRUAUDIENCE_PROD,TU_US_NONCREDIT_TRUAUDIENCE_PROD,2026-05-01,2026-06-01,Usage,2026-05-01,2026-05-02,0.032392779,0.08,Snowflake,AWS_US_EAST_1,TU_US_NONCREDIT_TRUAUDIENCE_PROD,COPY_FILES,COPY_FILES,TU_US_NONCREDIT_TRUAUDIENCE_PROD,TU_US_NONCREDIT_TRUAUDIENCE_PROD,"{""environment"":""Production"",""team"":""TruAudience""}"
TU_US_NONCREDIT_TRUAUDIENCE_PROD,TU_US_NONCREDIT_TRUAUDIENCE_PROD,2026-05-01,2026-06-01,Usage,2026-05-01,2026-05-02,0.019592288,0.05,Snowflake,AWS_US_EAST_1,TU_US_NONCREDIT_TRUAUDIENCE_PROD,AUTO_CLUSTERING,AUTO_CLUSTERING,TU_US_NONCREDIT_TRUAUDIENCE_PROD,TU_US_NONCREDIT_TRUAUDIENCE_PROD,"{""environment"":""Production"",""team"":""TruAudience""}"
TU_US_NONCREDIT_TRUAUDIENCE_PROD,TU_US_NONCREDIT_TRUAUDIENCE_PROD,2026-05-01,2026-06-01,Usage,2026-05-01,2026-05-02,0.002104269,0.01,Snowflake,AWS_US_EAST_1,TU_US_NONCREDIT_TRUAUDIENCE_PROD,TELEMETRY_DATA_INGEST,TELEMETRY_DATA_INGEST,TU_US_NONCREDIT_TRUAUDIENCE_PROD,TU_US_NONCREDIT_TRUAUDIENCE_PROD,"{""environment"":""Production"",""team"":""TruAudience""}"
TU_US_NONCREDIT_TRUAUDIENCE_PROD,TU_US_NONCREDIT_TRUAUDIENCE_PROD,2026-05-01,2026-06-01,Usage,2026-05-01,2026-05-02,0.000573540,0.00,Snowflake,AWS_US_EAST_1,TU_US_NONCREDIT_TRUAUDIENCE_PROD,AI_INFERENCE,AI_INFERENCE,TU_US_NONCREDIT_TRUAUDIENCE_PROD,TU_US_NONCREDIT_TRUAUDIENCE_PROD,"{""environment"":""Production"",""team"":""TruAudience""}"
TU_US_NONCREDIT_TRUAUDIENCE_STAGE,TU_US_NONCREDIT_TRUAUDIENCE_STAGE,2026-05-01,2026-06-01,Usage,2026-05-29,2026-05-30,196.202871688,463.83,Snowflake,AWS_US_EAST_1,TU_US_NONCREDIT_TRUAUDIENCE_STAGE,WAREHOUSE_METERING,WAREHOUSE_METERING,TU_US_NONCREDIT_TRUAUDIENCE_STAGE,TU_US_NONCREDIT_TRUAUDIENCE_STAGE,"{""environment"":""Staging"",""team"":""TruAudience""}"
TU_US_NONCREDIT_TRUAUDIENCE_STAGE,TU_US_NONCREDIT_TRUAUDIENCE_STAGE,2026-05-01,2026-06-01,Usage,2026-05-29,2026-05-30,5.788841147,14.06,Snowflake,AWS_US_EAST_1,TU_US_NONCREDIT_TRUAUDIENCE_STAGE,SERVERLESS_TASK,SERVERLESS_TASK,TU_US_NONCREDIT_TRUAUDIENCE_STAGE,TU_US_NONCREDIT_TRUAUDIENCE_STAGE,"{""environment"":""Staging"",""team"":""TruAudience""}"
TU_US_NONCREDIT_TRUAUDIENCE_STAGE,TU_US_NONCREDIT_TRUAUDIENCE_STAGE,2026-05-01,2026-06-01,Usage,2026-05-29,2026-05-30,3.490790420,8.59,Snowflake,AWS_US_EAST_1,TU_US_NONCREDIT_TRUAUDIENCE_STAGE,SNOWFLAKE_INTELLIGENCE,SNOWFLAKE_INTELLIGENCE,TU_US_NONCREDIT_TRUAUDIENCE_STAGE,TU_US_NONCREDIT_TRUAUDIENCE_STAGE,"{""environment"":""Staging"",""team"":""TruAudience""}"
TU_US_NONCREDIT_TRUAUDIENCE_STAGE,TU_US_NONCREDIT_TRUAUDIENCE_STAGE,2026-05-01,2026-06-01,Usage,2026-05-29,2026-05-30,3.173966629,7.92,Snowflake,AWS_US_EAST_1,TU_US_NONCREDIT_TRUAUDIENCE_STAGE,SNOWPARK_CONTAINER_SERVICES,SNOWPARK_CONTAINER_SERVICES,TU_US_NONCREDIT_TRUAUDIENCE_STAGE,TU_US_NONCREDIT_TRUAUDIENCE_STAGE,"{""environment"":""Staging"",""team"":""TruAudience""}"
TU_US_NONCREDIT_TRUAUDIENCE_STAGE,TU_US_NONCREDIT_TRUAUDIENCE_STAGE,2026-05-01,2026-06-01,Usage,2026-05-29,2026-05-30,2.568670950,6.11,Snowflake,AWS_US_EAST_1,TU_US_NONCREDIT_TRUAUDIENCE_STAGE,CORTEX_CODE_SNOWSIGHT,CORTEX_CODE_SNOWSIGHT,TU_US_NONCREDIT_TRUAUDIENCE_STAGE,TU_US_NONCREDIT_TRUAUDIENCE_STAGE,"{""environment"":""Staging"",""team"":""TruAudience""}"
TU_US_NONCREDIT_TRUAUDIENCE_STAGE,TU_US_NONCREDIT_TRUAUDIENCE_STAGE,2026-05-01,2026-06-01,Usage,2026-05-29,2026-05-30,1.027143809,2.51,Snowflake,AWS_US_EAST_1,TU_US_NONCREDIT_TRUAUDIENCE_STAGE,TRUST_CENTER,TRUST_CENTER,TU_US_NONCREDIT_TRUAUDIENCE_STAGE,TU_US_NONCREDIT_TRUAUDIENCE_STAGE,"{""environment"":""Staging"",""team"":""TruAudience""}"
TU_US_NONCREDIT_TRUAUDIENCE_STAGE,TU_US_NONCREDIT_TRUAUDIENCE_STAGE,2026-05-01,2026-06-01,Usage,2026-05-29,2026-05-30,0.017408644,0.04,Snowflake,AWS_US_EAST_1,TU_US_NONCREDIT_TRUAUDIENCE_STAGE,TELEMETRY_DATA_INGEST,TELEMETRY_DATA_INGEST,TU_US_NONCREDIT_TRUAUDIENCE_STAGE,TU_US_NONCREDIT_TRUAUDIENCE_STAGE,"{""environment"":""Staging"",""team"":""TruAudience""}"
TU_US_NONCREDIT_TRUAUDIENCE_STAGE,TU_US_NONCREDIT_TRUAUDIENCE_STAGE,2026-05-01,2026-06-01,Usage,2026-05-29,2026-05-30,0.004284080,0.01,Snowflake,AWS_US_EAST_1,TU_US_NONCREDIT_TRUAUDIENCE_STAGE,AUTO_CLUSTERING,AUTO_CLUSTERING,TU_US_NONCREDIT_TRUAUDIENCE_STAGE,TU_US_NONCREDIT_TRUAUDIENCE_STAGE,"{""environment"":""Staging"",""team"":""TruAudience""}"
TU_US_NONCREDIT_TRUAUDIENCE_STAGE,TU_US_NONCREDIT_TRUAUDIENCE_STAGE,2026-05-01,2026-06-01,Usage,2026-05-29,2026-05-30,0.003301259,0.01,Snowflake,AWS_US_EAST_1,TU_US_NONCREDIT_TRUAUDIENCE_STAGE,CORTEX_SEARCH,CORTEX_SEARCH,TU_US_NONCREDIT_TRUAUDIENCE_STAGE,TU_US_NONCREDIT_TRUAUDIENCE_STAGE,"{""environment"":""Staging"",""team"":""TruAudience""}"
TU_US_NONCREDIT_TRUAUDIENCE_STAGE,TU_US_NONCREDIT_TRUAUDIENCE_STAGE,2026-05-01,2026-06-01,Usage,2026-05-29,2026-05-30,0.000434444,0.00,Snowflake,AWS_US_EAST_1,TU_US_NONCREDIT_TRUAUDIENCE_STAGE,COPY_FILES,COPY_FILES,TU_US_NONCREDIT_TRUAUDIENCE_STAGE,TU_US_NONCREDIT_TRUAUDIENCE_STAGE,"{""environment"":""Staging"",""team"":""TruAudience""}"
TU_US_NONCREDIT_TRUAUDIENCE_STAGE,TU_US_NONCREDIT_TRUAUDIENCE_STAGE,2026-05-01,2026-06-01,Usage,2026-05-28,2026-05-29,594.739788153,1484.48,Snowflake,AWS_US_EAST_1,TU_US_NONCREDIT_TRUAUDIENCE_STAGE,WAREHOUSE_METERING,WAREHOUSE_METERING,TU_US_NONCREDIT_TRUAUDIENCE_STAGE,TU_US_NONCREDIT_TRUAUDIENCE_STAGE,"{""environment"":""Staging"",""team"":""TruAudience""}"
TU_US_NONCREDIT_TRUAUDIENCE_STAGE,TU_US_NONCREDIT_TRUAUDIENCE_STAGE,2026-05-01,2026-06-01,Usage,2026-05-28,2026-05-29,4.914465900,11.70,Snowflake,AWS_US_EAST_1,TU_US_NONCREDIT_TRUAUDIENCE_STAGE,SERVERLESS_TASK,SERVERLESS_TASK,TU_US_NONCREDIT_TRUAUDIENCE_STAGE,TU_US_NONCREDIT_TRUAUDIENCE_STAGE,"{""environment"":""Staging"",""team"":""TruAudience""}"
TU_US_NONCREDIT_TRUAUDIENCE_STAGE,TU_US_NONCREDIT_TRUAUDIENCE_STAGE,2026-05-01,2026-06-01,Usage,2026-05-28,2026-05-29,3.855509750,9.42,Snowflake,AWS_US_EAST_1,TU_US_NONCREDIT_TRUAUDIENCE_STAGE,CORTEX_CODE_SNOWSIGHT,CORTEX_CODE_SNOWSIGHT,TU_US_NONCREDIT_TRUAUDIENCE_STAGE,TU_US_NONCREDIT_TRUAUDIENCE_STAGE,"{""environment"":""Staging"",""team"":""TruAudience""}"
TU_US_NONCREDIT_TRUAUDIENCE_STAGE,TU_US_NONCREDIT_TRUAUDIENCE_STAGE,2026-05-01,2026-06-01,Usage,2026-05-28,2026-05-29,2.872533298,6.68,Snowflake,AWS_US_EAST_1,TU_US_NONCREDIT_TRUAUDIENCE_STAGE,SNOWPARK_CONTAINER_SERVICES,SNOWPARK_CONTAINER_SERVICES,TU_US_NONCREDIT_TRUAUDIENCE_STAGE,TU_US_NONCREDIT_TRUAUDIENCE_STAGE,"{""environment"":""Staging"",""team"":""TruAudience""}"
TU_US_NONCREDIT_TRUAUDIENCE_STAGE,TU_US_NONCREDIT_TRUAUDIENCE_STAGE,2026-05-01,2026-06-01,Usage,2026-05-28,2026-05-29,1.036494761,2.45,Snowflake,AWS_US_EAST_1,TU_US_NONCREDIT_TRUAUDIENCE_STAGE,TRUST_CENTER,TRUST_CENTER,TU_US_NONCREDIT_TRUAUDIENCE_STAGE,TU_US_NONCREDIT_TRUAUDIENCE_STAGE,"{""environment"":""Staging"",""team"":""TruAudience""}"
TU_US_NONCREDIT_TRUAUDIENCE_STAGE,TU_US_NONCREDIT_TRUAUDIENCE_STAGE,2026-05-01,2026-06-01,Usage,2026-05-28,2026-05-29,0.011616883,0.03,Snowflake,AWS_US_EAST_1,TU_US_NONCREDIT_TRUAUDIENCE_STAGE,TELEMETRY_DATA_INGEST,TELEMETRY_DATA_INGEST,TU_US_NONCREDIT_TRUAUDIENCE_STAGE,TU_US_NONCREDIT_TRUAUDIENCE_STAGE,"{""environment"":""Staging"",""team"":""TruAudience""}"
TU_US_NONCREDIT_TRUAUDIENCE_STAGE,TU_US_NONCREDIT_TRUAUDIENCE_STAGE,2026-05-01,2026-06-01,Usage,2026-05-28,2026-05-29,0.003299452,0.01,Snowflake,AWS_US_EAST_1,TU_US_NONCREDIT_TRUAUDIENCE_STAGE,CORTEX_SEARCH,CORTEX_SEARCH,TU_US_NONCREDIT_TRUAUDIENCE_STAGE,TU_US_NONCREDIT_TRUAUDIENCE_STAGE,"{""environment"":""Staging"",""team"":""TruAudience""}"
TU_US_NONCREDIT_TRUAUDIENCE_STAGE,TU_US_NONCREDIT_TRUAUDIENCE_STAGE,2026-05-01,2026-06-01,Usage,2026-05-28,2026-05-29,0.004613480,0.01,Snowflake,AWS_US_EAST_1,TU_US_NONCREDIT_TRUAUDIENCE_STAGE,AUTO_CLUSTERING,AUTO_CLUSTERING,TU_US_NONCREDIT_TRUAUDIENCE_STAGE,TU_US_NONCREDIT_TRUAUDIENCE_STAGE,"{""environment"":""Staging"",""team"":""TruAudience""}"
TU_US_NONCREDIT_TRUAUDIENCE_STAGE,TU_US_NONCREDIT_TRUAUDIENCE_STAGE,2026-05-01,2026-06-01,Usage,2026-05-28,2026-05-29,0.001198889,0.00,Snowflake,AWS_US_EAST_1,TU_US_NONCREDIT_TRUAUDIENCE_STAGE,COPY_FILES,COPY_FILES,TU_US_NONCREDIT_TRUAUDIENCE_STAGE,TU_US_NONCREDIT_TRUAUDIENCE_STAGE,"{""environment"":""Staging"",""team"":""TruAudience""}"
TU_US_NONCREDIT_TRUAUDIENCE_STAGE,TU_US_NONCREDIT_TRUAUDIENCE_STAGE,2026-05-01,2026-06-01,Usage,2026-05-27,2026-05-28,417.214028955,1019.33,Snowflake,AWS_US_EAST_1,TU_US_NONCREDIT_TRUAUDIENCE_STAGE,WAREHOUSE_METERING,WAREHOUSE_METERING,TU_US_NONCREDIT_TRUAUDIENCE_STAGE,TU_US_NONCREDIT_TRUAUDIENCE_STAGE,"{""environment"":""Staging"",""team"":""TruAudience""}"
TU_US_NONCREDIT_TRUAUDIENCE_STAGE,TU_US_NONCREDIT_TRUAUDIENCE_STAGE,2026-05-01,2026-06-01,Usage,2026-05-27,2026-05-28,4.433470281,10.32,Snowflake,AWS_US_EAST_1,TU_US_NONCREDIT_TRUAUDIENCE_STAGE,SERVERLESS_TASK,SERVERLESS_TASK,TU_US_NONCREDIT_TRUAUDIENCE_STAGE,TU_US_NONCREDIT_TRUAUDIENCE_STAGE,"{""environment"":""Staging"",""team"":""TruAudience""}"
TU_US_NONCREDIT_TRUAUDIENCE_STAGE,TU_US_NONCREDIT_TRUAUDIENCE_STAGE,2026-05-01,2026-06-01,Usage,2026-05-27,2026-05-28,3.479292600,8.22,Snowflake,AWS_US_EAST_1,TU_US_NONCREDIT_TRUAUDIENCE_STAGE,CORTEX_CODE_SNOWSIGHT,CORTEX_CODE_SNOWSIGHT,TU_US_NONCREDIT_TRUAUDIENCE_STAGE,TU_US_NONCREDIT_TRUAUDIENCE_STAGE,"{""environment"":""Staging"",""team"":""TruAudience""}"
TU_US_NONCREDIT_TRUAUDIENCE_STAGE,TU_US_NONCREDIT_TRUAUDIENCE_STAGE,2026-05-01,2026-06-01,Usage,2026-05-27,2026-05-28,2.982269408,7.25,Snowflake,AWS_US_EAST_1,TU_US_NONCREDIT_TRUAUDIENCE_STAGE,SNOWPARK_CONTAINER_SERVICES,SNOWPARK_CONTAINER_SERVICES,TU_US_NONCREDIT_TRUAUDIENCE_STAGE,TU_US_NONCREDIT_TRUAUDIENCE_STAGE,"{""environment"":""Staging"",""team"":""TruAudience""}"
TU_US_NONCREDIT_TRUAUDIENCE_STAGE,TU_US_NONCREDIT_TRUAUDIENCE_STAGE,2026-05-01,2026-06-01,Usage,2026-05-27,2026-05-28,1.140070354,2.81,Snowflake,AWS_US_EAST_1,TU_US_NONCREDIT_TRUAUDIENCE_STAGE,TRUST_CENTER,TRUST_CENTER,TU_US_NONCREDIT_TRUAUDIENCE_STAGE,TU_US_NONCREDIT_TRUAUDIENCE_STAGE,"{""environment"":""Staging"",""team"":""TruAudience""}"
TU_US_NONCREDIT_TRUAUDIENCE_STAGE,TU_US_NONCREDIT_TRUAUDIENCE_STAGE,2026-05-01,2026-06-01,Usage,2026-05-27,2026-05-28,0.003925559,0.01,Snowflake,AWS_US_EAST_1,TU_US_NONCREDIT_TRUAUDIENCE_STAGE,AUTO_CLUSTERING,AUTO_CLUSTERING,TU_US_NONCREDIT_TRUAUDIENCE_STAGE,TU_US_NONCREDIT_TRUAUDIENCE_STAGE,"{""environment"":""Staging"",""team"":""TruAudience""}"
TU_US_NONCREDIT_TRUAUDIENCE_STAGE,TU_US_NONCREDIT_TRUAUDIENCE_STAGE,2026-05-01,2026-06-01,Usage,2026-05-27,2026-05-28,0.003298794,0.01,Snowflake,AWS_US_EAST_1,TU_US_NONCREDIT_TRUAUDIENCE_STAGE,CORTEX_SEARCH,CORTEX_SEARCH,TU_US_NONCREDIT_TRUAUDIENCE_STAGE,TU_US_NONCREDIT_TRUAUDIENCE_STAGE,"{""environment"":""Staging"",""team"":""TruAudience""}"
TU_US_NONCREDIT_TRUAUDIENCE_STAGE,TU_US_NONCREDIT_TRUAUDIENCE_STAGE,2026-05-01,2026-06-01,Usage,2026-05-27,2026-05-28,0.003623537,0.01,Snowflake,AWS_US_EAST_1,TU_US_NONCREDIT_TRUAUDIENCE_STAGE,TELEMETRY_DATA_INGEST,TELEMETRY_DATA_INGEST,TU_US_NONCREDIT_TRUAUDIENCE_STAGE,TU_US_NONCREDIT_TRUAUDIENCE_STAGE,"{""environment"":""Staging"",""team"":""TruAudience""}"
TU_US_NONCREDIT_TRUAUDIENCE_STAGE,TU_US_NONCREDIT_TRUAUDIENCE_STAGE,2026-05-01,2026-06-01,Usage,2026-05-27,2026-05-28,0.000758333,0.00,Snowflake,AWS_US_EAST_1,TU_US_NONCREDIT_TRUAUDIENCE_STAGE,COPY_FILES,COPY_FILES,TU_US_NONCREDIT_TRUAUDIENCE_STAGE,TU_US_NONCREDIT_TRUAUDIENCE_STAGE,"{""environment"":""Staging"",""team"":""TruAudience""}"
TU_US_NONCREDIT_TRUAUDIENCE_STAGE,TU_US_NONCREDIT_TRUAUDIENCE_STAGE,2026-05-01,2026-06-01,Usage,2026-05-26,2026-05-27,82.526002432,195.09,Snowflake,AWS_US_EAST_1,TU_US_NONCREDIT_TRUAUDIENCE_STAGE,WAREHOUSE_METERING,WAREHOUSE_METERING,TU_US_NONCREDIT_TRUAUDIENCE_STAGE,TU_US_NONCREDIT_TRUAUDIENCE_STAGE,"{""environment"":""Staging"",""team"":""TruAudience""}"
TU_US_NONCREDIT_TRUAUDIENCE_STAGE,TU_US_NONCREDIT_TRUAUDIENCE_STAGE,2026-05-01,2026-06-01,Usage,2026-05-26,2026-05-27,8.986531390,21.83,Snowflake,AWS_US_EAST_1,TU_US_NONCREDIT_TRUAUDIENCE_STAGE,CORTEX_CODE_SNOWSIGHT,CORTEX_CODE_SNOWSIGHT,TU_US_NONCREDIT_TRUAUDIENCE_STAGE,TU_US_NONCREDIT_TRUAUDIENCE_STAGE,"{""environment"":""Staging"",""team"":""TruAudience""}"
TU_US_NONCREDIT_TRUAUDIENCE_STAGE,TU_US_NONCREDIT_TRUAUDIENCE_STAGE,2026-05-01,2026-06-01,Usage,2026-05-26,2026-05-27,4.793867007,11.80,Snowflake,AWS_US_EAST_1,TU_US_NONCREDIT_TRUAUDIENCE_STAGE,SERVERLESS_TASK,SERVERLESS_TASK,TU_US_NONCREDIT_TRUAUDIENCE_STAGE,TU_US_NONCREDIT_TRUAUDIENCE_STAGE,"{""environment"":""Staging"",""team"":""TruAudience""}"
TU_US_NONCREDIT_TRUAUDIENCE_STAGE,TU_US_NONCREDIT_TRUAUDIENCE_STAGE,2026-05-01,2026-06-01,Usage,2026-05-26,2026-05-27,3.447769414,8.60,Snowflake,AWS_US_EAST_1,TU_US_NONCREDIT_TRUAUDIENCE_STAGE,SNOWPARK_CONTAINER_SERVICES,SNOWPARK_CONTAINER_SERVICES,TU_US_NONCREDIT_TRUAUDIENCE_STAGE,TU_US_NONCREDIT_TRUAUDIENCE_STAGE,"{""environment"":""Staging"",""team"":""TruAudience""}"
TU_US_NONCREDIT_TRUAUDIENCE_STAGE,TU_US_NONCREDIT_TRUAUDIENCE_STAGE,2026-05-01,2026-06-01,Usage,2026-05-26,2026-05-27,1.011689746,2.41,Snowflake,AWS_US_EAST_1,TU_US_NONCREDIT_TRUAUDIENCE_STAGE,TRUST_CENTER,TRUST_CENTER,TU_US_NONCREDIT_TRUAUDIENCE_STAGE,TU_US_NONCREDIT_TRUAUDIENCE_STAGE,"{""environment"":""Staging"",""team"":""TruAudience""}"
TU_US_NONCREDIT_TRUAUDIENCE_STAGE,TU_US_NONCREDIT_TRUAUDIENCE_STAGE,2026-05-01,2026-06-01,Usage,2026-05-26,2026-05-27,0.296189510,0.72,Snowflake,AWS_US_EAST_1,TU_US_NONCREDIT_TRUAUDIENCE_STAGE,SNOWFLAKE_INTELLIGENCE,SNOWFLAKE_INTELLIGENCE,TU_US_NONCREDIT_TRUAUDIENCE_STAGE,TU_US_NONCREDIT_TRUAUDIENCE_STAGE,"{""environment"":""Staging"",""team"":""TruAudience""}"
TU_US_NONCREDIT_TRUAUDIENCE_STAGE,TU_US_NONCREDIT_TRUAUDIENCE_STAGE,2026-05-01,2026-06-01,Usage,2026-05-26,2026-05-27,0.003300633,0.01,Snowflake,AWS_US_EAST_1,TU_US_NONCREDIT_TRUAUDIENCE_STAGE,CORTEX_SEARCH,CORTEX_SEARCH,TU_US_NONCREDIT_TRUAUDIENCE_STAGE,TU_US_NONCREDIT_TRUAUDIENCE_STAGE,"{""environment"":""Staging"",""team"":""TruAudience""}"
TU_US_NONCREDIT_TRUAUDIENCE_STAGE,TU_US_NONCREDIT_TRUAUDIENCE_STAGE,2026-05-01,2026-06-01,Usage,2026-05-26,2026-05-27,0.005288435,0.01,Snowflake,AWS_US_EAST_1,TU_US_NONCREDIT_TRUAUDIENCE_STAGE,AUTO_CLUSTERING,AUTO_CLUSTERING,TU_US_NONCREDIT_TRUAUDIENCE_STAGE,TU_US_NONCREDIT_TRUAUDIENCE_STAGE,"{""environment"":""Staging"",""team"":""TruAudience""}"
TU_US_NONCREDIT_TRUAUDIENCE_STAGE,TU_US_NONCREDIT_TRUAUDIENCE_STAGE,2026-05-01,2026-06-01,Usage,2026-05-26,2026-05-27,0.003102985,0.01,Snowflake,AWS_US_EAST_1,TU_US_NONCREDIT_TRUAUDIENCE_STAGE,TELEMETRY_DATA_INGEST,TELEMETRY_DATA_INGEST,TU_US_NONCREDIT_TRUAUDIENCE_STAGE,TU_US_NONCREDIT_TRUAUDIENCE_STAGE,"{""environment"":""Staging"",""team"":""TruAudience""}"
TU_US_NONCREDIT_TRUAUDIENCE_STAGE,TU_US_NONCREDIT_TRUAUDIENCE_STAGE,2026-05-01,2026-06-01,Usage,2026-05-26,2026-05-27,0.000123750,0.00,Snowflake,AWS_US_EAST_1,TU_US_NONCREDIT_TRUAUDIENCE_STAGE,AI_INFERENCE,AI_INFERENCE,TU_US_NONCREDIT_TRUAUDIENCE_STAGE,TU_US_NONCREDIT_TRUAUDIENCE_STAGE,"{""environment"":""Staging"",""team"":""TruAudience""}"
TU_US_NONCREDIT_TRUAUDIENCE_STAGE,TU_US_NONCREDIT_TRUAUDIENCE_STAGE,2026-05-01,2026-06-01,Usage,2026-05-25,2026-05-26,90.379199144,225.59,Snowflake,AWS_US_EAST_1,TU_US_NONCREDIT_TRUAUDIENCE_STAGE,WAREHOUSE_METERING,WAREHOUSE_METERING,TU_US_NONCREDIT_TRUAUDIENCE_STAGE,TU_US_NONCREDIT_TRUAUDIENCE_STAGE,"{""environment"":""Staging"",""team"":""TruAudience""}"
TU_US_NONCREDIT_TRUAUDIENCE_STAGE,TU_US_NONCREDIT_TRUAUDIENCE_STAGE,2026-05-01,2026-06-01,Usage,2026-05-25,2026-05-26,10.547398480,25.11,Snowflake,AWS_US_EAST_1,TU_US_NONCREDIT_TRUAUDIENCE_STAGE,SNOWFLAKE_INTELLIGENCE,SNOWFLAKE_INTELLIGENCE,TU_US_NONCREDIT_TRUAUDIENCE_STAGE,TU_US_NONCREDIT_TRUAUDIENCE_STAGE,"{""environment"":""Staging"",""team"":""TruAudience""}"
TU_US_NONCREDIT_TRUAUDIENCE_STAGE,TU_US_NONCREDIT_TRUAUDIENCE_STAGE,2026-05-01,2026-06-01,Usage,2026-05-25,2026-05-26,9.613495010,23.49,Snowflake,AWS_US_EAST_1,TU_US_NONCREDIT_TRUAUDIENCE_STAGE,CORTEX_CODE_SNOWSIGHT,CORTEX_CODE_SNOWSIGHT,TU_US_NONCREDIT_TRUAUDIENCE_STAGE,TU_US_NONCREDIT_TRUAUDIENCE_STAGE,"{""environment"":""Staging"",""team"":""TruAudience""}"
TU_US_NONCREDIT_TRUAUDIENCE_STAGE,TU_US_NONCREDIT_TRUAUDIENCE_STAGE,2026-05-01,2026-06-01,Usage,2026-05-25,2026-05-26,5.037316699,11.73,Snowflake,AWS_US_EAST_1,TU_US_NONCREDIT_TRUAUDIENCE_STAGE,SERVERLESS_TASK,SERVERLESS_TASK,TU_US_NONCREDIT_TRUAUDIENCE_STAGE,TU_US_NONCREDIT_TRUAUDIENCE_STAGE,"{""environment"":""Staging"",""team"":""TruAudience""}"
TU_US_NONCREDIT_TRUAUDIENCE_STAGE,TU_US_NONCREDIT_TRUAUDIENCE_STAGE,2026-05-01,2026-06-01,Usage,2026-05-25,2026-05-26,2.880583307,6.81,Snowflake,AWS_US_EAST_1,TU_US_NONCREDIT_TRUAUDIENCE_STAGE,SNOWPARK_CONTAINER_SERVICES,SNOWPARK_CONTAINER_SERVICES,TU_US_NONCREDIT_TRUAUDIENCE_STAGE,TU_US_NONCREDIT_TRUAUDIENCE_STAGE,"{""environment"":""Staging"",""team"":""TruAudience""}"
TU_US_NONCREDIT_TRUAUDIENCE_STAGE,TU_US_NONCREDIT_TRUAUDIENCE_STAGE,2026-05-01,2026-06-01,Usage,2026-05-25,2026-05-26,1.055020876,2.56,Snowflake,AWS_US_EAST_1,TU_US_NONCREDIT_TRUAUDIENCE_STAGE,TRUST_CENTER,TRUST_CENTER,TU_US_NONCREDIT_TRUAUDIENCE_STAGE,TU_US_NONCREDIT_TRUAUDIENCE_STAGE,"{""environment"":""Staging"",""team"":""TruAudience""}"
TU_US_NONCREDIT_TRUAUDIENCE_STAGE,TU_US_NONCREDIT_TRUAUDIENCE_STAGE,2026-05-01,2026-06-01,Usage,2026-05-25,2026-05-26,0.006561601,0.02,Snowflake,AWS_US_EAST_1,TU_US_NONCREDIT_TRUAUDIENCE_STAGE,AUTO_CLUSTERING,AUTO_CLUSTERING,TU_US_NONCREDIT_TRUAUDIENCE_STAGE,TU_US_NONCREDIT_TRUAUDIENCE_STAGE,"{""environment"":""Staging"",""team"":""TruAudience""}"
TU_US_NONCREDIT_TRUAUDIENCE_STAGE,TU_US_NONCREDIT_TRUAUDIENCE_STAGE,2026-05-01,2026-06-01,Usage,2026-05-25,2026-05-26,0.009559455,0.02,Snowflake,AWS_US_EAST_1,TU_US_NONCREDIT_TRUAUDIENCE_STAGE,TELEMETRY_DATA_INGEST,TELEMETRY_DATA_INGEST,TU_US_NONCREDIT_TRUAUDIENCE_STAGE,TU_US_NONCREDIT_TRUAUDIENCE_STAGE,"{""environment"":""Staging"",""team"":""TruAudience""}"
TU_US_NONCREDIT_TRUAUDIENCE_STAGE,TU_US_NONCREDIT_TRUAUDIENCE_STAGE,2026-05-01,2026-06-01,Usage,2026-05-25,2026-05-26,0.003299868,0.01,Snowflake,AWS_US_EAST_1,TU_US_NONCREDIT_TRUAUDIENCE_STAGE,CORTEX_SEARCH,CORTEX_SEARCH,TU_US_NONCREDIT_TRUAUDIENCE_STAGE,TU_US_NONCREDIT_TRUAUDIENCE_STAGE,"{""environment"":""Staging"",""team"":""TruAudience""}"
TU_US_NONCREDIT_TRUAUDIENCE_STAGE,TU_US_NONCREDIT_TRUAUDIENCE_STAGE,2026-05-01,2026-06-01,Usage,2026-05-24,2026-05-25,190.773510536,466.10,Snowflake,AWS_US_EAST_1,TU_US_NONCREDIT_TRUAUDIENCE_STAGE,WAREHOUSE_METERING,WAREHOUSE_METERING,TU_US_NONCREDIT_TRUAUDIENCE_STAGE,TU_US_NONCREDIT_TRUAUDIENCE_STAGE,"{""environment"":""Staging"",""team"":""TruAudience""}"
TU_US_NONCREDIT_TRUAUDIENCE_STAGE,TU_US_NONCREDIT_TRUAUDIENCE_STAGE,2026-05-01,2026-06-01,Usage,2026-05-24,2026-05-25,11.343104830,26.40,Snowflake,AWS_US_EAST_1,TU_US_NONCREDIT_TRUAUDIENCE_STAGE,SNOWFLAKE_INTELLIGENCE,SNOWFLAKE_INTELLIGENCE,TU_US_NONCREDIT_TRUAUDIENCE_STAGE,TU_US_NONCREDIT_TRUAUDIENCE_STAGE,"{""environment"":""Staging"",""team"":""TruAudience""}"
TU_US_NONCREDIT_TRUAUDIENCE_STAGE,TU_US_NONCREDIT_TRUAUDIENCE_STAGE,2026-05-01,2026-06-01,Usage,2026-05-24,2026-05-25,7.012590160,16.58,Snowflake,AWS_US_EAST_1,TU_US_NONCREDIT_TRUAUDIENCE_STAGE,CORTEX_CODE_SNOWSIGHT,CORTEX_CODE_SNOWSIGHT,TU_US_NONCREDIT_TRUAUDIENCE_STAGE,TU_US_NONCREDIT_TRUAUDIENCE_STAGE,"{""environment"":""Staging"",""team"":""TruAudience""}"
TU_US_NONCREDIT_TRUAUDIENCE_STAGE,TU_US_NONCREDIT_TRUAUDIENCE_STAGE,2026-05-01,2026-06-01,Usage,2026-05-24,2026-05-25,5.216742485,12.67,Snowflake,AWS_US_EAST_1,TU_US_NONCREDIT_TRUAUDIENCE_STAGE,SERVERLESS_TASK,SERVERLESS_TASK,TU_US_NONCREDIT_TRUAUDIENCE_STAGE,TU_US_NONCREDIT_TRUAUDIENCE_STAGE,"{""environment"":""Staging"",""team"":""TruAudience""}"
TU_US_NONCREDIT_TRUAUDIENCE_STAGE,TU_US_NONCREDIT_TRUAUDIENCE_STAGE,2026-05-01,2026-06-01,Usage,2026-05-24,2026-05-25,2.874416649,7.07,Snowflake,AWS_US_EAST_1,TU_US_NONCREDIT_TRUAUDIENCE_STAGE,SNOWPARK_CONTAINER_SERVICES,SNOWPARK_CONTAINER_SERVICES,TU_US_NONCREDIT_TRUAUDIENCE_STAGE,TU_US_NONCREDIT_TRUAUDIENCE_STAGE,"{""environment"":""Staging"",""team"":""TruAudience""}"
TU_US_NONCREDIT_TRUAUDIENCE_STAGE,TU_US_NONCREDIT_TRUAUDIENCE_STAGE,2026-05-01,2026-06-01,Usage,2026-05-24,2026-05-25,1.208020527,3.02,Snowflake,AWS_US_EAST_1,TU_US_NONCREDIT_TRUAUDIENCE_STAGE,TRUST_CENTER,TRUST_CENTER,TU_US_NONCREDIT_TRUAUDIENCE_STAGE,TU_US_NONCREDIT_TRUAUDIENCE_STAGE,"{""environment"":""Staging"",""team"":""TruAudience""}"
TU_US_NONCREDIT_TRUAUDIENCE_STAGE,TU_US_NONCREDIT_TRUAUDIENCE_STAGE,2026-05-01,2026-06-01,Usage,2026-05-24,2026-05-25,0.009489893,0.02,Snowflake,AWS_US_EAST_1,TU_US_NONCREDIT_TRUAUDIENCE_STAGE,TELEMETRY_DATA_INGEST,TELEMETRY_DATA_INGEST,TU_US_NONCREDIT_TRUAUDIENCE_STAGE,TU_US_NONCREDIT_TRUAUDIENCE_STAGE,"{""environment"":""Staging"",""team"":""TruAudience""}"
TU_US_NONCREDIT_TRUAUDIENCE_STAGE,TU_US_NONCREDIT_TRUAUDIENCE_STAGE,2026-05-01,2026-06-01,Usage,2026-05-24,2026-05-25,0.008667929,0.02,Snowflake,AWS_US_EAST_1,TU_US_NONCREDIT_TRUAUDIENCE_STAGE,AUTO_CLUSTERING,AUTO_CLUSTERING,TU_US_NONCREDIT_TRUAUDIENCE_STAGE,TU_US_NONCREDIT_TRUAUDIENCE_STAGE,"{""environment"":""Staging"",""team"":""TruAudience""}"
TU_US_NONCREDIT_TRUAUDIENCE_STAGE,TU_US_NONCREDIT_TRUAUDIENCE_STAGE,2026-05-01,2026-06-01,Usage,2026-05-24,2026-05-25,0.003126869,0.01,Snowflake,AWS_US_EAST_1,TU_US_NONCREDIT_TRUAUDIENCE_STAGE,CORTEX_SEARCH,CORTEX_SEARCH,TU_US_NONCREDIT_TRUAUDIENCE_STAGE,TU_US_NONCREDIT_TRUAUDIENCE_STAGE,"{""environment"":""Staging"",""team"":""TruAudience""}"
TU_US_NONCREDIT_TRUAUDIENCE_STAGE,TU_US_NONCREDIT_TRUAUDIENCE_STAGE,2026-05-01,2026-06-01,Usage,2026-05-24,2026-05-25,0.005796030,0.01,Snowflake,AWS_US_EAST_1,TU_US_NONCREDIT_TRUAUDIENCE_STAGE,AI_FUNCTIONS,AI_FUNCTIONS,TU_US_NONCREDIT_TRUAUDIENCE_STAGE,TU_US_NONCREDIT_TRUAUDIENCE_STAGE,"{""environment"":""Staging"",""team"":""TruAudience""}"
TU_US_NONCREDIT_TRUAUDIENCE_STAGE,TU_US_NONCREDIT_TRUAUDIENCE_STAGE,2026-05-01,2026-06-01,Usage,2026-05-24,2026-05-25,0.000458590,0.00,Snowflake,AWS_US_EAST_1,TU_US_NONCREDIT_TRUAUDIENCE_STAGE,AI_INFERENCE,AI_INFERENCE,TU_US_NONCREDIT_TRUAUDIENCE_STAGE,TU_US_NONCREDIT_TRUAUDIENCE_STAGE,"{""environment"":""Staging"",""team"":""TruAudience""}"
TU_US_NONCREDIT_TRUAUDIENCE_STAGE,TU_US_NONCREDIT_TRUAUDIENCE_STAGE,2026-05-01,2026-06-01,Usage,2026-05-23,2026-05-24,139.688960029,343.63,Snowflake,AWS_US_EAST_1,TU_US_NONCREDIT_TRUAUDIENCE_STAGE,WAREHOUSE_METERING,WAREHOUSE_METERING,TU_US_NONCREDIT_TRUAUDIENCE_STAGE,TU_US_NONCREDIT_TRUAUDIENCE_STAGE,"{""environment"":""Staging"",""team"":""TruAudience""}"
TU_US_NONCREDIT_TRUAUDIENCE_STAGE,TU_US_NONCREDIT_TRUAUDIENCE_STAGE,2026-05-01,2026-06-01,Usage,2026-05-23,2026-05-24,5.101753201,12.73,Snowflake,AWS_US_EAST_1,TU_US_NONCREDIT_TRUAUDIENCE_STAGE,SERVERLESS_TASK,SERVERLESS_TASK,TU_US_NONCREDIT_TRUAUDIENCE_STAGE,TU_US_NONCREDIT_TRUAUDIENCE_STAGE,"{""environment"":""Staging"",""team"":""TruAudience""}"
TU_US_NONCREDIT_TRUAUDIENCE_STAGE,TU_US_NONCREDIT_TRUAUDIENCE_STAGE,2026-05-01,2026-06-01,Usage,2026-05-23,2026-05-24,2.875283306,6.84,Snowflake,AWS_US_EAST_1,TU_US_NONCREDIT_TRUAUDIENCE_STAGE,SNOWPARK_CONTAINER_SERVICES,SNOWPARK_CONTAINER_SERVICES,TU_US_NONCREDIT_TRUAUDIENCE_STAGE,TU_US_NONCREDIT_TRUAUDIENCE_STAGE,"{""environment"":""Staging"",""team"":""TruAudience""}"
TU_US_NONCREDIT_TRUAUDIENCE_STAGE,TU_US_NONCREDIT_TRUAUDIENCE_STAGE,2026-05-01,2026-06-01,Usage,2026-05-23,2026-05-24,1.394984550,3.41,Snowflake,AWS_US_EAST_1,TU_US_NONCREDIT_TRUAUDIENCE_STAGE,CORTEX_CODE_SNOWSIGHT,CORTEX_CODE_SNOWSIGHT,TU_US_NONCREDIT_TRUAUDIENCE_STAGE,TU_US_NONCREDIT_TRUAUDIENCE_STAGE,"{""environment"":""Staging"",""team"":""TruAudience""}"
TU_US_NONCREDIT_TRUAUDIENCE_STAGE,TU_US_NONCREDIT_TRUAUDIENCE_STAGE,2026-05-01,2026-06-01,Usage,2026-05-23,2026-05-24,1.002692720,2.34,Snowflake,AWS_US_EAST_1,TU_US_NONCREDIT_TRUAUDIENCE_STAGE,SNOWFLAKE_INTELLIGENCE,SNOWFLAKE_INTELLIGENCE,TU_US_NONCREDIT_TRUAUDIENCE_STAGE,TU_US_NONCREDIT_TRUAUDIENCE_STAGE,"{""environment"":""Staging"",""team"":""TruAudience""}"
TU_US_NONCREDIT_TRUAUDIENCE_STAGE,TU_US_NONCREDIT_TRUAUDIENCE_STAGE,2026-05-01,2026-06-01,Usage,2026-05-23,2026-05-24,0.807542650,1.91,Snowflake,AWS_US_EAST_1,TU_US_NONCREDIT_TRUAUDIENCE_STAGE,TRUST_CENTER,TRUST_CENTER,TU_US_NONCREDIT_TRUAUDIENCE_STAGE,TU_US_NONCREDIT_TRUAUDIENCE_STAGE,"{""environment"":""Staging"",""team"":""TruAudience""}"
TU_US_NONCREDIT_TRUAUDIENCE_STAGE,TU_US_NONCREDIT_TRUAUDIENCE_STAGE,2026-05-01,2026-06-01,Usage,2026-05-23,2026-05-24,0.004182850,0.01,Snowflake,AWS_US_EAST_1,TU_US_NONCREDIT_TRUAUDIENCE_STAGE,TELEMETRY_DATA_INGEST,TELEMETRY_DATA_INGEST,TU_US_NONCREDIT_TRUAUDIENCE_STAGE,TU_US_NONCREDIT_TRUAUDIENCE_STAGE,"{""environment"":""Staging"",""team"":""TruAudience""}"
TU_US_NONCREDIT_TRUAUDIENCE_STAGE,TU_US_NONCREDIT_TRUAUDIENCE_STAGE,2026-05-01,2026-06-01,Usage,2026-05-23,2026-05-24,0.002440532,0.01,Snowflake,AWS_US_EAST_1,TU_US_NONCREDIT_TRUAUDIENCE_STAGE,CORTEX_SEARCH,CORTEX_SEARCH,TU_US_NONCREDIT_TRUAUDIENCE_STAGE,TU_US_NONCREDIT_TRUAUDIENCE_STAGE,"{""environment"":""Staging"",""team"":""TruAudience""}"
TU_US_NONCREDIT_TRUAUDIENCE_STAGE,TU_US_NONCREDIT_TRUAUDIENCE_STAGE,2026-05-01,2026-06-01,Usage,2026-05-23,2026-05-24,0.003330265,0.01,Snowflake,AWS_US_EAST_1,TU_US_NONCREDIT_TRUAUDIENCE_STAGE,AUTO_CLUSTERING,AUTO_CLUSTERING,TU_US_NONCREDIT_TRUAUDIENCE_STAGE,TU_US_NONCREDIT_TRUAUDIENCE_STAGE,"{""environment"":""Staging"",""team"":""TruAudience""}"
TU_US_NONCREDIT_TRUAUDIENCE_STAGE,TU_US_NONCREDIT_TRUAUDIENCE_STAGE,2026-05-01,2026-06-01,Usage,2026-05-23,2026-05-24,0.000372020,0.00,Snowflake,AWS_US_EAST_1,TU_US_NONCREDIT_TRUAUDIENCE_STAGE,AI_INFERENCE,AI_INFERENCE,TU_US_NONCREDIT_TRUAUDIENCE_STAGE,TU_US_NONCREDIT_TRUAUDIENCE_STAGE,"{""environment"":""Staging"",""team"":""TruAudience""}"
TU_US_NONCREDIT_TRUAUDIENCE_STAGE,TU_US_NONCREDIT_TRUAUDIENCE_STAGE,2026-05-01,2026-06-01,Usage,2026-05-22,2026-05-23,64.025054193,156.43,Snowflake,AWS_US_EAST_1,TU_US_NONCREDIT_TRUAUDIENCE_STAGE,WAREHOUSE_METERING,WAREHOUSE_METERING,TU_US_NONCREDIT_TRUAUDIENCE_STAGE,TU_US_NONCREDIT_TRUAUDIENCE_STAGE,"{""environment"":""Staging"",""team"":""TruAudience""}"
TU_US_NONCREDIT_TRUAUDIENCE_STAGE,TU_US_NONCREDIT_TRUAUDIENCE_STAGE,2026-05-01,2026-06-01,Usage,2026-05-22,2026-05-23,4.642122078,10.81,Snowflake,AWS_US_EAST_1,TU_US_NONCREDIT_TRUAUDIENCE_STAGE,SERVERLESS_TASK,SERVERLESS_TASK,TU_US_NONCREDIT_TRUAUDIENCE_STAGE,TU_US_NONCREDIT_TRUAUDIENCE_STAGE,"{""environment"":""Staging"",""team"":""TruAudience""}"
TU_US_NONCREDIT_TRUAUDIENCE_STAGE,TU_US_NONCREDIT_TRUAUDIENCE_STAGE,2026-05-01,2026-06-01,Usage,2026-05-22,2026-05-23,4.506756670,10.66,Snowflake,AWS_US_EAST_1,TU_US_NONCREDIT_TRUAUDIENCE_STAGE,SNOWFLAKE_INTELLIGENCE,SNOWFLAKE_INTELLIGENCE,TU_US_NONCREDIT_TRUAUDIENCE_STAGE,TU_US_NONCREDIT_TRUAUDIENCE_STAGE,"{""environment"":""Staging"",""team"":""TruAudience""}"
TU_US_NONCREDIT_TRUAUDIENCE_STAGE,TU_US_NONCREDIT_TRUAUDIENCE_STAGE,2026-05-01,2026-06-01,Usage,2026-05-22,2026-05-23,2.882483299,7.00,Snowflake,AWS_US_EAST_1,TU_US_NONCREDIT_TRUAUDIENCE_STAGE,SNOWPARK_CONTAINER_SERVICES,SNOWPARK_CONTAINER_SERVICES,TU_US_NONCREDIT_TRUAUDIENCE_STAGE,TU_US_NONCREDIT_TRUAUDIENCE_STAGE,"{""environment"":""Staging"",""team"":""TruAudience""}"
TU_US_NONCREDIT_TRUAUDIENCE_STAGE,TU_US_NONCREDIT_TRUAUDIENCE_STAGE,2026-05-01,2026-06-01,Usage,2026-05-22,2026-05-23,1.524596320,3.75,Snowflake,AWS_US_EAST_1,TU_US_NONCREDIT_TRUAUDIENCE_STAGE,CORTEX_CODE_SNOWSIGHT,CORTEX_CODE_SNOWSIGHT,TU_US_NONCREDIT_TRUAUDIENCE_STAGE,TU_US_NONCREDIT_TRUAUDIENCE_STAGE,"{""environment"":""Staging"",""team"":""TruAudience""}"
TU_US_NONCREDIT_TRUAUDIENCE_STAGE,TU_US_NONCREDIT_TRUAUDIENCE_STAGE,2026-05-01,2026-06-01,Usage,2026-05-22,2026-05-23,1.141323497,2.85,Snowflake,AWS_US_EAST_1,TU_US_NONCREDIT_TRUAUDIENCE_STAGE,TRUST_CENTER,TRUST_CENTER,TU_US_NONCREDIT_TRUAUDIENCE_STAGE,TU_US_NONCREDIT_TRUAUDIENCE_STAGE,"{""environment"":""Staging"",""team"":""TruAudience""}"
TU_US_NONCREDIT_TRUAUDIENCE_STAGE,TU_US_NONCREDIT_TRUAUDIENCE_STAGE,2026-05-01,2026-06-01,Usage,2026-05-22,2026-05-23,0.004038969,0.01,Snowflake,AWS_US_EAST_1,TU_US_NONCREDIT_TRUAUDIENCE_STAGE,TELEMETRY_DATA_INGEST,TELEMETRY_DATA_INGEST,TU_US_NONCREDIT_TRUAUDIENCE_STAGE,TU_US_NONCREDIT_TRUAUDIENCE_STAGE,"{""environment"":""Staging"",""team"":""TruAudience""}"
TU_US_NONCREDIT_TRUAUDIENCE_STAGE,TU_US_NONCREDIT_TRUAUDIENCE_STAGE,2026-05-01,2026-06-01,Usage,2026-05-22,2026-05-23,0.004314883,0.01,Snowflake,AWS_US_EAST_1,TU_US_NONCREDIT_TRUAUDIENCE_STAGE,AUTO_CLUSTERING,AUTO_CLUSTERING,TU_US_NONCREDIT_TRUAUDIENCE_STAGE,TU_US_NONCREDIT_TRUAUDIENCE_STAGE,"{""environment"":""Staging"",""team"":""TruAudience""}"
TU_US_NONCREDIT_TRUAUDIENCE_STAGE,TU_US_NONCREDIT_TRUAUDIENCE_STAGE,2026-05-01,2026-06-01,Usage,2026-05-22,2026-05-23,0.002448239,0.01,Snowflake,AWS_US_EAST_1,TU_US_NONCREDIT_TRUAUDIENCE_STAGE,CORTEX_SEARCH,CORTEX_SEARCH,TU_US_NONCREDIT_TRUAUDIENCE_STAGE,TU_US_NONCREDIT_TRUAUDIENCE_STAGE,"{""environment"":""Staging"",""team"":""TruAudience""}"
TU_US_NONCREDIT_TRUAUDIENCE_STAGE,TU_US_NONCREDIT_TRUAUDIENCE_STAGE,2026-05-01,2026-06-01,Usage,2026-05-22,2026-05-23,0.000305140,0.00,Snowflake,AWS_US_EAST_1,TU_US_NONCREDIT_TRUAUDIENCE_STAGE,AI_INFERENCE,AI_INFERENCE,TU_US_NONCREDIT_TRUAUDIENCE_STAGE,TU_US_NONCREDIT_TRUAUDIENCE_STAGE,"{""environment"":""Staging"",""team"":""TruAudience""}"
TU_US_NONCREDIT_TRUAUDIENCE_STAGE,TU_US_NONCREDIT_TRUAUDIENCE_STAGE,2026-05-01,2026-06-01,Usage,2026-05-21,2026-05-22,21.739152505,52.80,Snowflake,AWS_US_EAST_1,TU_US_NONCREDIT_TRUAUDIENCE_STAGE,WAREHOUSE_METERING,WAREHOUSE_METERING,TU_US_NONCREDIT_TRUAUDIENCE_STAGE,TU_US_NONCREDIT_TRUAUDIENCE_STAGE,"{""environment"":""Staging"",""team"":""TruAudience""}"
TU_US_NONCREDIT_TRUAUDIENCE_STAGE,TU_US_NONCREDIT_TRUAUDIENCE_STAGE,2026-05-01,2026-06-01,Usage,2026-05-21,2026-05-22,4.245790482,10.44,Snowflake,AWS_US_EAST_1,TU_US_NONCREDIT_TRUAUDIENCE_STAGE,SERVERLESS_TASK,SERVERLESS_TASK,TU_US_NONCREDIT_TRUAUDIENCE_STAGE,TU_US_NONCREDIT_TRUAUDIENCE_STAGE,"{""environment"":""Staging"",""team"":""TruAudience""}"
TU_US_NONCREDIT_TRUAUDIENCE_STAGE,TU_US_NONCREDIT_TRUAUDIENCE_STAGE,2026-05-01,2026-06-01,Usage,2026-05-21,2026-05-22,2.874249966,7.18,Snowflake,AWS_US_EAST_1,TU_US_NONCREDIT_TRUAUDIENCE_STAGE,SNOWPARK_CONTAINER_SERVICES,SNOWPARK_CONTAINER_SERVICES,TU_US_NONCREDIT_TRUAUDIENCE_STAGE,TU_US_NONCREDIT_TRUAUDIENCE_STAGE,"{""environment"":""Staging"",""team"":""TruAudience""}"
TU_US_NONCREDIT_TRUAUDIENCE_STAGE,TU_US_NONCREDIT_TRUAUDIENCE_STAGE,2026-05-01,2026-06-01,Usage,2026-05-21,2026-05-22,0.980549051,2.33,Snowflake,AWS_US_EAST_1,TU_US_NONCREDIT_TRUAUDIENCE_STAGE,TRUST_CENTER,TRUST_CENTER,TU_US_NONCREDIT_TRUAUDIENCE_STAGE,TU_US_NONCREDIT_TRUAUDIENCE_STAGE,"{""environment"":""Staging"",""team"":""TruAudience""}"
TU_US_NONCREDIT_TRUAUDIENCE_STAGE,TU_US_NONCREDIT_TRUAUDIENCE_STAGE,2026-05-01,2026-06-01,Usage,2026-05-21,2026-05-22,0.003011371,0.01,Snowflake,AWS_US_EAST_1,TU_US_NONCREDIT_TRUAUDIENCE_STAGE,AUTO_CLUSTERING,AUTO_CLUSTERING,TU_US_NONCREDIT_TRUAUDIENCE_STAGE,TU_US_NONCREDIT_TRUAUDIENCE_STAGE,"{""environment"":""Staging"",""team"":""TruAudience""}"
TU_US_NONCREDIT_TRUAUDIENCE_STAGE,TU_US_NONCREDIT_TRUAUDIENCE_STAGE,2026-05-01,2026-06-01,Usage,2026-05-21,2026-05-22,0.002304121,0.01,Snowflake,AWS_US_EAST_1,TU_US_NONCREDIT_TRUAUDIENCE_STAGE,TELEMETRY_DATA_INGEST,TELEMETRY_DATA_INGEST,TU_US_NONCREDIT_TRUAUDIENCE_STAGE,TU_US_NONCREDIT_TRUAUDIENCE_STAGE,"{""environment"":""Staging"",""team"":""TruAudience""}"
TU_US_NONCREDIT_TRUAUDIENCE_STAGE,TU_US_NONCREDIT_TRUAUDIENCE_STAGE,2026-05-01,2026-06-01,Usage,2026-05-21,2026-05-22,0.002442410,0.01,Snowflake,AWS_US_EAST_1,TU_US_NONCREDIT_TRUAUDIENCE_STAGE,CORTEX_SEARCH,CORTEX_SEARCH,TU_US_NONCREDIT_TRUAUDIENCE_STAGE,TU_US_NONCREDIT_TRUAUDIENCE_STAGE,"{""environment"":""Staging"",""team"":""TruAudience""}"
TU_US_NONCREDIT_TRUAUDIENCE_STAGE,TU_US_NONCREDIT_TRUAUDIENCE_STAGE,2026-05-01,2026-06-01,Usage,2026-05-20,2026-05-21,22.140618317,53.78,Snowflake,AWS_US_EAST_1,TU_US_NONCREDIT_TRUAUDIENCE_STAGE,WAREHOUSE_METERING,WAREHOUSE_METERING,TU_US_NONCREDIT_TRUAUDIENCE_STAGE,TU_US_NONCREDIT_TRUAUDIENCE_STAGE,"{""environment"":""Staging"",""team"":""TruAudience""}"
TU_US_NONCREDIT_TRUAUDIENCE_STAGE,TU_US_NONCREDIT_TRUAUDIENCE_STAGE,2026-05-01,2026-06-01,Usage,2026-05-20,2026-05-21,4.238505962,10.42,Snowflake,AWS_US_EAST_1,TU_US_NONCREDIT_TRUAUDIENCE_STAGE,SERVERLESS_TASK,SERVERLESS_TASK,TU_US_NONCREDIT_TRUAUDIENCE_STAGE,TU_US_NONCREDIT_TRUAUDIENCE_STAGE,"{""environment"":""Staging"",""team"":""TruAudience""}"
TU_US_NONCREDIT_TRUAUDIENCE_STAGE,TU_US_NONCREDIT_TRUAUDIENCE_STAGE,2026-05-01,2026-06-01,Usage,2026-05-20,2026-05-21,2.882383301,7.20,Snowflake,AWS_US_EAST_1,TU_US_NONCREDIT_TRUAUDIENCE_STAGE,SNOWPARK_CONTAINER_SERVICES,SNOWPARK_CONTAINER_SERVICES,TU_US_NONCREDIT_TRUAUDIENCE_STAGE,TU_US_NONCREDIT_TRUAUDIENCE_STAGE,"{""environment"":""Staging"",""team"":""TruAudience""}"
TU_US_NONCREDIT_TRUAUDIENCE_STAGE,TU_US_NONCREDIT_TRUAUDIENCE_STAGE,2026-05-01,2026-06-01,Usage,2026-05-20,2026-05-21,1.375797143,3.27,Snowflake,AWS_US_EAST_1,TU_US_NONCREDIT_TRUAUDIENCE_STAGE,TRUST_CENTER,TRUST_CENTER,TU_US_NONCREDIT_TRUAUDIENCE_STAGE,TU_US_NONCREDIT_TRUAUDIENCE_STAGE,"{""environment"":""Staging"",""team"":""TruAudience""}"
TU_US_NONCREDIT_TRUAUDIENCE_STAGE,TU_US_NONCREDIT_TRUAUDIENCE_STAGE,2026-05-01,2026-06-01,Usage,2026-05-20,2026-05-21,0.002384018,0.01,Snowflake,AWS_US_EAST_1,TU_US_NONCREDIT_TRUAUDIENCE_STAGE,TELEMETRY_DATA_INGEST,TELEMETRY_DATA_INGEST,TU_US_NONCREDIT_TRUAUDIENCE_STAGE,TU_US_NONCREDIT_TRUAUDIENCE_STAGE,"{""environment"":""Staging"",""team"":""TruAudience""}"
TU_US_NONCREDIT_TRUAUDIENCE_STAGE,TU_US_NONCREDIT_TRUAUDIENCE_STAGE,2026-05-01,2026-06-01,Usage,2026-05-20,2026-05-21,0.002445734,0.01,Snowflake,AWS_US_EAST_1,TU_US_NONCREDIT_TRUAUDIENCE_STAGE,CORTEX_SEARCH,CORTEX_SEARCH,TU_US_NONCREDIT_TRUAUDIENCE_STAGE,TU_US_NONCREDIT_TRUAUDIENCE_STAGE,"{""environment"":""Staging"",""team"":""TruAudience""}"
TU_US_NONCREDIT_TRUAUDIENCE_STAGE,TU_US_NONCREDIT_TRUAUDIENCE_STAGE,2026-05-01,2026-06-01,Usage,2026-05-20,2026-05-21,0.003016446,0.01,Snowflake,AWS_US_EAST_1,TU_US_NONCREDIT_TRUAUDIENCE_STAGE,AUTO_CLUSTERING,AUTO_CLUSTERING,TU_US_NONCREDIT_TRUAUDIENCE_STAGE,TU_US_NONCREDIT_TRUAUDIENCE_STAGE,"{""environment"":""Staging"",""team"":""TruAudience""}"
TU_US_NONCREDIT_TRUAUDIENCE_STAGE,TU_US_NONCREDIT_TRUAUDIENCE_STAGE,2026-05-01,2026-06-01,Usage,2026-05-19,2026-05-20,51.798073630,125.81,Snowflake,AWS_US_EAST_1,TU_US_NONCREDIT_TRUAUDIENCE_STAGE,WAREHOUSE_METERING,WAREHOUSE_METERING,TU_US_NONCREDIT_TRUAUDIENCE_STAGE,TU_US_NONCREDIT_TRUAUDIENCE_STAGE,"{""environment"":""Staging"",""team"":""TruAudience""}"
TU_US_NONCREDIT_TRUAUDIENCE_STAGE,TU_US_NONCREDIT_TRUAUDIENCE_STAGE,2026-05-01,2026-06-01,Usage,2026-05-19,2026-05-20,4.604889680,11.33,Snowflake,AWS_US_EAST_1,TU_US_NONCREDIT_TRUAUDIENCE_STAGE,SERVERLESS_TASK,SERVERLESS_TASK,TU_US_NONCREDIT_TRUAUDIENCE_STAGE,TU_US_NONCREDIT_TRUAUDIENCE_STAGE,"{""environment"":""Staging"",""team"":""TruAudience""}"
TU_US_NONCREDIT_TRUAUDIENCE_STAGE,TU_US_NONCREDIT_TRUAUDIENCE_STAGE,2026-05-01,2026-06-01,Usage,2026-05-19,2026-05-20,2.878333300,7.19,Snowflake,AWS_US_EAST_1,TU_US_NONCREDIT_TRUAUDIENCE_STAGE,SNOWPARK_CONTAINER_SERVICES,SNOWPARK_CONTAINER_SERVICES,TU_US_NONCREDIT_TRUAUDIENCE_STAGE,TU_US_NONCREDIT_TRUAUDIENCE_STAGE,"{""environment"":""Staging"",""team"":""TruAudience""}"
TU_US_NONCREDIT_TRUAUDIENCE_STAGE,TU_US_NONCREDIT_TRUAUDIENCE_STAGE,2026-05-01,2026-06-01,Usage,2026-05-19,2026-05-20,0.851348771,2.02,Snowflake,AWS_US_EAST_1,TU_US_NONCREDIT_TRUAUDIENCE_STAGE,TRUST_CENTER,TRUST_CENTER,TU_US_NONCREDIT_TRUAUDIENCE_STAGE,TU_US_NONCREDIT_TRUAUDIENCE_STAGE,"{""environment"":""Staging"",""team"":""TruAudience""}"
TU_US_NONCREDIT_TRUAUDIENCE_STAGE,TU_US_NONCREDIT_TRUAUDIENCE_STAGE,2026-05-01,2026-06-01,Usage,2026-05-19,2026-05-20,0.002372956,0.01,Snowflake,AWS_US_EAST_1,TU_US_NONCREDIT_TRUAUDIENCE_STAGE,TELEMETRY_DATA_INGEST,TELEMETRY_DATA_INGEST,TU_US_NONCREDIT_TRUAUDIENCE_STAGE,TU_US_NONCREDIT_TRUAUDIENCE_STAGE,"{""environment"":""Staging"",""team"":""TruAudience""}"
TU_US_NONCREDIT_TRUAUDIENCE_STAGE,TU_US_NONCREDIT_TRUAUDIENCE_STAGE,2026-05-01,2026-06-01,Usage,2026-05-19,2026-05-20,0.006199151,0.01,Snowflake,AWS_US_EAST_1,TU_US_NONCREDIT_TRUAUDIENCE_STAGE,AUTO_CLUSTERING,AUTO_CLUSTERING,TU_US_NONCREDIT_TRUAUDIENCE_STAGE,TU_US_NONCREDIT_TRUAUDIENCE_STAGE,"{""environment"":""Staging"",""team"":""TruAudience""}"
TU_US_NONCREDIT_TRUAUDIENCE_STAGE,TU_US_NONCREDIT_TRUAUDIENCE_STAGE,2026-05-01,2026-06-01,Usage,2026-05-19,2026-05-20,0.002444717,0.01,Snowflake,AWS_US_EAST_1,TU_US_NONCREDIT_TRUAUDIENCE_STAGE,CORTEX_SEARCH,CORTEX_SEARCH,TU_US_NONCREDIT_TRUAUDIENCE_STAGE,TU_US_NONCREDIT_TRUAUDIENCE_STAGE,"{""environment"":""Staging"",""team"":""TruAudience""}"
TU_US_NONCREDIT_TRUAUDIENCE_STAGE,TU_US_NONCREDIT_TRUAUDIENCE_STAGE,2026-05-01,2026-06-01,Usage,2026-05-18,2026-05-19,66.859189179,162.39,Snowflake,AWS_US_EAST_1,TU_US_NONCREDIT_TRUAUDIENCE_STAGE,WAREHOUSE_METERING,WAREHOUSE_METERING,TU_US_NONCREDIT_TRUAUDIENCE_STAGE,TU_US_NONCREDIT_TRUAUDIENCE_STAGE,"{""environment"":""Staging"",""team"":""TruAudience""}"
TU_US_NONCREDIT_TRUAUDIENCE_STAGE,TU_US_NONCREDIT_TRUAUDIENCE_STAGE,2026-05-01,2026-06-01,Usage,2026-05-18,2026-05-19,8.354877300,20.55,Snowflake,AWS_US_EAST_1,TU_US_NONCREDIT_TRUAUDIENCE_STAGE,SNOWFLAKE_INTELLIGENCE,SNOWFLAKE_INTELLIGENCE,TU_US_NONCREDIT_TRUAUDIENCE_STAGE,TU_US_NONCREDIT_TRUAUDIENCE_STAGE,"{""environment"":""Staging"",""team"":""TruAudience""}"
TU_US_NONCREDIT_TRUAUDIENCE_STAGE,TU_US_NONCREDIT_TRUAUDIENCE_STAGE,2026-05-01,2026-06-01,Usage,2026-05-18,2026-05-19,4.850052632,12.11,Snowflake,AWS_US_EAST_1,TU_US_NONCREDIT_TRUAUDIENCE_STAGE,SERVERLESS_TASK,SERVERLESS_TASK,TU_US_NONCREDIT_TRUAUDIENCE_STAGE,TU_US_NONCREDIT_TRUAUDIENCE_STAGE,"{""environment"":""Staging"",""team"":""TruAudience""}"
TU_US_NONCREDIT_TRUAUDIENCE_STAGE,TU_US_NONCREDIT_TRUAUDIENCE_STAGE,2026-05-01,2026-06-01,Usage,2026-05-18,2026-05-19,2.875266634,6.84,Snowflake,AWS_US_EAST_1,TU_US_NONCREDIT_TRUAUDIENCE_STAGE,SNOWPARK_CONTAINER_SERVICES,SNOWPARK_CONTAINER_SERVICES,TU_US_NONCREDIT_TRUAUDIENCE_STAGE,TU_US_NONCREDIT_TRUAUDIENCE_STAGE,"{""environment"":""Staging"",""team"":""TruAudience""}"
TU_US_NONCREDIT_TRUAUDIENCE_STAGE,TU_US_NONCREDIT_TRUAUDIENCE_STAGE,2026-05-01,2026-06-01,Usage,2026-05-18,2026-05-19,0.741980457,1.81,Snowflake,AWS_US_EAST_1,TU_US_NONCREDIT_TRUAUDIENCE_STAGE,TRUST_CENTER,TRUST_CENTER,TU_US_NONCREDIT_TRUAUDIENCE_STAGE,TU_US_NONCREDIT_TRUAUDIENCE_STAGE,"{""environment"":""Staging"",""team"":""TruAudience""}"
TU_US_NONCREDIT_TRUAUDIENCE_STAGE,TU_US_NONCREDIT_TRUAUDIENCE_STAGE,2026-05-01,2026-06-01,Usage,2026-05-18,2026-05-19,0.006363850,0.02,Snowflake,AWS_US_EAST_1,TU_US_NONCREDIT_TRUAUDIENCE_STAGE,AUTO_CLUSTERING,AUTO_CLUSTERING,TU_US_NONCREDIT_TRUAUDIENCE_STAGE,TU_US_NONCREDIT_TRUAUDIENCE_STAGE,"{""environment"":""Staging"",""team"":""TruAudience""}"
TU_US_NONCREDIT_TRUAUDIENCE_STAGE,TU_US_NONCREDIT_TRUAUDIENCE_STAGE,2026-05-01,2026-06-01,Usage,2026-05-18,2026-05-19,0.002440111,0.01,Snowflake,AWS_US_EAST_1,TU_US_NONCREDIT_TRUAUDIENCE_STAGE,CORTEX_SEARCH,CORTEX_SEARCH,TU_US_NONCREDIT_TRUAUDIENCE_STAGE,TU_US_NONCREDIT_TRUAUDIENCE_STAGE,"{""environment"":""Staging"",""team"":""TruAudience""}"
TU_US_NONCREDIT_TRUAUDIENCE_STAGE,TU_US_NONCREDIT_TRUAUDIENCE_STAGE,2026-05-01,2026-06-01,Usage,2026-05-18,2026-05-19,0.002586783,0.01,Snowflake,AWS_US_EAST_1,TU_US_NONCREDIT_TRUAUDIENCE_STAGE,TELEMETRY_DATA_INGEST,TELEMETRY_DATA_INGEST,TU_US_NONCREDIT_TRUAUDIENCE_STAGE,TU_US_NONCREDIT_TRUAUDIENCE_STAGE,"{""environment"":""Staging"",""team"":""TruAudience""}"
TU_US_NONCREDIT_TRUAUDIENCE_STAGE,TU_US_NONCREDIT_TRUAUDIENCE_STAGE,2026-05-01,2026-06-01,Usage,2026-05-18,2026-05-19,0.000058300,0.00,Snowflake,AWS_US_EAST_1,TU_US_NONCREDIT_TRUAUDIENCE_STAGE,AI_INFERENCE,AI_INFERENCE,TU_US_NONCREDIT_TRUAUDIENCE_STAGE,TU_US_NONCREDIT_TRUAUDIENCE_STAGE,"{""environment"":""Staging"",""team"":""TruAudience""}"
TU_US_NONCREDIT_TRUAUDIENCE_STAGE,TU_US_NONCREDIT_TRUAUDIENCE_STAGE,2026-05-01,2026-06-01,Usage,2026-05-17,2026-05-18,64.537594152,161.09,Snowflake,AWS_US_EAST_1,TU_US_NONCREDIT_TRUAUDIENCE_STAGE,WAREHOUSE_METERING,WAREHOUSE_METERING,TU_US_NONCREDIT_TRUAUDIENCE_STAGE,TU_US_NONCREDIT_TRUAUDIENCE_STAGE,"{""environment"":""Staging"",""team"":""TruAudience""}"
TU_US_NONCREDIT_TRUAUDIENCE_STAGE,TU_US_NONCREDIT_TRUAUDIENCE_STAGE,2026-05-01,2026-06-01,Usage,2026-05-17,2026-05-18,4.719601743,11.24,Snowflake,AWS_US_EAST_1,TU_US_NONCREDIT_TRUAUDIENCE_STAGE,SERVERLESS_TASK,SERVERLESS_TASK,TU_US_NONCREDIT_TRUAUDIENCE_STAGE,TU_US_NONCREDIT_TRUAUDIENCE_STAGE,"{""environment"":""Staging"",""team"":""TruAudience""}"
TU_US_NONCREDIT_TRUAUDIENCE_STAGE,TU_US_NONCREDIT_TRUAUDIENCE_STAGE,2026-05-01,2026-06-01,Usage,2026-05-17,2026-05-18,2.881199971,7.03,Snowflake,AWS_US_EAST_1,TU_US_NONCREDIT_TRUAUDIENCE_STAGE,SNOWPARK_CONTAINER_SERVICES,SNOWPARK_CONTAINER_SERVICES,TU_US_NONCREDIT_TRUAUDIENCE_STAGE,TU_US_NONCREDIT_TRUAUDIENCE_STAGE,"{""environment"":""Staging"",""team"":""TruAudience""}"
TU_US_NONCREDIT_TRUAUDIENCE_STAGE,TU_US_NONCREDIT_TRUAUDIENCE_STAGE,2026-05-01,2026-06-01,Usage,2026-05-17,2026-05-18,1.110302638,2.58,Snowflake,AWS_US_EAST_1,TU_US_NONCREDIT_TRUAUDIENCE_STAGE,TRUST_CENTER,TRUST_CENTER,TU_US_NONCREDIT_TRUAUDIENCE_STAGE,TU_US_NONCREDIT_TRUAUDIENCE_STAGE,"{""environment"":""Staging"",""team"":""TruAudience""}"
TU_US_NONCREDIT_TRUAUDIENCE_STAGE,TU_US_NONCREDIT_TRUAUDIENCE_STAGE,2026-05-01,2026-06-01,Usage,2026-05-17,2026-05-18,0.097619180,0.23,Snowflake,AWS_US_EAST_1,TU_US_NONCREDIT_TRUAUDIENCE_STAGE,SNOWFLAKE_INTELLIGENCE,SNOWFLAKE_INTELLIGENCE,TU_US_NONCREDIT_TRUAUDIENCE_STAGE,TU_US_NONCREDIT_TRUAUDIENCE_STAGE,"{""environment"":""Staging"",""team"":""TruAudience""}"
TU_US_NONCREDIT_TRUAUDIENCE_STAGE,TU_US_NONCREDIT_TRUAUDIENCE_STAGE,2026-05-01,2026-06-01,Usage,2026-05-17,2026-05-18,0.034286250,0.08,Snowflake,AWS_US_EAST_1,TU_US_NONCREDIT_TRUAUDIENCE_STAGE,CORTEX_CODE_SNOWSIGHT,CORTEX_CODE_SNOWSIGHT,TU_US_NONCREDIT_TRUAUDIENCE_STAGE,TU_US_NONCREDIT_TRUAUDIENCE_STAGE,"{""environment"":""Staging"",""team"":""TruAudience""}"
TU_US_NONCREDIT_TRUAUDIENCE_STAGE,TU_US_NONCREDIT_TRUAUDIENCE_STAGE,2026-05-01,2026-06-01,Usage,2026-05-17,2026-05-18,0.005193062,0.01,Snowflake,AWS_US_EAST_1,TU_US_NONCREDIT_TRUAUDIENCE_STAGE,AUTO_CLUSTERING,AUTO_CLUSTERING,TU_US_NONCREDIT_TRUAUDIENCE_STAGE,TU_US_NONCREDIT_TRUAUDIENCE_STAGE,"{""environment"":""Staging"",""team"":""TruAudience""}"
TU_US_NONCREDIT_TRUAUDIENCE_STAGE,TU_US_NONCREDIT_TRUAUDIENCE_STAGE,2026-05-01,2026-06-01,Usage,2026-05-17,2026-05-18,0.002437478,0.01,Snowflake,AWS_US_EAST_1,TU_US_NONCREDIT_TRUAUDIENCE_STAGE,CORTEX_SEARCH,CORTEX_SEARCH,TU_US_NONCREDIT_TRUAUDIENCE_STAGE,TU_US_NONCREDIT_TRUAUDIENCE_STAGE,"{""environment"":""Staging"",""team"":""TruAudience""}"
TU_US_NONCREDIT_TRUAUDIENCE_STAGE,TU_US_NONCREDIT_TRUAUDIENCE_STAGE,2026-05-01,2026-06-01,Usage,2026-05-17,2026-05-18,0.003061727,0.01,Snowflake,AWS_US_EAST_1,TU_US_NONCREDIT_TRUAUDIENCE_STAGE,TELEMETRY_DATA_INGEST,TELEMETRY_DATA_INGEST,TU_US_NONCREDIT_TRUAUDIENCE_STAGE,TU_US_NONCREDIT_TRUAUDIENCE_STAGE,"{""environment"":""Staging"",""team"":""TruAudience""}"
TU_US_NONCREDIT_TRUAUDIENCE_STAGE,TU_US_NONCREDIT_TRUAUDIENCE_STAGE,2026-05-01,2026-06-01,Usage,2026-05-17,2026-05-18,0.000245630,0.00,Snowflake,AWS_US_EAST_1,TU_US_NONCREDIT_TRUAUDIENCE_STAGE,AI_INFERENCE,AI_INFERENCE,TU_US_NONCREDIT_TRUAUDIENCE_STAGE,TU_US_NONCREDIT_TRUAUDIENCE_STAGE,"{""environment"":""Staging"",""team"":""TruAudience""}"
TU_US_NONCREDIT_TRUAUDIENCE_STAGE,TU_US_NONCREDIT_TRUAUDIENCE_STAGE,2026-05-01,2026-06-01,Usage,2026-05-16,2026-05-17,73.505606111,171.12,Snowflake,AWS_US_EAST_1,TU_US_NONCREDIT_TRUAUDIENCE_STAGE,WAREHOUSE_METERING,WAREHOUSE_METERING,TU_US_NONCREDIT_TRUAUDIENCE_STAGE,TU_US_NONCREDIT_TRUAUDIENCE_STAGE,"{""environment"":""Staging"",""team"":""TruAudience""}"
TU_US_NONCREDIT_TRUAUDIENCE_STAGE,TU_US_NONCREDIT_TRUAUDIENCE_STAGE,2026-05-01,2026-06-01,Usage,2026-05-16,2026-05-17,4.663661919,11.02,Snowflake,AWS_US_EAST_1,TU_US_NONCREDIT_TRUAUDIENCE_STAGE,SERVERLESS_TASK,SERVERLESS_TASK,TU_US_NONCREDIT_TRUAUDIENCE_STAGE,TU_US_NONCREDIT_TRUAUDIENCE_STAGE,"{""environment"":""Staging"",""team"":""TruAudience""}"
TU_US_NONCREDIT_TRUAUDIENCE_STAGE,TU_US_NONCREDIT_TRUAUDIENCE_STAGE,2026-05-01,2026-06-01,Usage,2026-05-16,2026-05-17,2.878599971,6.99,Snowflake,AWS_US_EAST_1,TU_US_NONCREDIT_TRUAUDIENCE_STAGE,SNOWPARK_CONTAINER_SERVICES,SNOWPARK_CONTAINER_SERVICES,TU_US_NONCREDIT_TRUAUDIENCE_STAGE,TU_US_NONCREDIT_TRUAUDIENCE_STAGE,"{""environment"":""Staging"",""team"":""TruAudience""}"
TU_US_NONCREDIT_TRUAUDIENCE_STAGE,TU_US_NONCREDIT_TRUAUDIENCE_STAGE,2026-05-01,2026-06-01,Usage,2026-05-16,2026-05-17,1.638714390,4.03,Snowflake,AWS_US_EAST_1,TU_US_NONCREDIT_TRUAUDIENCE_STAGE,CORTEX_CODE_SNOWSIGHT,CORTEX_CODE_SNOWSIGHT,TU_US_NONCREDIT_TRUAUDIENCE_STAGE,TU_US_NONCREDIT_TRUAUDIENCE_STAGE,"{""environment"":""Staging"",""team"":""TruAudience""}"
TU_US_NONCREDIT_TRUAUDIENCE_STAGE,TU_US_NONCREDIT_TRUAUDIENCE_STAGE,2026-05-01,2026-06-01,Usage,2026-05-16,2026-05-17,0.885920664,2.22,Snowflake,AWS_US_EAST_1,TU_US_NONCREDIT_TRUAUDIENCE_STAGE,TRUST_CENTER,TRUST_CENTER,TU_US_NONCREDIT_TRUAUDIENCE_STAGE,TU_US_NONCREDIT_TRUAUDIENCE_STAGE,"{""environment"":""Staging"",""team"":""TruAudience""}"
TU_US_NONCREDIT_TRUAUDIENCE_STAGE,TU_US_NONCREDIT_TRUAUDIENCE_STAGE,2026-05-01,2026-06-01,Usage,2026-05-16,2026-05-17,0.002438862,0.01,Snowflake,AWS_US_EAST_1,TU_US_NONCREDIT_TRUAUDIENCE_STAGE,CORTEX_SEARCH,CORTEX_SEARCH,TU_US_NONCREDIT_TRUAUDIENCE_STAGE,TU_US_NONCREDIT_TRUAUDIENCE_STAGE,"{""environment"":""Staging"",""team"":""TruAudience""}"
TU_US_NONCREDIT_TRUAUDIENCE_STAGE,TU_US_NONCREDIT_TRUAUDIENCE_STAGE,2026-05-01,2026-06-01,Usage,2026-05-16,2026-05-17,0.005317534,0.01,Snowflake,AWS_US_EAST_1,TU_US_NONCREDIT_TRUAUDIENCE_STAGE,AUTO_CLUSTERING,AUTO_CLUSTERING,TU_US_NONCREDIT_TRUAUDIENCE_STAGE,TU_US_NONCREDIT_TRUAUDIENCE_STAGE,"{""environment"":""Staging"",""team"":""TruAudience""}"
TU_US_NONCREDIT_TRUAUDIENCE_STAGE,TU_US_NONCREDIT_TRUAUDIENCE_STAGE,2026-05-01,2026-06-01,Usage,2026-05-16,2026-05-17,0.003372809,0.01,Snowflake,AWS_US_EAST_1,TU_US_NONCREDIT_TRUAUDIENCE_STAGE,TELEMETRY_DATA_INGEST,TELEMETRY_DATA_INGEST,TU_US_NONCREDIT_TRUAUDIENCE_STAGE,TU_US_NONCREDIT_TRUAUDIENCE_STAGE,"{""environment"":""Staging"",""team"":""TruAudience""}"
TU_US_NONCREDIT_TRUAUDIENCE_STAGE,TU_US_NONCREDIT_TRUAUDIENCE_STAGE,2026-05-01,2026-06-01,Usage,2026-05-15,2026-05-16,83.372102783,197.09,Snowflake,AWS_US_EAST_1,TU_US_NONCREDIT_TRUAUDIENCE_STAGE,WAREHOUSE_METERING,WAREHOUSE_METERING,TU_US_NONCREDIT_TRUAUDIENCE_STAGE,TU_US_NONCREDIT_TRUAUDIENCE_STAGE,"{""environment"":""Staging"",""team"":""TruAudience""}"
TU_US_NONCREDIT_TRUAUDIENCE_STAGE,TU_US_NONCREDIT_TRUAUDIENCE_STAGE,2026-05-01,2026-06-01,Usage,2026-05-15,2026-05-16,4.308444352,10.46,Snowflake,AWS_US_EAST_1,TU_US_NONCREDIT_TRUAUDIENCE_STAGE,SERVERLESS_TASK,SERVERLESS_TASK,TU_US_NONCREDIT_TRUAUDIENCE_STAGE,TU_US_NONCREDIT_TRUAUDIENCE_STAGE,"{""environment"":""Staging"",""team"":""TruAudience""}"
TU_US_NONCREDIT_TRUAUDIENCE_STAGE,TU_US_NONCREDIT_TRUAUDIENCE_STAGE,2026-05-01,2026-06-01,Usage,2026-05-15,2026-05-16,2.876416635,7.07,Snowflake,AWS_US_EAST_1,TU_US_NONCREDIT_TRUAUDIENCE_STAGE,SNOWPARK_CONTAINER_SERVICES,SNOWPARK_CONTAINER_SERVICES,TU_US_NONCREDIT_TRUAUDIENCE_STAGE,TU_US_NONCREDIT_TRUAUDIENCE_STAGE,"{""environment"":""Staging"",""team"":""TruAudience""}"
TU_US_NONCREDIT_TRUAUDIENCE_STAGE,TU_US_NONCREDIT_TRUAUDIENCE_STAGE,2026-05-01,2026-06-01,Usage,2026-05-15,2026-05-16,0.865287735,2.16,Snowflake,AWS_US_EAST_1,TU_US_NONCREDIT_TRUAUDIENCE_STAGE,TRUST_CENTER,TRUST_CENTER,TU_US_NONCREDIT_TRUAUDIENCE_STAGE,TU_US_NONCREDIT_TRUAUDIENCE_STAGE,"{""environment"":""Staging"",""team"":""TruAudience""}"
TU_US_NONCREDIT_TRUAUDIENCE_STAGE,TU_US_NONCREDIT_TRUAUDIENCE_STAGE,2026-05-01,2026-06-01,Usage,2026-05-15,2026-05-16,0.330307100,0.78,Snowflake,AWS_US_EAST_1,TU_US_NONCREDIT_TRUAUDIENCE_STAGE,CORTEX_CODE_SNOWSIGHT,CORTEX_CODE_SNOWSIGHT,TU_US_NONCREDIT_TRUAUDIENCE_STAGE,TU_US_NONCREDIT_TRUAUDIENCE_STAGE,"{""environment"":""Staging"",""team"":""TruAudience""}"
TU_US_NONCREDIT_TRUAUDIENCE_STAGE,TU_US_NONCREDIT_TRUAUDIENCE_STAGE,2026-05-01,2026-06-01,Usage,2026-05-15,2026-05-16,0.003663641,0.01,Snowflake,AWS_US_EAST_1,TU_US_NONCREDIT_TRUAUDIENCE_STAGE,AUTO_CLUSTERING,AUTO_CLUSTERING,TU_US_NONCREDIT_TRUAUDIENCE_STAGE,TU_US_NONCREDIT_TRUAUDIENCE_STAGE,"{""environment"":""Staging"",""team"":""TruAudience""}"
TU_US_NONCREDIT_TRUAUDIENCE_STAGE,TU_US_NONCREDIT_TRUAUDIENCE_STAGE,2026-05-01,2026-06-01,Usage,2026-05-15,2026-05-16,0.002410574,0.01,Snowflake,AWS_US_EAST_1,TU_US_NONCREDIT_TRUAUDIENCE_STAGE,TELEMETRY_DATA_INGEST,TELEMETRY_DATA_INGEST,TU_US_NONCREDIT_TRUAUDIENCE_STAGE,TU_US_NONCREDIT_TRUAUDIENCE_STAGE,"{""environment"":""Staging"",""team"":""TruAudience""}"
TU_US_NONCREDIT_TRUAUDIENCE_STAGE,TU_US_NONCREDIT_TRUAUDIENCE_STAGE,2026-05-01,2026-06-01,Usage,2026-05-15,2026-05-16,0.002435424,0.01,Snowflake,AWS_US_EAST_1,TU_US_NONCREDIT_TRUAUDIENCE_STAGE,CORTEX_SEARCH,CORTEX_SEARCH,TU_US_NONCREDIT_TRUAUDIENCE_STAGE,TU_US_NONCREDIT_TRUAUDIENCE_STAGE,"{""environment"":""Staging"",""team"":""TruAudience""}"
TU_US_NONCREDIT_TRUAUDIENCE_STAGE,TU_US_NONCREDIT_TRUAUDIENCE_STAGE,2026-05-01,2026-06-01,Usage,2026-05-15,2026-05-16,0.000171050,0.00,Snowflake,AWS_US_EAST_1,TU_US_NONCREDIT_TRUAUDIENCE_STAGE,AI_INFERENCE,AI_INFERENCE,TU_US_NONCREDIT_TRUAUDIENCE_STAGE,TU_US_NONCREDIT_TRUAUDIENCE_STAGE,"{""environment"":""Staging"",""team"":""TruAudience""}"
TU_US_NONCREDIT_TRUAUDIENCE_STAGE,TU_US_NONCREDIT_TRUAUDIENCE_STAGE,2026-05-01,2026-06-01,Usage,2026-05-14,2026-05-15,45.605860595,112.19,Snowflake,AWS_US_EAST_1,TU_US_NONCREDIT_TRUAUDIENCE_STAGE,WAREHOUSE_METERING,WAREHOUSE_METERING,TU_US_NONCREDIT_TRUAUDIENCE_STAGE,TU_US_NONCREDIT_TRUAUDIENCE_STAGE,"{""environment"":""Staging"",""team"":""TruAudience""}"
TU_US_NONCREDIT_TRUAUDIENCE_STAGE,TU_US_NONCREDIT_TRUAUDIENCE_STAGE,2026-05-01,2026-06-01,Usage,2026-05-14,2026-05-15,3.348250608,8.36,Snowflake,AWS_US_EAST_1,TU_US_NONCREDIT_TRUAUDIENCE_STAGE,SERVERLESS_TASK,SERVERLESS_TASK,TU_US_NONCREDIT_TRUAUDIENCE_STAGE,TU_US_NONCREDIT_TRUAUDIENCE_STAGE,"{""environment"":""Staging"",""team"":""TruAudience""}"
TU_US_NONCREDIT_TRUAUDIENCE_STAGE,TU_US_NONCREDIT_TRUAUDIENCE_STAGE,2026-05-01,2026-06-01,Usage,2026-05-14,2026-05-15,2.883899968,6.86,Snowflake,AWS_US_EAST_1,TU_US_NONCREDIT_TRUAUDIENCE_STAGE,SNOWPARK_CONTAINER_SERVICES,SNOWPARK_CONTAINER_SERVICES,TU_US_NONCREDIT_TRUAUDIENCE_STAGE,TU_US_NONCREDIT_TRUAUDIENCE_STAGE,"{""environment"":""Staging"",""team"":""TruAudience""}"
TU_US_NONCREDIT_TRUAUDIENCE_STAGE,TU_US_NONCREDIT_TRUAUDIENCE_STAGE,2026-05-01,2026-06-01,Usage,2026-05-14,2026-05-15,0.807228174,1.97,Snowflake,AWS_US_EAST_1,TU_US_NONCREDIT_TRUAUDIENCE_STAGE,TRUST_CENTER,TRUST_CENTER,TU_US_NONCREDIT_TRUAUDIENCE_STAGE,TU_US_NONCREDIT_TRUAUDIENCE_STAGE,"{""environment"":""Staging"",""team"":""TruAudience""}"
TU_US_NONCREDIT_TRUAUDIENCE_STAGE,TU_US_NONCREDIT_TRUAUDIENCE_STAGE,2026-05-01,2026-06-01,Usage,2026-05-14,2026-05-15,0.075716730,0.17,Snowflake,AWS_US_EAST_1,TU_US_NONCREDIT_TRUAUDIENCE_STAGE,CORTEX_CODE_SNOWSIGHT,CORTEX_CODE_SNOWSIGHT,TU_US_NONCREDIT_TRUAUDIENCE_STAGE,TU_US_NONCREDIT_TRUAUDIENCE_STAGE,"{""environment"":""Staging"",""team"":""TruAudience""}"
TU_US_NONCREDIT_TRUAUDIENCE_STAGE,TU_US_NONCREDIT_TRUAUDIENCE_STAGE,2026-05-01,2026-06-01,Usage,2026-05-14,2026-05-15,0.002437301,0.01,Snowflake,AWS_US_EAST_1,TU_US_NONCREDIT_TRUAUDIENCE_STAGE,CORTEX_SEARCH,CORTEX_SEARCH,TU_US_NONCREDIT_TRUAUDIENCE_STAGE,TU_US_NONCREDIT_TRUAUDIENCE_STAGE,"{""environment"":""Staging"",""team"":""TruAudience""}"
TU_US_NONCREDIT_TRUAUDIENCE_STAGE,TU_US_NONCREDIT_TRUAUDIENCE_STAGE,2026-05-01,2026-06-01,Usage,2026-05-14,2026-05-15,0.003903189,0.01,Snowflake,AWS_US_EAST_1,TU_US_NONCREDIT_TRUAUDIENCE_STAGE,AUTO_CLUSTERING,AUTO_CLUSTERING,TU_US_NONCREDIT_TRUAUDIENCE_STAGE,TU_US_NONCREDIT_TRUAUDIENCE_STAGE,"{""environment"":""Staging"",""team"":""TruAudience""}"
TU_US_NONCREDIT_TRUAUDIENCE_STAGE,TU_US_NONCREDIT_TRUAUDIENCE_STAGE,2026-05-01,2026-06-01,Usage,2026-05-14,2026-05-15,0.002626621,0.01,Snowflake,AWS_US_EAST_1,TU_US_NONCREDIT_TRUAUDIENCE_STAGE,TELEMETRY_DATA_INGEST,TELEMETRY_DATA_INGEST,TU_US_NONCREDIT_TRUAUDIENCE_STAGE,TU_US_NONCREDIT_TRUAUDIENCE_STAGE,"{""environment"":""Staging"",""team"":""TruAudience""}"
TU_US_NONCREDIT_TRUAUDIENCE_STAGE,TU_US_NONCREDIT_TRUAUDIENCE_STAGE,2026-05-01,2026-06-01,Usage,2026-05-14,2026-05-15,0.000174240,0.00,Snowflake,AWS_US_EAST_1,TU_US_NONCREDIT_TRUAUDIENCE_STAGE,AI_INFERENCE,AI_INFERENCE,TU_US_NONCREDIT_TRUAUDIENCE_STAGE,TU_US_NONCREDIT_TRUAUDIENCE_STAGE,"{""environment"":""Staging"",""team"":""TruAudience""}"
TU_US_NONCREDIT_TRUAUDIENCE_STAGE,TU_US_NONCREDIT_TRUAUDIENCE_STAGE,2026-05-01,2026-06-01,Usage,2026-05-13,2026-05-14,51.558866959,122.75,Snowflake,AWS_US_EAST_1,TU_US_NONCREDIT_TRUAUDIENCE_STAGE,WAREHOUSE_METERING,WAREHOUSE_METERING,TU_US_NONCREDIT_TRUAUDIENCE_STAGE,TU_US_NONCREDIT_TRUAUDIENCE_STAGE,"{""environment"":""Staging"",""team"":""TruAudience""}"
TU_US_NONCREDIT_TRUAUDIENCE_STAGE,TU_US_NONCREDIT_TRUAUDIENCE_STAGE,2026-05-01,2026-06-01,Usage,2026-05-13,2026-05-14,3.473944209,8.49,Snowflake,AWS_US_EAST_1,TU_US_NONCREDIT_TRUAUDIENCE_STAGE,SERVERLESS_TASK,SERVERLESS_TASK,TU_US_NONCREDIT_TRUAUDIENCE_STAGE,TU_US_NONCREDIT_TRUAUDIENCE_STAGE,"{""environment"":""Staging"",""team"":""TruAudience""}"
TU_US_NONCREDIT_TRUAUDIENCE_STAGE,TU_US_NONCREDIT_TRUAUDIENCE_STAGE,2026-05-01,2026-06-01,Usage,2026-05-13,2026-05-14,2.870116629,6.68,Snowflake,AWS_US_EAST_1,TU_US_NONCREDIT_TRUAUDIENCE_STAGE,SNOWPARK_CONTAINER_SERVICES,SNOWPARK_CONTAINER_SERVICES,TU_US_NONCREDIT_TRUAUDIENCE_STAGE,TU_US_NONCREDIT_TRUAUDIENCE_STAGE,"{""environment"":""Staging"",""team"":""TruAudience""}"
TU_US_NONCREDIT_TRUAUDIENCE_STAGE,TU_US_NONCREDIT_TRUAUDIENCE_STAGE,2026-05-01,2026-06-01,Usage,2026-05-13,2026-05-14,0.757397742,1.79,Snowflake,AWS_US_EAST_1,TU_US_NONCREDIT_TRUAUDIENCE_STAGE,TRUST_CENTER,TRUST_CENTER,TU_US_NONCREDIT_TRUAUDIENCE_STAGE,TU_US_NONCREDIT_TRUAUDIENCE_STAGE,"{""environment"":""Staging"",""team"":""TruAudience""}"
TU_US_NONCREDIT_TRUAUDIENCE_STAGE,TU_US_NONCREDIT_TRUAUDIENCE_STAGE,2026-05-01,2026-06-01,Usage,2026-05-13,2026-05-14,0.069984930,0.17,Snowflake,AWS_US_EAST_1,TU_US_NONCREDIT_TRUAUDIENCE_STAGE,CORTEX_CODE_SNOWSIGHT,CORTEX_CODE_SNOWSIGHT,TU_US_NONCREDIT_TRUAUDIENCE_STAGE,TU_US_NONCREDIT_TRUAUDIENCE_STAGE,"{""environment"":""Staging"",""team"":""TruAudience""}"
TU_US_NONCREDIT_TRUAUDIENCE_STAGE,TU_US_NONCREDIT_TRUAUDIENCE_STAGE,2026-05-01,2026-06-01,Usage,2026-05-13,2026-05-14,0.002437219,0.01,Snowflake,AWS_US_EAST_1,TU_US_NONCREDIT_TRUAUDIENCE_STAGE,CORTEX_SEARCH,CORTEX_SEARCH,TU_US_NONCREDIT_TRUAUDIENCE_STAGE,TU_US_NONCREDIT_TRUAUDIENCE_STAGE,"{""environment"":""Staging"",""team"":""TruAudience""}"
TU_US_NONCREDIT_TRUAUDIENCE_STAGE,TU_US_NONCREDIT_TRUAUDIENCE_STAGE,2026-05-01,2026-06-01,Usage,2026-05-13,2026-05-14,0.003897165,0.01,Snowflake,AWS_US_EAST_1,TU_US_NONCREDIT_TRUAUDIENCE_STAGE,AUTO_CLUSTERING,AUTO_CLUSTERING,TU_US_NONCREDIT_TRUAUDIENCE_STAGE,TU_US_NONCREDIT_TRUAUDIENCE_STAGE,"{""environment"":""Staging"",""team"":""TruAudience""}"
TU_US_NONCREDIT_TRUAUDIENCE_STAGE,TU_US_NONCREDIT_TRUAUDIENCE_STAGE,2026-05-01,2026-06-01,Usage,2026-05-13,2026-05-14,0.004010624,0.01,Snowflake,AWS_US_EAST_1,TU_US_NONCREDIT_TRUAUDIENCE_STAGE,TELEMETRY_DATA_INGEST,TELEMETRY_DATA_INGEST,TU_US_NONCREDIT_TRUAUDIENCE_STAGE,TU_US_NONCREDIT_TRUAUDIENCE_STAGE,"{""environment"":""Staging"",""team"":""TruAudience""}"
TU_US_NONCREDIT_TRUAUDIENCE_STAGE,TU_US_NONCREDIT_TRUAUDIENCE_STAGE,2026-05-01,2026-06-01,Usage,2026-05-13,2026-05-14,0.000302170,0.00,Snowflake,AWS_US_EAST_1,TU_US_NONCREDIT_TRUAUDIENCE_STAGE,AI_INFERENCE,AI_INFERENCE,TU_US_NONCREDIT_TRUAUDIENCE_STAGE,TU_US_NONCREDIT_TRUAUDIENCE_STAGE,"{""environment"":""Staging"",""team"":""TruAudience""}"
TU_US_NONCREDIT_TRUAUDIENCE_STAGE,TU_US_NONCREDIT_TRUAUDIENCE_STAGE,2026-05-01,2026-06-01,Usage,2026-05-12,2026-05-13,68.747888902,160.04,Snowflake,AWS_US_EAST_1,TU_US_NONCREDIT_TRUAUDIENCE_STAGE,WAREHOUSE_METERING,WAREHOUSE_METERING,TU_US_NONCREDIT_TRUAUDIENCE_STAGE,TU_US_NONCREDIT_TRUAUDIENCE_STAGE,"{""environment"":""Staging"",""team"":""TruAudience""}"
TU_US_NONCREDIT_TRUAUDIENCE_STAGE,TU_US_NONCREDIT_TRUAUDIENCE_STAGE,2026-05-01,2026-06-01,Usage,2026-05-12,2026-05-13,3.581135277,8.46,Snowflake,AWS_US_EAST_1,TU_US_NONCREDIT_TRUAUDIENCE_STAGE,SERVERLESS_TASK,SERVERLESS_TASK,TU_US_NONCREDIT_TRUAUDIENCE_STAGE,TU_US_NONCREDIT_TRUAUDIENCE_STAGE,"{""environment"":""Staging"",""team"":""TruAudience""}"
TU_US_NONCREDIT_TRUAUDIENCE_STAGE,TU_US_NONCREDIT_TRUAUDIENCE_STAGE,2026-05-01,2026-06-01,Usage,2026-05-12,2026-05-13,2.878383299,6.99,Snowflake,AWS_US_EAST_1,TU_US_NONCREDIT_TRUAUDIENCE_STAGE,SNOWPARK_CONTAINER_SERVICES,SNOWPARK_CONTAINER_SERVICES,TU_US_NONCREDIT_TRUAUDIENCE_STAGE,TU_US_NONCREDIT_TRUAUDIENCE_STAGE,"{""environment"":""Staging"",""team"":""TruAudience""}"
TU_US_NONCREDIT_TRUAUDIENCE_STAGE,TU_US_NONCREDIT_TRUAUDIENCE_STAGE,2026-05-01,2026-06-01,Usage,2026-05-12,2026-05-13,0.853963676,2.10,Snowflake,AWS_US_EAST_1,TU_US_NONCREDIT_TRUAUDIENCE_STAGE,TRUST_CENTER,TRUST_CENTER,TU_US_NONCREDIT_TRUAUDIENCE_STAGE,TU_US_NONCREDIT_TRUAUDIENCE_STAGE,"{""environment"":""Staging"",""team"":""TruAudience""}"
TU_US_NONCREDIT_TRUAUDIENCE_STAGE,TU_US_NONCREDIT_TRUAUDIENCE_STAGE,2026-05-01,2026-06-01,Usage,2026-05-12,2026-05-13,0.262844220,0.66,Snowflake,AWS_US_EAST_1,TU_US_NONCREDIT_TRUAUDIENCE_STAGE,CORTEX_CODE_SNOWSIGHT,CORTEX_CODE_SNOWSIGHT,TU_US_NONCREDIT_TRUAUDIENCE_STAGE,TU_US_NONCREDIT_TRUAUDIENCE_STAGE,"{""environment"":""Staging"",""team"":""TruAudience""}"
TU_US_NONCREDIT_TRUAUDIENCE_STAGE,TU_US_NONCREDIT_TRUAUDIENCE_STAGE,2026-05-01,2026-06-01,Usage,2026-05-12,2026-05-13,0.009800728,0.02,Snowflake,AWS_US_EAST_1,TU_US_NONCREDIT_TRUAUDIENCE_STAGE,TELEMETRY_DATA_INGEST,TELEMETRY_DATA_INGEST,TU_US_NONCREDIT_TRUAUDIENCE_STAGE,TU_US_NONCREDIT_TRUAUDIENCE_STAGE,"{""environment"":""Staging"",""team"":""TruAudience""}"
TU_US_NONCREDIT_TRUAUDIENCE_STAGE,TU_US_NONCREDIT_TRUAUDIENCE_STAGE,2026-05-01,2026-06-01,Usage,2026-05-12,2026-05-13,0.006595842,0.02,Snowflake,AWS_US_EAST_1,TU_US_NONCREDIT_TRUAUDIENCE_STAGE,AUTO_CLUSTERING,AUTO_CLUSTERING,TU_US_NONCREDIT_TRUAUDIENCE_STAGE,TU_US_NONCREDIT_TRUAUDIENCE_STAGE,"{""environment"":""Staging"",""team"":""TruAudience""}"
TU_US_NONCREDIT_TRUAUDIENCE_STAGE,TU_US_NONCREDIT_TRUAUDIENCE_STAGE,2026-05-01,2026-06-01,Usage,2026-05-12,2026-05-13,0.002439853,0.01,Snowflake,AWS_US_EAST_1,TU_US_NONCREDIT_TRUAUDIENCE_STAGE,CORTEX_SEARCH,CORTEX_SEARCH,TU_US_NONCREDIT_TRUAUDIENCE_STAGE,TU_US_NONCREDIT_TRUAUDIENCE_STAGE,"{""environment"":""Staging"",""team"":""TruAudience""}"
TU_US_NONCREDIT_TRUAUDIENCE_STAGE,TU_US_NONCREDIT_TRUAUDIENCE_STAGE,2026-05-01,2026-06-01,Usage,2026-05-12,2026-05-13,0.001389444,0.00,Snowflake,AWS_US_EAST_1,TU_US_NONCREDIT_TRUAUDIENCE_STAGE,COPY_FILES,COPY_FILES,TU_US_NONCREDIT_TRUAUDIENCE_STAGE,TU_US_NONCREDIT_TRUAUDIENCE_STAGE,"{""environment"":""Staging"",""team"":""TruAudience""}"
TU_US_NONCREDIT_TRUAUDIENCE_STAGE,TU_US_NONCREDIT_TRUAUDIENCE_STAGE,2026-05-01,2026-06-01,Usage,2026-05-12,2026-05-13,0.000726770,0.00,Snowflake,AWS_US_EAST_1,TU_US_NONCREDIT_TRUAUDIENCE_STAGE,AI_INFERENCE,AI_INFERENCE,TU_US_NONCREDIT_TRUAUDIENCE_STAGE,TU_US_NONCREDIT_TRUAUDIENCE_STAGE,"{""environment"":""Staging"",""team"":""TruAudience""}"
TU_US_NONCREDIT_TRUAUDIENCE_STAGE,TU_US_NONCREDIT_TRUAUDIENCE_STAGE,2026-05-01,2026-06-01,Usage,2026-05-11,2026-05-12,75.143026604,184.85,Snowflake,AWS_US_EAST_1,TU_US_NONCREDIT_TRUAUDIENCE_STAGE,WAREHOUSE_METERING,WAREHOUSE_METERING,TU_US_NONCREDIT_TRUAUDIENCE_STAGE,TU_US_NONCREDIT_TRUAUDIENCE_STAGE,"{""environment"":""Staging"",""team"":""TruAudience""}"
TU_US_NONCREDIT_TRUAUDIENCE_STAGE,TU_US_NONCREDIT_TRUAUDIENCE_STAGE,2026-05-01,2026-06-01,Usage,2026-05-11,2026-05-12,3.446496980,8.60,Snowflake,AWS_US_EAST_1,TU_US_NONCREDIT_TRUAUDIENCE_STAGE,SERVERLESS_TASK,SERVERLESS_TASK,TU_US_NONCREDIT_TRUAUDIENCE_STAGE,TU_US_NONCREDIT_TRUAUDIENCE_STAGE,"{""environment"":""Staging"",""team"":""TruAudience""}"
TU_US_NONCREDIT_TRUAUDIENCE_STAGE,TU_US_NONCREDIT_TRUAUDIENCE_STAGE,2026-05-01,2026-06-01,Usage,2026-05-11,2026-05-12,2.884533299,6.86,Snowflake,AWS_US_EAST_1,TU_US_NONCREDIT_TRUAUDIENCE_STAGE,SNOWPARK_CONTAINER_SERVICES,SNOWPARK_CONTAINER_SERVICES,TU_US_NONCREDIT_TRUAUDIENCE_STAGE,TU_US_NONCREDIT_TRUAUDIENCE_STAGE,"{""environment"":""Staging"",""team"":""TruAudience""}"
TU_US_NONCREDIT_TRUAUDIENCE_STAGE,TU_US_NONCREDIT_TRUAUDIENCE_STAGE,2026-05-01,2026-06-01,Usage,2026-05-11,2026-05-12,2.346194010,5.73,Snowflake,AWS_US_EAST_1,TU_US_NONCREDIT_TRUAUDIENCE_STAGE,SNOWFLAKE_INTELLIGENCE,SNOWFLAKE_INTELLIGENCE,TU_US_NONCREDIT_TRUAUDIENCE_STAGE,TU_US_NONCREDIT_TRUAUDIENCE_STAGE,"{""environment"":""Staging"",""team"":""TruAudience""}"
TU_US_NONCREDIT_TRUAUDIENCE_STAGE,TU_US_NONCREDIT_TRUAUDIENCE_STAGE,2026-05-01,2026-06-01,Usage,2026-05-11,2026-05-12,1.458626090,3.40,Snowflake,AWS_US_EAST_1,TU_US_NONCREDIT_TRUAUDIENCE_STAGE,CORTEX_CODE_CLI,CORTEX_CODE_CLI,TU_US_NONCREDIT_TRUAUDIENCE_STAGE,TU_US_NONCREDIT_TRUAUDIENCE_STAGE,"{""environment"":""Staging"",""team"":""TruAudience""}"
TU_US_NONCREDIT_TRUAUDIENCE_STAGE,TU_US_NONCREDIT_TRUAUDIENCE_STAGE,2026-05-01,2026-06-01,Usage,2026-05-11,2026-05-12,1.183713194,2.80,Snowflake,AWS_US_EAST_1,TU_US_NONCREDIT_TRUAUDIENCE_STAGE,TRUST_CENTER,TRUST_CENTER,TU_US_NONCREDIT_TRUAUDIENCE_STAGE,TU_US_NONCREDIT_TRUAUDIENCE_STAGE,"{""environment"":""Staging"",""team"":""TruAudience""}"
TU_US_NONCREDIT_TRUAUDIENCE_STAGE,TU_US_NONCREDIT_TRUAUDIENCE_STAGE,2026-05-01,2026-06-01,Usage,2026-05-11,2026-05-12,0.768536600,1.86,Snowflake,AWS_US_EAST_1,TU_US_NONCREDIT_TRUAUDIENCE_STAGE,CORTEX_CODE_SNOWSIGHT,CORTEX_CODE_SNOWSIGHT,TU_US_NONCREDIT_TRUAUDIENCE_STAGE,TU_US_NONCREDIT_TRUAUDIENCE_STAGE,"{""environment"":""Staging"",""team"":""TruAudience""}"
TU_US_NONCREDIT_TRUAUDIENCE_STAGE,TU_US_NONCREDIT_TRUAUDIENCE_STAGE,2026-05-01,2026-06-01,Usage,2026-05-11,2026-05-12,0.007104471,0.02,Snowflake,AWS_US_EAST_1,TU_US_NONCREDIT_TRUAUDIENCE_STAGE,AUTO_CLUSTERING,AUTO_CLUSTERING,TU_US_NONCREDIT_TRUAUDIENCE_STAGE,TU_US_NONCREDIT_TRUAUDIENCE_STAGE,"{""environment"":""Staging"",""team"":""TruAudience""}"
TU_US_NONCREDIT_TRUAUDIENCE_STAGE,TU_US_NONCREDIT_TRUAUDIENCE_STAGE,2026-05-01,2026-06-01,Usage,2026-05-11,2026-05-12,0.003771298,0.01,Snowflake,AWS_US_EAST_1,TU_US_NONCREDIT_TRUAUDIENCE_STAGE,TELEMETRY_DATA_INGEST,TELEMETRY_DATA_INGEST,TU_US_NONCREDIT_TRUAUDIENCE_STAGE,TU_US_NONCREDIT_TRUAUDIENCE_STAGE,"{""environment"":""Staging"",""team"":""TruAudience""}"
TU_US_NONCREDIT_TRUAUDIENCE_STAGE,TU_US_NONCREDIT_TRUAUDIENCE_STAGE,2026-05-01,2026-06-01,Usage,2026-05-11,2026-05-12,0.002439655,0.01,Snowflake,AWS_US_EAST_1,TU_US_NONCREDIT_TRUAUDIENCE_STAGE,CORTEX_SEARCH,CORTEX_SEARCH,TU_US_NONCREDIT_TRUAUDIENCE_STAGE,TU_US_NONCREDIT_TRUAUDIENCE_STAGE,"{""environment"":""Staging"",""team"":""TruAudience""}"
TU_US_NONCREDIT_TRUAUDIENCE_STAGE,TU_US_NONCREDIT_TRUAUDIENCE_STAGE,2026-05-01,2026-06-01,Usage,2026-05-11,2026-05-12,0.000356070,0.00,Snowflake,AWS_US_EAST_1,TU_US_NONCREDIT_TRUAUDIENCE_STAGE,AI_INFERENCE,AI_INFERENCE,TU_US_NONCREDIT_TRUAUDIENCE_STAGE,TU_US_NONCREDIT_TRUAUDIENCE_STAGE,"{""environment"":""Staging"",""team"":""TruAudience""}"
TU_US_NONCREDIT_TRUAUDIENCE_STAGE,TU_US_NONCREDIT_TRUAUDIENCE_STAGE,2026-05-01,2026-06-01,Usage,2026-05-10,2026-05-11,74.162644154,172.65,Snowflake,AWS_US_EAST_1,TU_US_NONCREDIT_TRUAUDIENCE_STAGE,WAREHOUSE_METERING,WAREHOUSE_METERING,TU_US_NONCREDIT_TRUAUDIENCE_STAGE,TU_US_NONCREDIT_TRUAUDIENCE_STAGE,"{""environment"":""Staging"",""team"":""TruAudience""}"
TU_US_NONCREDIT_TRUAUDIENCE_STAGE,TU_US_NONCREDIT_TRUAUDIENCE_STAGE,2026-05-01,2026-06-01,Usage,2026-05-10,2026-05-11,3.333101018,7.88,Snowflake,AWS_US_EAST_1,TU_US_NONCREDIT_TRUAUDIENCE_STAGE,SERVERLESS_TASK,SERVERLESS_TASK,TU_US_NONCREDIT_TRUAUDIENCE_STAGE,TU_US_NONCREDIT_TRUAUDIENCE_STAGE,"{""environment"":""Staging"",""team"":""TruAudience""}"
TU_US_NONCREDIT_TRUAUDIENCE_STAGE,TU_US_NONCREDIT_TRUAUDIENCE_STAGE,2026-05-01,2026-06-01,Usage,2026-05-10,2026-05-11,2.874416633,6.98,Snowflake,AWS_US_EAST_1,TU_US_NONCREDIT_TRUAUDIENCE_STAGE,SNOWPARK_CONTAINER_SERVICES,SNOWPARK_CONTAINER_SERVICES,TU_US_NONCREDIT_TRUAUDIENCE_STAGE,TU_US_NONCREDIT_TRUAUDIENCE_STAGE,"{""environment"":""Staging"",""team"":""TruAudience""}"
TU_US_NONCREDIT_TRUAUDIENCE_STAGE,TU_US_NONCREDIT_TRUAUDIENCE_STAGE,2026-05-01,2026-06-01,Usage,2026-05-10,2026-05-11,1.044948950,2.57,Snowflake,AWS_US_EAST_1,TU_US_NONCREDIT_TRUAUDIENCE_STAGE,TRUST_CENTER,TRUST_CENTER,TU_US_NONCREDIT_TRUAUDIENCE_STAGE,TU_US_NONCREDIT_TRUAUDIENCE_STAGE,"{""environment"":""Staging"",""team"":""TruAudience""}"
TU_US_NONCREDIT_TRUAUDIENCE_STAGE,TU_US_NONCREDIT_TRUAUDIENCE_STAGE,2026-05-01,2026-06-01,Usage,2026-05-10,2026-05-11,0.402630790,1.01,Snowflake,AWS_US_EAST_1,TU_US_NONCREDIT_TRUAUDIENCE_STAGE,SNOWFLAKE_INTELLIGENCE,SNOWFLAKE_INTELLIGENCE,TU_US_NONCREDIT_TRUAUDIENCE_STAGE,TU_US_NONCREDIT_TRUAUDIENCE_STAGE,"{""environment"":""Staging"",""team"":""TruAudience""}"
TU_US_NONCREDIT_TRUAUDIENCE_STAGE,TU_US_NONCREDIT_TRUAUDIENCE_STAGE,2026-05-01,2026-06-01,Usage,2026-05-10,2026-05-11,0.077999200,0.19,Snowflake,AWS_US_EAST_1,TU_US_NONCREDIT_TRUAUDIENCE_STAGE,CORTEX_CODE_SNOWSIGHT,CORTEX_CODE_SNOWSIGHT,TU_US_NONCREDIT_TRUAUDIENCE_STAGE,TU_US_NONCREDIT_TRUAUDIENCE_STAGE,"{""environment"":""Staging"",""team"":""TruAudience""}"
TU_US_NONCREDIT_TRUAUDIENCE_STAGE,TU_US_NONCREDIT_TRUAUDIENCE_STAGE,2026-05-01,2026-06-01,Usage,2026-05-10,2026-05-11,0.020819314,0.05,Snowflake,AWS_US_EAST_1,TU_US_NONCREDIT_TRUAUDIENCE_STAGE,TELEMETRY_DATA_INGEST,TELEMETRY_DATA_INGEST,TU_US_NONCREDIT_TRUAUDIENCE_STAGE,TU_US_NONCREDIT_TRUAUDIENCE_STAGE,"{""environment"":""Staging"",""team"":""TruAudience""}"
TU_US_NONCREDIT_TRUAUDIENCE_STAGE,TU_US_NONCREDIT_TRUAUDIENCE_STAGE,2026-05-01,2026-06-01,Usage,2026-05-10,2026-05-11,0.005670341,0.01,Snowflake,AWS_US_EAST_1,TU_US_NONCREDIT_TRUAUDIENCE_STAGE,AUTO_CLUSTERING,AUTO_CLUSTERING,TU_US_NONCREDIT_TRUAUDIENCE_STAGE,TU_US_NONCREDIT_TRUAUDIENCE_STAGE,"{""environment"":""Staging"",""team"":""TruAudience""}"
TU_US_NONCREDIT_TRUAUDIENCE_STAGE,TU_US_NONCREDIT_TRUAUDIENCE_STAGE,2026-05-01,2026-06-01,Usage,2026-05-10,2026-05-11,0.002440623,0.01,Snowflake,AWS_US_EAST_1,TU_US_NONCREDIT_TRUAUDIENCE_STAGE,CORTEX_SEARCH,CORTEX_SEARCH,TU_US_NONCREDIT_TRUAUDIENCE_STAGE,TU_US_NONCREDIT_TRUAUDIENCE_STAGE,"{""environment"":""Staging"",""team"":""TruAudience""}"
TU_US_NONCREDIT_TRUAUDIENCE_STAGE,TU_US_NONCREDIT_TRUAUDIENCE_STAGE,2026-05-01,2026-06-01,Usage,2026-05-10,2026-05-11,0.000118140,0.00,Snowflake,AWS_US_EAST_1,TU_US_NONCREDIT_TRUAUDIENCE_STAGE,AI_INFERENCE,AI_INFERENCE,TU_US_NONCREDIT_TRUAUDIENCE_STAGE,TU_US_NONCREDIT_TRUAUDIENCE_STAGE,"{""environment"":""Staging"",""team"":""TruAudience""}"
TU_US_NONCREDIT_TRUAUDIENCE_STAGE,TU_US_NONCREDIT_TRUAUDIENCE_STAGE,2026-05-01,2026-06-01,Usage,2026-05-09,2026-05-10,76.813309693,188.96,Snowflake,AWS_US_EAST_1,TU_US_NONCREDIT_TRUAUDIENCE_STAGE,WAREHOUSE_METERING,WAREHOUSE_METERING,TU_US_NONCREDIT_TRUAUDIENCE_STAGE,TU_US_NONCREDIT_TRUAUDIENCE_STAGE,"{""environment"":""Staging"",""team"":""TruAudience""}"
TU_US_NONCREDIT_TRUAUDIENCE_STAGE,TU_US_NONCREDIT_TRUAUDIENCE_STAGE,2026-05-01,2026-06-01,Usage,2026-05-09,2026-05-10,3.127857988,7.81,Snowflake,AWS_US_EAST_1,TU_US_NONCREDIT_TRUAUDIENCE_STAGE,SERVERLESS_TASK,SERVERLESS_TASK,TU_US_NONCREDIT_TRUAUDIENCE_STAGE,TU_US_NONCREDIT_TRUAUDIENCE_STAGE,"{""environment"":""Staging"",""team"":""TruAudience""}"
TU_US_NONCREDIT_TRUAUDIENCE_STAGE,TU_US_NONCREDIT_TRUAUDIENCE_STAGE,2026-05-01,2026-06-01,Usage,2026-05-09,2026-05-10,2.876216640,6.84,Snowflake,AWS_US_EAST_1,TU_US_NONCREDIT_TRUAUDIENCE_STAGE,SNOWPARK_CONTAINER_SERVICES,SNOWPARK_CONTAINER_SERVICES,TU_US_NONCREDIT_TRUAUDIENCE_STAGE,TU_US_NONCREDIT_TRUAUDIENCE_STAGE,"{""environment"":""Staging"",""team"":""TruAudience""}"
TU_US_NONCREDIT_TRUAUDIENCE_STAGE,TU_US_NONCREDIT_TRUAUDIENCE_STAGE,2026-05-01,2026-06-01,Usage,2026-05-09,2026-05-10,1.322588700,3.23,Snowflake,AWS_US_EAST_1,TU_US_NONCREDIT_TRUAUDIENCE_STAGE,CORTEX_CODE_SNOWSIGHT,CORTEX_CODE_SNOWSIGHT,TU_US_NONCREDIT_TRUAUDIENCE_STAGE,TU_US_NONCREDIT_TRUAUDIENCE_STAGE,"{""environment"":""Staging"",""team"":""TruAudience""}"
TU_US_NONCREDIT_TRUAUDIENCE_STAGE,TU_US_NONCREDIT_TRUAUDIENCE_STAGE,2026-05-01,2026-06-01,Usage,2026-05-09,2026-05-10,1.006004285,2.34,Snowflake,AWS_US_EAST_1,TU_US_NONCREDIT_TRUAUDIENCE_STAGE,TRUST_CENTER,TRUST_CENTER,TU_US_NONCREDIT_TRUAUDIENCE_STAGE,TU_US_NONCREDIT_TRUAUDIENCE_STAGE,"{""environment"":""Staging"",""team"":""TruAudience""}"
TU_US_NONCREDIT_TRUAUDIENCE_STAGE,TU_US_NONCREDIT_TRUAUDIENCE_STAGE,2026-05-01,2026-06-01,Usage,2026-05-09,2026-05-10,0.611141680,1.45,Snowflake,AWS_US_EAST_1,TU_US_NONCREDIT_TRUAUDIENCE_STAGE,SNOWFLAKE_INTELLIGENCE,SNOWFLAKE_INTELLIGENCE,TU_US_NONCREDIT_TRUAUDIENCE_STAGE,TU_US_NONCREDIT_TRUAUDIENCE_STAGE,"{""environment"":""Staging"",""team"":""TruAudience""}"
TU_US_NONCREDIT_TRUAUDIENCE_STAGE,TU_US_NONCREDIT_TRUAUDIENCE_STAGE,2026-05-01,2026-06-01,Usage,2026-05-09,2026-05-10,0.004413010,0.01,Snowflake,AWS_US_EAST_1,TU_US_NONCREDIT_TRUAUDIENCE_STAGE,AUTO_CLUSTERING,AUTO_CLUSTERING,TU_US_NONCREDIT_TRUAUDIENCE_STAGE,TU_US_NONCREDIT_TRUAUDIENCE_STAGE,"{""environment"":""Staging"",""team"":""TruAudience""}"
TU_US_NONCREDIT_TRUAUDIENCE_STAGE,TU_US_NONCREDIT_TRUAUDIENCE_STAGE,2026-05-01,2026-06-01,Usage,2026-05-09,2026-05-10,0.002439087,0.01,Snowflake,AWS_US_EAST_1,TU_US_NONCREDIT_TRUAUDIENCE_STAGE,CORTEX_SEARCH,CORTEX_SEARCH,TU_US_NONCREDIT_TRUAUDIENCE_STAGE,TU_US_NONCREDIT_TRUAUDIENCE_STAGE,"{""environment"":""Staging"",""team"":""TruAudience""}"
TU_US_NONCREDIT_TRUAUDIENCE_STAGE,TU_US_NONCREDIT_TRUAUDIENCE_STAGE,2026-05-01,2026-06-01,Usage,2026-05-09,2026-05-10,0.002350190,0.01,Snowflake,AWS_US_EAST_1,TU_US_NONCREDIT_TRUAUDIENCE_STAGE,TELEMETRY_DATA_INGEST,TELEMETRY_DATA_INGEST,TU_US_NONCREDIT_TRUAUDIENCE_STAGE,TU_US_NONCREDIT_TRUAUDIENCE_STAGE,"{""environment"":""Staging"",""team"":""TruAudience""}"
TU_US_NONCREDIT_TRUAUDIENCE_STAGE,TU_US_NONCREDIT_TRUAUDIENCE_STAGE,2026-05-01,2026-06-01,Usage,2026-05-08,2026-05-09,46.616503568,110.98,Snowflake,AWS_US_EAST_1,TU_US_NONCREDIT_TRUAUDIENCE_STAGE,WAREHOUSE_METERING,WAREHOUSE_METERING,TU_US_NONCREDIT_TRUAUDIENCE_STAGE,TU_US_NONCREDIT_TRUAUDIENCE_STAGE,"{""environment"":""Staging"",""team"":""TruAudience""}"
TU_US_NONCREDIT_TRUAUDIENCE_STAGE,TU_US_NONCREDIT_TRUAUDIENCE_STAGE,2026-05-01,2026-06-01,Usage,2026-05-08,2026-05-09,5.974896720,14.60,Snowflake,AWS_US_EAST_1,TU_US_NONCREDIT_TRUAUDIENCE_STAGE,CORTEX_AGENTS,CORTEX_AGENTS,TU_US_NONCREDIT_TRUAUDIENCE_STAGE,TU_US_NONCREDIT_TRUAUDIENCE_STAGE,"{""environment"":""Staging"",""team"":""TruAudience""}"
TU_US_NONCREDIT_TRUAUDIENCE_STAGE,TU_US_NONCREDIT_TRUAUDIENCE_STAGE,2026-05-01,2026-06-01,Usage,2026-05-08,2026-05-09,2.880233301,6.70,Snowflake,AWS_US_EAST_1,TU_US_NONCREDIT_TRUAUDIENCE_STAGE,SNOWPARK_CONTAINER_SERVICES,SNOWPARK_CONTAINER_SERVICES,TU_US_NONCREDIT_TRUAUDIENCE_STAGE,TU_US_NONCREDIT_TRUAUDIENCE_STAGE,"{""environment"":""Staging"",""team"":""TruAudience""}"
TU_US_NONCREDIT_TRUAUDIENCE_STAGE,TU_US_NONCREDIT_TRUAUDIENCE_STAGE,2026-05-01,2026-06-01,Usage,2026-05-08,2026-05-09,2.836706678,6.71,Snowflake,AWS_US_EAST_1,TU_US_NONCREDIT_TRUAUDIENCE_STAGE,SERVERLESS_TASK,SERVERLESS_TASK,TU_US_NONCREDIT_TRUAUDIENCE_STAGE,TU_US_NONCREDIT_TRUAUDIENCE_STAGE,"{""environment"":""Staging"",""team"":""TruAudience""}"
TU_US_NONCREDIT_TRUAUDIENCE_STAGE,TU_US_NONCREDIT_TRUAUDIENCE_STAGE,2026-05-01,2026-06-01,Usage,2026-05-08,2026-05-09,0.963784521,2.34,Snowflake,AWS_US_EAST_1,TU_US_NONCREDIT_TRUAUDIENCE_STAGE,TRUST_CENTER,TRUST_CENTER,TU_US_NONCREDIT_TRUAUDIENCE_STAGE,TU_US_NONCREDIT_TRUAUDIENCE_STAGE,"{""environment"":""Staging"",""team"":""TruAudience""}"
TU_US_NONCREDIT_TRUAUDIENCE_STAGE,TU_US_NONCREDIT_TRUAUDIENCE_STAGE,2026-05-01,2026-06-01,Usage,2026-05-08,2026-05-09,0.419532580,1.04,Snowflake,AWS_US_EAST_1,TU_US_NONCREDIT_TRUAUDIENCE_STAGE,CORTEX_CODE_SNOWSIGHT,CORTEX_CODE_SNOWSIGHT,TU_US_NONCREDIT_TRUAUDIENCE_STAGE,TU_US_NONCREDIT_TRUAUDIENCE_STAGE,"{""environment"":""Staging"",""team"":""TruAudience""}"
TU_US_NONCREDIT_TRUAUDIENCE_STAGE,TU_US_NONCREDIT_TRUAUDIENCE_STAGE,2026-05-01,2026-06-01,Usage,2026-05-08,2026-05-09,0.004223725,0.01,Snowflake,AWS_US_EAST_1,TU_US_NONCREDIT_TRUAUDIENCE_STAGE,AUTO_CLUSTERING,AUTO_CLUSTERING,TU_US_NONCREDIT_TRUAUDIENCE_STAGE,TU_US_NONCREDIT_TRUAUDIENCE_STAGE,"{""environment"":""Staging"",""team"":""TruAudience""}"
TU_US_NONCREDIT_TRUAUDIENCE_STAGE,TU_US_NONCREDIT_TRUAUDIENCE_STAGE,2026-05-01,2026-06-01,Usage,2026-05-08,2026-05-09,0.002250715,0.01,Snowflake,AWS_US_EAST_1,TU_US_NONCREDIT_TRUAUDIENCE_STAGE,TELEMETRY_DATA_INGEST,TELEMETRY_DATA_INGEST,TU_US_NONCREDIT_TRUAUDIENCE_STAGE,TU_US_NONCREDIT_TRUAUDIENCE_STAGE,"{""environment"":""Staging"",""team"":""TruAudience""}"
TU_US_NONCREDIT_TRUAUDIENCE_STAGE,TU_US_NONCREDIT_TRUAUDIENCE_STAGE,2026-05-01,2026-06-01,Usage,2026-05-08,2026-05-09,0.002440149,0.01,Snowflake,AWS_US_EAST_1,TU_US_NONCREDIT_TRUAUDIENCE_STAGE,CORTEX_SEARCH,CORTEX_SEARCH,TU_US_NONCREDIT_TRUAUDIENCE_STAGE,TU_US_NONCREDIT_TRUAUDIENCE_STAGE,"{""environment"":""Staging"",""team"":""TruAudience""}"
TU_US_NONCREDIT_TRUAUDIENCE_STAGE,TU_US_NONCREDIT_TRUAUDIENCE_STAGE,2026-05-01,2026-06-01,Usage,2026-05-07,2026-05-08,27.637007477,64.34,Snowflake,AWS_US_EAST_1,TU_US_NONCREDIT_TRUAUDIENCE_STAGE,WAREHOUSE_METERING,WAREHOUSE_METERING,TU_US_NONCREDIT_TRUAUDIENCE_STAGE,TU_US_NONCREDIT_TRUAUDIENCE_STAGE,"{""environment"":""Staging"",""team"":""TruAudience""}"
TU_US_NONCREDIT_TRUAUDIENCE_STAGE,TU_US_NONCREDIT_TRUAUDIENCE_STAGE,2026-05-01,2026-06-01,Usage,2026-05-07,2026-05-08,2.878266632,6.81,Snowflake,AWS_US_EAST_1,TU_US_NONCREDIT_TRUAUDIENCE_STAGE,SNOWPARK_CONTAINER_SERVICES,SNOWPARK_CONTAINER_SERVICES,TU_US_NONCREDIT_TRUAUDIENCE_STAGE,TU_US_NONCREDIT_TRUAUDIENCE_STAGE,"{""environment"":""Staging"",""team"":""TruAudience""}"
TU_US_NONCREDIT_TRUAUDIENCE_STAGE,TU_US_NONCREDIT_TRUAUDIENCE_STAGE,2026-05-01,2026-06-01,Usage,2026-05-07,2026-05-08,2.608627644,6.34,Snowflake,AWS_US_EAST_1,TU_US_NONCREDIT_TRUAUDIENCE_STAGE,SERVERLESS_TASK,SERVERLESS_TASK,TU_US_NONCREDIT_TRUAUDIENCE_STAGE,TU_US_NONCREDIT_TRUAUDIENCE_STAGE,"{""environment"":""Staging"",""team"":""TruAudience""}"
TU_US_NONCREDIT_TRUAUDIENCE_STAGE,TU_US_NONCREDIT_TRUAUDIENCE_STAGE,2026-05-01,2026-06-01,Usage,2026-05-07,2026-05-08,0.875335080,2.15,Snowflake,AWS_US_EAST_1,TU_US_NONCREDIT_TRUAUDIENCE_STAGE,CORTEX_CODE_SNOWSIGHT,CORTEX_CODE_SNOWSIGHT,TU_US_NONCREDIT_TRUAUDIENCE_STAGE,TU_US_NONCREDIT_TRUAUDIENCE_STAGE,"{""environment"":""Staging"",""team"":""TruAudience""}"
TU_US_NONCREDIT_TRUAUDIENCE_STAGE,TU_US_NONCREDIT_TRUAUDIENCE_STAGE,2026-05-01,2026-06-01,Usage,2026-05-07,2026-05-08,0.738205398,1.84,Snowflake,AWS_US_EAST_1,TU_US_NONCREDIT_TRUAUDIENCE_STAGE,TRUST_CENTER,TRUST_CENTER,TU_US_NONCREDIT_TRUAUDIENCE_STAGE,TU_US_NONCREDIT_TRUAUDIENCE_STAGE,"{""environment"":""Staging"",""team"":""TruAudience""}"
TU_US_NONCREDIT_TRUAUDIENCE_STAGE,TU_US_NONCREDIT_TRUAUDIENCE_STAGE,2026-05-01,2026-06-01,Usage,2026-05-07,2026-05-08,0.003064416,0.01,Snowflake,AWS_US_EAST_1,TU_US_NONCREDIT_TRUAUDIENCE_STAGE,TELEMETRY_DATA_INGEST,TELEMETRY_DATA_INGEST,TU_US_NONCREDIT_TRUAUDIENCE_STAGE,TU_US_NONCREDIT_TRUAUDIENCE_STAGE,"{""environment"":""Staging"",""team"":""TruAudience""}"
TU_US_NONCREDIT_TRUAUDIENCE_STAGE,TU_US_NONCREDIT_TRUAUDIENCE_STAGE,2026-05-01,2026-06-01,Usage,2026-05-07,2026-05-08,0.002438633,0.01,Snowflake,AWS_US_EAST_1,TU_US_NONCREDIT_TRUAUDIENCE_STAGE,CORTEX_SEARCH,CORTEX_SEARCH,TU_US_NONCREDIT_TRUAUDIENCE_STAGE,TU_US_NONCREDIT_TRUAUDIENCE_STAGE,"{""environment"":""Staging"",""team"":""TruAudience""}"
TU_US_NONCREDIT_TRUAUDIENCE_STAGE,TU_US_NONCREDIT_TRUAUDIENCE_STAGE,2026-05-01,2026-06-01,Usage,2026-05-07,2026-05-08,0.003627570,0.01,Snowflake,AWS_US_EAST_1,TU_US_NONCREDIT_TRUAUDIENCE_STAGE,AUTO_CLUSTERING,AUTO_CLUSTERING,TU_US_NONCREDIT_TRUAUDIENCE_STAGE,TU_US_NONCREDIT_TRUAUDIENCE_STAGE,"{""environment"":""Staging"",""team"":""TruAudience""}"
TU_US_NONCREDIT_TRUAUDIENCE_STAGE,TU_US_NONCREDIT_TRUAUDIENCE_STAGE,2026-05-01,2026-06-01,Usage,2026-05-06,2026-05-07,22.674884991,53.60,Snowflake,AWS_US_EAST_1,TU_US_NONCREDIT_TRUAUDIENCE_STAGE,WAREHOUSE_METERING,WAREHOUSE_METERING,TU_US_NONCREDIT_TRUAUDIENCE_STAGE,TU_US_NONCREDIT_TRUAUDIENCE_STAGE,"{""environment"":""Staging"",""team"":""TruAudience""}"
TU_US_NONCREDIT_TRUAUDIENCE_STAGE,TU_US_NONCREDIT_TRUAUDIENCE_STAGE,2026-05-01,2026-06-01,Usage,2026-05-06,2026-05-07,2.878283299,6.99,Snowflake,AWS_US_EAST_1,TU_US_NONCREDIT_TRUAUDIENCE_STAGE,SNOWPARK_CONTAINER_SERVICES,SNOWPARK_CONTAINER_SERVICES,TU_US_NONCREDIT_TRUAUDIENCE_STAGE,TU_US_NONCREDIT_TRUAUDIENCE_STAGE,"{""environment"":""Staging"",""team"":""TruAudience""}"
TU_US_NONCREDIT_TRUAUDIENCE_STAGE,TU_US_NONCREDIT_TRUAUDIENCE_STAGE,2026-05-01,2026-06-01,Usage,2026-05-06,2026-05-07,2.590503706,6.38,Snowflake,AWS_US_EAST_1,TU_US_NONCREDIT_TRUAUDIENCE_STAGE,SERVERLESS_TASK,SERVERLESS_TASK,TU_US_NONCREDIT_TRUAUDIENCE_STAGE,TU_US_NONCREDIT_TRUAUDIENCE_STAGE,"{""environment"":""Staging"",""team"":""TruAudience""}"
TU_US_NONCREDIT_TRUAUDIENCE_STAGE,TU_US_NONCREDIT_TRUAUDIENCE_STAGE,2026-05-01,2026-06-01,Usage,2026-05-06,2026-05-07,0.862039481,2.15,Snowflake,AWS_US_EAST_1,TU_US_NONCREDIT_TRUAUDIENCE_STAGE,TRUST_CENTER,TRUST_CENTER,TU_US_NONCREDIT_TRUAUDIENCE_STAGE,TU_US_NONCREDIT_TRUAUDIENCE_STAGE,"{""environment"":""Staging"",""team"":""TruAudience""}"
TU_US_NONCREDIT_TRUAUDIENCE_STAGE,TU_US_NONCREDIT_TRUAUDIENCE_STAGE,2026-05-01,2026-06-01,Usage,2026-05-06,2026-05-07,0.004707063,0.01,Snowflake,AWS_US_EAST_1,TU_US_NONCREDIT_TRUAUDIENCE_STAGE,AUTO_CLUSTERING,AUTO_CLUSTERING,TU_US_NONCREDIT_TRUAUDIENCE_STAGE,TU_US_NONCREDIT_TRUAUDIENCE_STAGE,"{""environment"":""Staging"",""team"":""TruAudience""}"
TU_US_NONCREDIT_TRUAUDIENCE_STAGE,TU_US_NONCREDIT_TRUAUDIENCE_STAGE,2026-05-01,2026-06-01,Usage,2026-05-06,2026-05-07,0.002092535,0.01,Snowflake,AWS_US_EAST_1,TU_US_NONCREDIT_TRUAUDIENCE_STAGE,TELEMETRY_DATA_INGEST,TELEMETRY_DATA_INGEST,TU_US_NONCREDIT_TRUAUDIENCE_STAGE,TU_US_NONCREDIT_TRUAUDIENCE_STAGE,"{""environment"":""Staging"",""team"":""TruAudience""}"
TU_US_NONCREDIT_TRUAUDIENCE_STAGE,TU_US_NONCREDIT_TRUAUDIENCE_STAGE,2026-05-01,2026-06-01,Usage,2026-05-06,2026-05-07,0.002441614,0.01,Snowflake,AWS_US_EAST_1,TU_US_NONCREDIT_TRUAUDIENCE_STAGE,CORTEX_SEARCH,CORTEX_SEARCH,TU_US_NONCREDIT_TRUAUDIENCE_STAGE,TU_US_NONCREDIT_TRUAUDIENCE_STAGE,"{""environment"":""Staging"",""team"":""TruAudience""}"
TU_US_NONCREDIT_TRUAUDIENCE_STAGE,TU_US_NONCREDIT_TRUAUDIENCE_STAGE,2026-05-01,2026-06-01,Usage,2026-05-05,2026-05-06,106.934461105,252.79,Snowflake,AWS_US_EAST_1,TU_US_NONCREDIT_TRUAUDIENCE_STAGE,WAREHOUSE_METERING,WAREHOUSE_METERING,TU_US_NONCREDIT_TRUAUDIENCE_STAGE,TU_US_NONCREDIT_TRUAUDIENCE_STAGE,"{""environment"":""Staging"",""team"":""TruAudience""}"
TU_US_NONCREDIT_TRUAUDIENCE_STAGE,TU_US_NONCREDIT_TRUAUDIENCE_STAGE,2026-05-01,2026-06-01,Usage,2026-05-05,2026-05-06,3.140994010,7.63,Snowflake,AWS_US_EAST_1,TU_US_NONCREDIT_TRUAUDIENCE_STAGE,CORTEX_CODE_SNOWSIGHT,CORTEX_CODE_SNOWSIGHT,TU_US_NONCREDIT_TRUAUDIENCE_STAGE,TU_US_NONCREDIT_TRUAUDIENCE_STAGE,"{""environment"":""Staging"",""team"":""TruAudience""}"
TU_US_NONCREDIT_TRUAUDIENCE_STAGE,TU_US_NONCREDIT_TRUAUDIENCE_STAGE,2026-05-01,2026-06-01,Usage,2026-05-05,2026-05-06,2.884333300,7.09,Snowflake,AWS_US_EAST_1,TU_US_NONCREDIT_TRUAUDIENCE_STAGE,SNOWPARK_CONTAINER_SERVICES,SNOWPARK_CONTAINER_SERVICES,TU_US_NONCREDIT_TRUAUDIENCE_STAGE,TU_US_NONCREDIT_TRUAUDIENCE_STAGE,"{""environment"":""Staging"",""team"":""TruAudience""}"
TU_US_NONCREDIT_TRUAUDIENCE_STAGE,TU_US_NONCREDIT_TRUAUDIENCE_STAGE,2026-05-01,2026-06-01,Usage,2026-05-05,2026-05-06,2.817917478,7.03,Snowflake,AWS_US_EAST_1,TU_US_NONCREDIT_TRUAUDIENCE_STAGE,SERVERLESS_TASK,SERVERLESS_TASK,TU_US_NONCREDIT_TRUAUDIENCE_STAGE,TU_US_NONCREDIT_TRUAUDIENCE_STAGE,"{""environment"":""Staging"",""team"":""TruAudience""}"
TU_US_NONCREDIT_TRUAUDIENCE_STAGE,TU_US_NONCREDIT_TRUAUDIENCE_STAGE,2026-05-01,2026-06-01,Usage,2026-05-05,2026-05-06,0.783782228,1.86,Snowflake,AWS_US_EAST_1,TU_US_NONCREDIT_TRUAUDIENCE_STAGE,TRUST_CENTER,TRUST_CENTER,TU_US_NONCREDIT_TRUAUDIENCE_STAGE,TU_US_NONCREDIT_TRUAUDIENCE_STAGE,"{""environment"":""Staging"",""team"":""TruAudience""}"
TU_US_NONCREDIT_TRUAUDIENCE_STAGE,TU_US_NONCREDIT_TRUAUDIENCE_STAGE,2026-05-01,2026-06-01,Usage,2026-05-05,2026-05-06,0.027533540,0.07,Snowflake,AWS_US_EAST_1,TU_US_NONCREDIT_TRUAUDIENCE_STAGE,AUTO_CLUSTERING,AUTO_CLUSTERING,TU_US_NONCREDIT_TRUAUDIENCE_STAGE,TU_US_NONCREDIT_TRUAUDIENCE_STAGE,"{""environment"":""Staging"",""team"":""TruAudience""}"
TU_US_NONCREDIT_TRUAUDIENCE_STAGE,TU_US_NONCREDIT_TRUAUDIENCE_STAGE,2026-05-01,2026-06-01,Usage,2026-05-05,2026-05-06,0.002443777,0.01,Snowflake,AWS_US_EAST_1,TU_US_NONCREDIT_TRUAUDIENCE_STAGE,CORTEX_SEARCH,CORTEX_SEARCH,TU_US_NONCREDIT_TRUAUDIENCE_STAGE,TU_US_NONCREDIT_TRUAUDIENCE_STAGE,"{""environment"":""Staging"",""team"":""TruAudience""}"
TU_US_NONCREDIT_TRUAUDIENCE_STAGE,TU_US_NONCREDIT_TRUAUDIENCE_STAGE,2026-05-01,2026-06-01,Usage,2026-05-05,2026-05-06,0.003130293,0.01,Snowflake,AWS_US_EAST_1,TU_US_NONCREDIT_TRUAUDIENCE_STAGE,TELEMETRY_DATA_INGEST,TELEMETRY_DATA_INGEST,TU_US_NONCREDIT_TRUAUDIENCE_STAGE,TU_US_NONCREDIT_TRUAUDIENCE_STAGE,"{""environment"":""Staging"",""team"":""TruAudience""}"
TU_US_NONCREDIT_TRUAUDIENCE_STAGE,TU_US_NONCREDIT_TRUAUDIENCE_STAGE,2026-05-01,2026-06-01,Usage,2026-05-05,2026-05-06,0.000293370,0.00,Snowflake,AWS_US_EAST_1,TU_US_NONCREDIT_TRUAUDIENCE_STAGE,AI_INFERENCE,AI_INFERENCE,TU_US_NONCREDIT_TRUAUDIENCE_STAGE,TU_US_NONCREDIT_TRUAUDIENCE_STAGE,"{""environment"":""Staging"",""team"":""TruAudience""}"
TU_US_NONCREDIT_TRUAUDIENCE_STAGE,TU_US_NONCREDIT_TRUAUDIENCE_STAGE,2026-05-01,2026-06-01,Usage,2026-05-04,2026-05-05,329.900537201,811.55,Snowflake,AWS_US_EAST_1,TU_US_NONCREDIT_TRUAUDIENCE_STAGE,WAREHOUSE_METERING,WAREHOUSE_METERING,TU_US_NONCREDIT_TRUAUDIENCE_STAGE,TU_US_NONCREDIT_TRUAUDIENCE_STAGE,"{""environment"":""Staging"",""team"":""TruAudience""}"
TU_US_NONCREDIT_TRUAUDIENCE_STAGE,TU_US_NONCREDIT_TRUAUDIENCE_STAGE,2026-05-01,2026-06-01,Usage,2026-05-04,2026-05-05,6.086144870,15.19,Snowflake,AWS_US_EAST_1,TU_US_NONCREDIT_TRUAUDIENCE_STAGE,SNOWFLAKE_INTELLIGENCE,SNOWFLAKE_INTELLIGENCE,TU_US_NONCREDIT_TRUAUDIENCE_STAGE,TU_US_NONCREDIT_TRUAUDIENCE_STAGE,"{""environment"":""Staging"",""team"":""TruAudience""}"
TU_US_NONCREDIT_TRUAUDIENCE_STAGE,TU_US_NONCREDIT_TRUAUDIENCE_STAGE,2026-05-01,2026-06-01,Usage,2026-05-04,2026-05-05,2.902706269,6.91,Snowflake,AWS_US_EAST_1,TU_US_NONCREDIT_TRUAUDIENCE_STAGE,QUERY_ACCELERATION,QUERY_ACCELERATION,TU_US_NONCREDIT_TRUAUDIENCE_STAGE,TU_US_NONCREDIT_TRUAUDIENCE_STAGE,"{""environment"":""Staging"",""team"":""TruAudience""}"
TU_US_NONCREDIT_TRUAUDIENCE_STAGE,TU_US_NONCREDIT_TRUAUDIENCE_STAGE,2026-05-01,2026-06-01,Usage,2026-05-04,2026-05-05,2.870333301,7.01,Snowflake,AWS_US_EAST_1,TU_US_NONCREDIT_TRUAUDIENCE_STAGE,SNOWPARK_CONTAINER_SERVICES,SNOWPARK_CONTAINER_SERVICES,TU_US_NONCREDIT_TRUAUDIENCE_STAGE,TU_US_NONCREDIT_TRUAUDIENCE_STAGE,"{""environment"":""Staging"",""team"":""TruAudience""}"
TU_US_NONCREDIT_TRUAUDIENCE_STAGE,TU_US_NONCREDIT_TRUAUDIENCE_STAGE,2026-05-01,2026-06-01,Usage,2026-05-04,2026-05-05,2.765182081,6.44,Snowflake,AWS_US_EAST_1,TU_US_NONCREDIT_TRUAUDIENCE_STAGE,SERVERLESS_TASK,SERVERLESS_TASK,TU_US_NONCREDIT_TRUAUDIENCE_STAGE,TU_US_NONCREDIT_TRUAUDIENCE_STAGE,"{""environment"":""Staging"",""team"":""TruAudience""}"
TU_US_NONCREDIT_TRUAUDIENCE_STAGE,TU_US_NONCREDIT_TRUAUDIENCE_STAGE,2026-05-01,2026-06-01,Usage,2026-05-04,2026-05-05,1.164092193,2.75,Snowflake,AWS_US_EAST_1,TU_US_NONCREDIT_TRUAUDIENCE_STAGE,TRUST_CENTER,TRUST_CENTER,TU_US_NONCREDIT_TRUAUDIENCE_STAGE,TU_US_NONCREDIT_TRUAUDIENCE_STAGE,"{""environment"":""Staging"",""team"":""TruAudience""}"
TU_US_NONCREDIT_TRUAUDIENCE_STAGE,TU_US_NONCREDIT_TRUAUDIENCE_STAGE,2026-05-01,2026-06-01,Usage,2026-05-04,2026-05-05,0.472113200,1.14,Snowflake,AWS_US_EAST_1,TU_US_NONCREDIT_TRUAUDIENCE_STAGE,CORTEX_CODE_SNOWSIGHT,CORTEX_CODE_SNOWSIGHT,TU_US_NONCREDIT_TRUAUDIENCE_STAGE,TU_US_NONCREDIT_TRUAUDIENCE_STAGE,"{""environment"":""Staging"",""team"":""TruAudience""}"
TU_US_NONCREDIT_TRUAUDIENCE_STAGE,TU_US_NONCREDIT_TRUAUDIENCE_STAGE,2026-05-01,2026-06-01,Usage,2026-05-04,2026-05-05,0.029487917,0.07,Snowflake,AWS_US_EAST_1,TU_US_NONCREDIT_TRUAUDIENCE_STAGE,AUTO_CLUSTERING,AUTO_CLUSTERING,TU_US_NONCREDIT_TRUAUDIENCE_STAGE,TU_US_NONCREDIT_TRUAUDIENCE_STAGE,"{""environment"":""Staging"",""team"":""TruAudience""}"
TU_US_NONCREDIT_TRUAUDIENCE_STAGE,TU_US_NONCREDIT_TRUAUDIENCE_STAGE,2026-05-01,2026-06-01,Usage,2026-05-04,2026-05-05,0.002440992,0.01,Snowflake,AWS_US_EAST_1,TU_US_NONCREDIT_TRUAUDIENCE_STAGE,CORTEX_SEARCH,CORTEX_SEARCH,TU_US_NONCREDIT_TRUAUDIENCE_STAGE,TU_US_NONCREDIT_TRUAUDIENCE_STAGE,"{""environment"":""Staging"",""team"":""TruAudience""}"
TU_US_NONCREDIT_TRUAUDIENCE_STAGE,TU_US_NONCREDIT_TRUAUDIENCE_STAGE,2026-05-01,2026-06-01,Usage,2026-05-04,2026-05-05,0.003027436,0.01,Snowflake,AWS_US_EAST_1,TU_US_NONCREDIT_TRUAUDIENCE_STAGE,TELEMETRY_DATA_INGEST,TELEMETRY_DATA_INGEST,TU_US_NONCREDIT_TRUAUDIENCE_STAGE,TU_US_NONCREDIT_TRUAUDIENCE_STAGE,"{""environment"":""Staging"",""team"":""TruAudience""}"
TU_US_NONCREDIT_TRUAUDIENCE_STAGE,TU_US_NONCREDIT_TRUAUDIENCE_STAGE,2026-05-01,2026-06-01,Usage,2026-05-04,2026-05-05,0.000116710,0.00,Snowflake,AWS_US_EAST_1,TU_US_NONCREDIT_TRUAUDIENCE_STAGE,AI_INFERENCE,AI_INFERENCE,TU_US_NONCREDIT_TRUAUDIENCE_STAGE,TU_US_NONCREDIT_TRUAUDIENCE_STAGE,"{""environment"":""Staging"",""team"":""TruAudience""}"
TU_US_NONCREDIT_TRUAUDIENCE_STAGE,TU_US_NONCREDIT_TRUAUDIENCE_STAGE,2026-05-01,2026-06-01,Usage,2026-05-03,2026-05-04,91.800574673,213.71,Snowflake,AWS_US_EAST_1,TU_US_NONCREDIT_TRUAUDIENCE_STAGE,WAREHOUSE_METERING,WAREHOUSE_METERING,TU_US_NONCREDIT_TRUAUDIENCE_STAGE,TU_US_NONCREDIT_TRUAUDIENCE_STAGE,"{""environment"":""Staging"",""team"":""TruAudience""}"
TU_US_NONCREDIT_TRUAUDIENCE_STAGE,TU_US_NONCREDIT_TRUAUDIENCE_STAGE,2026-05-01,2026-06-01,Usage,2026-05-03,2026-05-04,21.422476780,50.64,Snowflake,AWS_US_EAST_1,TU_US_NONCREDIT_TRUAUDIENCE_STAGE,SNOWFLAKE_INTELLIGENCE,SNOWFLAKE_INTELLIGENCE,TU_US_NONCREDIT_TRUAUDIENCE_STAGE,TU_US_NONCREDIT_TRUAUDIENCE_STAGE,"{""environment"":""Staging"",""team"":""TruAudience""}"
TU_US_NONCREDIT_TRUAUDIENCE_STAGE,TU_US_NONCREDIT_TRUAUDIENCE_STAGE,2026-05-01,2026-06-01,Usage,2026-05-03,2026-05-04,2.882466636,7.00,Snowflake,AWS_US_EAST_1,TU_US_NONCREDIT_TRUAUDIENCE_STAGE,SNOWPARK_CONTAINER_SERVICES,SNOWPARK_CONTAINER_SERVICES,TU_US_NONCREDIT_TRUAUDIENCE_STAGE,TU_US_NONCREDIT_TRUAUDIENCE_STAGE,"{""environment"":""Staging"",""team"":""TruAudience""}"
TU_US_NONCREDIT_TRUAUDIENCE_STAGE,TU_US_NONCREDIT_TRUAUDIENCE_STAGE,2026-05-01,2026-06-01,Usage,2026-05-03,2026-05-04,2.724015139,6.70,Snowflake,AWS_US_EAST_1,TU_US_NONCREDIT_TRUAUDIENCE_STAGE,SERVERLESS_TASK,SERVERLESS_TASK,TU_US_NONCREDIT_TRUAUDIENCE_STAGE,TU_US_NONCREDIT_TRUAUDIENCE_STAGE,"{""environment"":""Staging"",""team"":""TruAudience""}"
TU_US_NONCREDIT_TRUAUDIENCE_STAGE,TU_US_NONCREDIT_TRUAUDIENCE_STAGE,2026-05-01,2026-06-01,Usage,2026-05-03,2026-05-04,2.646795010,6.60,Snowflake,AWS_US_EAST_1,TU_US_NONCREDIT_TRUAUDIENCE_STAGE,CORTEX_CODE_SNOWSIGHT,CORTEX_CODE_SNOWSIGHT,TU_US_NONCREDIT_TRUAUDIENCE_STAGE,TU_US_NONCREDIT_TRUAUDIENCE_STAGE,"{""environment"":""Staging"",""team"":""TruAudience""}"
TU_US_NONCREDIT_TRUAUDIENCE_STAGE,TU_US_NONCREDIT_TRUAUDIENCE_STAGE,2026-05-01,2026-06-01,Usage,2026-05-03,2026-05-04,1.082298216,2.58,Snowflake,AWS_US_EAST_1,TU_US_NONCREDIT_TRUAUDIENCE_STAGE,TRUST_CENTER,TRUST_CENTER,TU_US_NONCREDIT_TRUAUDIENCE_STAGE,TU_US_NONCREDIT_TRUAUDIENCE_STAGE,"{""environment"":""Staging"",""team"":""TruAudience""}"
TU_US_NONCREDIT_TRUAUDIENCE_STAGE,TU_US_NONCREDIT_TRUAUDIENCE_STAGE,2026-05-01,2026-06-01,Usage,2026-05-03,2026-05-04,0.009390848,0.02,Snowflake,AWS_US_EAST_1,TU_US_NONCREDIT_TRUAUDIENCE_STAGE,AUTO_CLUSTERING,AUTO_CLUSTERING,TU_US_NONCREDIT_TRUAUDIENCE_STAGE,TU_US_NONCREDIT_TRUAUDIENCE_STAGE,"{""environment"":""Staging"",""team"":""TruAudience""}"
TU_US_NONCREDIT_TRUAUDIENCE_STAGE,TU_US_NONCREDIT_TRUAUDIENCE_STAGE,2026-05-01,2026-06-01,Usage,2026-05-03,2026-05-04,0.003903399,0.01,Snowflake,AWS_US_EAST_1,TU_US_NONCREDIT_TRUAUDIENCE_STAGE,TELEMETRY_DATA_INGEST,TELEMETRY_DATA_INGEST,TU_US_NONCREDIT_TRUAUDIENCE_STAGE,TU_US_NONCREDIT_TRUAUDIENCE_STAGE,"{""environment"":""Staging"",""team"":""TruAudience""}"
TU_US_NONCREDIT_TRUAUDIENCE_STAGE,TU_US_NONCREDIT_TRUAUDIENCE_STAGE,2026-05-01,2026-06-01,Usage,2026-05-03,2026-05-04,0.002441757,0.01,Snowflake,AWS_US_EAST_1,TU_US_NONCREDIT_TRUAUDIENCE_STAGE,CORTEX_SEARCH,CORTEX_SEARCH,TU_US_NONCREDIT_TRUAUDIENCE_STAGE,TU_US_NONCREDIT_TRUAUDIENCE_STAGE,"{""environment"":""Staging"",""team"":""TruAudience""}"
TU_US_NONCREDIT_TRUAUDIENCE_STAGE,TU_US_NONCREDIT_TRUAUDIENCE_STAGE,2026-05-01,2026-06-01,Usage,2026-05-03,2026-05-04,0.000128590,0.00,Snowflake,AWS_US_EAST_1,TU_US_NONCREDIT_TRUAUDIENCE_STAGE,AI_INFERENCE,AI_INFERENCE,TU_US_NONCREDIT_TRUAUDIENCE_STAGE,TU_US_NONCREDIT_TRUAUDIENCE_STAGE,"{""environment"":""Staging"",""team"":""TruAudience""}"
TU_US_NONCREDIT_TRUAUDIENCE_STAGE,TU_US_NONCREDIT_TRUAUDIENCE_STAGE,2026-05-01,2026-06-01,Usage,2026-05-02,2026-05-03,46.237517184,113.74,Snowflake,AWS_US_EAST_1,TU_US_NONCREDIT_TRUAUDIENCE_STAGE,WAREHOUSE_METERING,WAREHOUSE_METERING,TU_US_NONCREDIT_TRUAUDIENCE_STAGE,TU_US_NONCREDIT_TRUAUDIENCE_STAGE,"{""environment"":""Staging"",""team"":""TruAudience""}"
TU_US_NONCREDIT_TRUAUDIENCE_STAGE,TU_US_NONCREDIT_TRUAUDIENCE_STAGE,2026-05-01,2026-06-01,Usage,2026-05-02,2026-05-03,13.512751170,33.73,Snowflake,AWS_US_EAST_1,TU_US_NONCREDIT_TRUAUDIENCE_STAGE,SNOWFLAKE_INTELLIGENCE,SNOWFLAKE_INTELLIGENCE,TU_US_NONCREDIT_TRUAUDIENCE_STAGE,TU_US_NONCREDIT_TRUAUDIENCE_STAGE,"{""environment"":""Staging"",""team"":""TruAudience""}"
TU_US_NONCREDIT_TRUAUDIENCE_STAGE,TU_US_NONCREDIT_TRUAUDIENCE_STAGE,2026-05-01,2026-06-01,Usage,2026-05-02,2026-05-03,2.884466637,6.86,Snowflake,AWS_US_EAST_1,TU_US_NONCREDIT_TRUAUDIENCE_STAGE,SNOWPARK_CONTAINER_SERVICES,SNOWPARK_CONTAINER_SERVICES,TU_US_NONCREDIT_TRUAUDIENCE_STAGE,TU_US_NONCREDIT_TRUAUDIENCE_STAGE,"{""environment"":""Staging"",""team"":""TruAudience""}"
TU_US_NONCREDIT_TRUAUDIENCE_STAGE,TU_US_NONCREDIT_TRUAUDIENCE_STAGE,2026-05-01,2026-06-01,Usage,2026-05-02,2026-05-03,2.641498049,6.45,Snowflake,AWS_US_EAST_1,TU_US_NONCREDIT_TRUAUDIENCE_STAGE,SERVERLESS_TASK,SERVERLESS_TASK,TU_US_NONCREDIT_TRUAUDIENCE_STAGE,TU_US_NONCREDIT_TRUAUDIENCE_STAGE,"{""environment"":""Staging"",""team"":""TruAudience""}"
TU_US_NONCREDIT_TRUAUDIENCE_STAGE,TU_US_NONCREDIT_TRUAUDIENCE_STAGE,2026-05-01,2026-06-01,Usage,2026-05-02,2026-05-03,0.902588295,2.10,Snowflake,AWS_US_EAST_1,TU_US_NONCREDIT_TRUAUDIENCE_STAGE,TRUST_CENTER,TRUST_CENTER,TU_US_NONCREDIT_TRUAUDIENCE_STAGE,TU_US_NONCREDIT_TRUAUDIENCE_STAGE,"{""environment"":""Staging"",""team"":""TruAudience""}"
TU_US_NONCREDIT_TRUAUDIENCE_STAGE,TU_US_NONCREDIT_TRUAUDIENCE_STAGE,2026-05-01,2026-06-01,Usage,2026-05-02,2026-05-03,0.007065119,0.02,Snowflake,AWS_US_EAST_1,TU_US_NONCREDIT_TRUAUDIENCE_STAGE,AUTO_CLUSTERING,AUTO_CLUSTERING,TU_US_NONCREDIT_TRUAUDIENCE_STAGE,TU_US_NONCREDIT_TRUAUDIENCE_STAGE,"{""environment"":""Staging"",""team"":""TruAudience""}"
TU_US_NONCREDIT_TRUAUDIENCE_STAGE,TU_US_NONCREDIT_TRUAUDIENCE_STAGE,2026-05-01,2026-06-01,Usage,2026-05-02,2026-05-03,0.002441054,0.01,Snowflake,AWS_US_EAST_1,TU_US_NONCREDIT_TRUAUDIENCE_STAGE,CORTEX_SEARCH,CORTEX_SEARCH,TU_US_NONCREDIT_TRUAUDIENCE_STAGE,TU_US_NONCREDIT_TRUAUDIENCE_STAGE,"{""environment"":""Staging"",""team"":""TruAudience""}"
TU_US_NONCREDIT_TRUAUDIENCE_STAGE,TU_US_NONCREDIT_TRUAUDIENCE_STAGE,2026-05-01,2026-06-01,Usage,2026-05-02,2026-05-03,0.002289689,0.01,Snowflake,AWS_US_EAST_1,TU_US_NONCREDIT_TRUAUDIENCE_STAGE,TELEMETRY_DATA_INGEST,TELEMETRY_DATA_INGEST,TU_US_NONCREDIT_TRUAUDIENCE_STAGE,TU_US_NONCREDIT_TRUAUDIENCE_STAGE,"{""environment"":""Staging"",""team"":""TruAudience""}"
TU_US_NONCREDIT_TRUAUDIENCE_STAGE,TU_US_NONCREDIT_TRUAUDIENCE_STAGE,2026-05-01,2026-06-01,Usage,2026-05-02,2026-05-03,0.000117260,0.00,Snowflake,AWS_US_EAST_1,TU_US_NONCREDIT_TRUAUDIENCE_STAGE,AI_INFERENCE,AI_INFERENCE,TU_US_NONCREDIT_TRUAUDIENCE_STAGE,TU_US_NONCREDIT_TRUAUDIENCE_STAGE,"{""environment"":""Staging"",""team"":""TruAudience""}"
TU_US_NONCREDIT_TRUAUDIENCE_STAGE,TU_US_NONCREDIT_TRUAUDIENCE_STAGE,2026-05-01,2026-06-01,Usage,2026-05-01,2026-05-02,55.592001629,132.35,Snowflake,AWS_US_EAST_1,TU_US_NONCREDIT_TRUAUDIENCE_STAGE,WAREHOUSE_METERING,WAREHOUSE_METERING,TU_US_NONCREDIT_TRUAUDIENCE_STAGE,TU_US_NONCREDIT_TRUAUDIENCE_STAGE,"{""environment"":""Staging"",""team"":""TruAudience""}"
TU_US_NONCREDIT_TRUAUDIENCE_STAGE,TU_US_NONCREDIT_TRUAUDIENCE_STAGE,2026-05-01,2026-06-01,Usage,2026-05-01,2026-05-02,20.991503650,51.29,Snowflake,AWS_US_EAST_1,TU_US_NONCREDIT_TRUAUDIENCE_STAGE,SNOWFLAKE_INTELLIGENCE,SNOWFLAKE_INTELLIGENCE,TU_US_NONCREDIT_TRUAUDIENCE_STAGE,TU_US_NONCREDIT_TRUAUDIENCE_STAGE,"{""environment"":""Staging"",""team"":""TruAudience""}"
TU_US_NONCREDIT_TRUAUDIENCE_STAGE,TU_US_NONCREDIT_TRUAUDIENCE_STAGE,2026-05-01,2026-06-01,Usage,2026-05-01,2026-05-02,2.876483303,6.69,Snowflake,AWS_US_EAST_1,TU_US_NONCREDIT_TRUAUDIENCE_STAGE,SNOWPARK_CONTAINER_SERVICES,SNOWPARK_CONTAINER_SERVICES,TU_US_NONCREDIT_TRUAUDIENCE_STAGE,TU_US_NONCREDIT_TRUAUDIENCE_STAGE,"{""environment"":""Staging"",""team"":""TruAudience""}"
TU_US_NONCREDIT_TRUAUDIENCE_STAGE,TU_US_NONCREDIT_TRUAUDIENCE_STAGE,2026-05-01,2026-06-01,Usage,2026-05-01,2026-05-02,2.568418205,6.07,Snowflake,AWS_US_EAST_1,TU_US_NONCREDIT_TRUAUDIENCE_STAGE,SERVERLESS_TASK,SERVERLESS_TASK,TU_US_NONCREDIT_TRUAUDIENCE_STAGE,TU_US_NONCREDIT_TRUAUDIENCE_STAGE,"{""environment"":""Staging"",""team"":""TruAudience""}"
TU_US_NONCREDIT_TRUAUDIENCE_STAGE,TU_US_NONCREDIT_TRUAUDIENCE_STAGE,2026-05-01,2026-06-01,Usage,2026-05-01,2026-05-02,0.869399949,2.12,Snowflake,AWS_US_EAST_1,TU_US_NONCREDIT_TRUAUDIENCE_STAGE,TRUST_CENTER,TRUST_CENTER,TU_US_NONCREDIT_TRUAUDIENCE_STAGE,TU_US_NONCREDIT_TRUAUDIENCE_STAGE,"{""environment"":""Staging"",""team"":""TruAudience""}"
TU_US_NONCREDIT_TRUAUDIENCE_STAGE,TU_US_NONCREDIT_TRUAUDIENCE_STAGE,2026-05-01,2026-06-01,Usage,2026-05-01,2026-05-02,0.002292598,0.01,Snowflake,AWS_US_EAST_1,TU_US_NONCREDIT_TRUAUDIENCE_STAGE,TELEMETRY_DATA_INGEST,TELEMETRY_DATA_INGEST,TU_US_NONCREDIT_TRUAUDIENCE_STAGE,TU_US_NONCREDIT_TRUAUDIENCE_STAGE,"{""environment"":""Staging"",""team"":""TruAudience""}"
TU_US_NONCREDIT_TRUAUDIENCE_STAGE,TU_US_NONCREDIT_TRUAUDIENCE_STAGE,2026-05-01,2026-06-01,Usage,2026-05-01,2026-05-02,0.002440476,0.01,Snowflake,AWS_US_EAST_1,TU_US_NONCREDIT_TRUAUDIENCE_STAGE,CORTEX_SEARCH,CORTEX_SEARCH,TU_US_NONCREDIT_TRUAUDIENCE_STAGE,TU_US_NONCREDIT_TRUAUDIENCE_STAGE,"{""environment"":""Staging"",""team"":""TruAudience""}"
TU_US_NONCREDIT_TRUAUDIENCE_STAGE,TU_US_NONCREDIT_TRUAUDIENCE_STAGE,2026-05-01,2026-06-01,Usage,2026-05-01,2026-05-02,0.004099149,0.01,Snowflake,AWS_US_EAST_1,TU_US_NONCREDIT_TRUAUDIENCE_STAGE,AUTO_CLUSTERING,AUTO_CLUSTERING,TU_US_NONCREDIT_TRUAUDIENCE_STAGE,TU_US_NONCREDIT_TRUAUDIENCE_STAGE,"{""environment"":""Staging"",""team"":""TruAudience""}"
TU_US_NONCREDIT_TRUAUDIENCE_STAGE,TU_US_NONCREDIT_TRUAUDIENCE_STAGE,2026-05-01,2026-06-01,Usage,2026-05-01,2026-05-02,0.000814880,0.00,Snowflake,AWS_US_EAST_1,TU_US_NONCREDIT_TRUAUDIENCE_STAGE,AI_INFERENCE,AI_INFERENCE,TU_US_NONCREDIT_TRUAUDIENCE_STAGE,TU_US_NONCREDIT_TRUAUDIENCE_STAGE,"{""environment"":""Staging"",""team"":""TruAudience""}"
