BillingAccountId,BillingAccountName,BillingPeriodStart,BillingPeriodEnd,ChargeCategory,ChargePeriodStart,ChargePeriodEnd,ConsumedQuantity,EffectiveCost,ProviderName,RegionName,ResourceId,ServiceName,SkuId,SubAccountId,SubAccountName,Tags
ONETRU_TRUAUDIENCE_AZURE_EAST_US2,ONETRU_TRUAUDIENCE_AZURE_EAST_US2,2026-07-01,2026-08-01,Usage,2026-07-29,2026-07-30,0.451572,1.08,Snowflake,AWS_US_EAST_1,ONETRU_TRUAUDIENCE_AZURE_EAST_US2,SERVERLESS_TASK,SERVERLESS_TASK,ONETRU_TRUAUDIENCE_AZURE_EAST_US2,ONETRU_TRUAUDIENCE_AZURE_EAST_US2,"{""environment"":""Demo"",""team"":""TruAudience""}"
ONETRU_TRUAUDIENCE_AZURE_EAST_US2,ONETRU_TRUAUDIENCE_AZURE_EAST_US2,2026-07-01,2026-08-01,Usage,2026-07-29,2026-07-30,0.130913,0.31,Snowflake,AWS_US_EAST_1,ONETRU_TRUAUDIENCE_AZURE_EAST_US2,WAREHOUSE_METERING,WAREHOUSE_METERING,ONETRU_TRUAUDIENCE_AZURE_EAST_US2,ONETRU_TRUAUDIENCE_AZURE_EAST_US2,"{""environment"":""Demo"",""team"":""TruAudience""}"
ONETRU_TRUAUDIENCE_AZURE_EAST_US2,ONETRU_TRUAUDIENCE_AZURE_EAST_US2,2026-07-01,2026-08-01,Usage,2026-07-28,2026-07-29,0.408453,0.98,Snowflake,AWS_US_EAST_1,ONETRU_TRUAUDIENCE_AZURE_EAST_US2,SERVERLESS_TASK,SERVERLESS_TASK,ONETRU_TRUAUDIENCE_AZURE_EAST_US2,ONETRU_TRUAUDIENCE_AZURE_EAST_US2,"{""environment"":""Demo"",""team"":""TruAudience""}"
ONETRU_TRUAUDIENCE_AZURE_EAST_US2,ONETRU_TRUAUDIENCE_AZURE_EAST_US2,2026-07-01,2026-08-01,Usage,2026-07-28,2026-07-29,0.115142,0.28,Snowflake,AWS_US_EAST_1,ONETRU_TRUAUDIENCE_AZURE_EAST_US2,WAREHOUSE_METERING,WAREHOUSE_METERING,ONETRU_TRUAUDIENCE_AZURE_EAST_US2,ONETRU_TRUAUDIENCE_AZURE_EAST_US2,"{""environment"":""Demo"",""team"":""TruAudience""}"
ONETRU_TRUAUDIENCE_AZURE_EAST_US2,ONETRU_TRUAUDIENCE_AZURE_EAST_US2,2026-07-01,2026-08-01,Usage,2026-07-27,2026-07-28,0.406512,0.97,Snowflake,AWS_US_EAST_1,ONETRU_TRUAUDIENCE_AZURE_EAST_US2,SERVERLESS_TASK,SERVERLESS_TASK,ONETRU_TRUAUDIENCE_AZURE_EAST_US2,ONETRU_TRUAUDIENCE_AZURE_EAST_US2,"{""environment"":""Demo"",""team"":""TruAudience""}"
ONETRU_TRUAUDIENCE_AZURE_EAST_US2,ONETRU_TRUAUDIENCE_AZURE_EAST_US2,2026-07-01,2026-08-01,Usage,2026-07-27,2026-07-28,0.117068,0.28,Snowflake,AWS_US_EAST_1,ONETRU_TRUAUDIENCE_AZURE_EAST_US2,WAREHOUSE_METERING,WAREHOUSE_METERING,ONETRU_TRUAUDIENCE_AZURE_EAST_US2,ONETRU_TRUAUDIENCE_AZURE_EAST_US2,"{""environment"":""Demo"",""team"":""TruAudience""}"
ONETRU_TRUAUDIENCE_AZURE_EAST_US2,ONETRU_TRUAUDIENCE_AZURE_EAST_US2,2026-07-01,2026-08-01,Usage,2026-07-26,2026-07-27,0.449421,1.07,Snowflake,AWS_US_EAST_1,ONETRU_TRUAUDIENCE_AZURE_EAST_US2,SERVERLESS_TASK,SERVERLESS_TASK,ONETRU_TRUAUDIENCE_AZURE_EAST_US2,ONETRU_TRUAUDIENCE_AZURE_EAST_US2,"{""environment"":""Demo"",""team"":""TruAudience""}"
ONETRU_TRUAUDIENCE_AZURE_EAST_US2,ONETRU_TRUAUDIENCE_AZURE_EAST_US2,2026-07-01,2026-08-01,Usage,2026-07-26,2026-07-27,0.137752,0.33,Snowflake,AWS_US_EAST_1,ONETRU_TRUAUDIENCE_AZURE_EAST_US2,WAREHOUSE_METERING,WAREHOUSE_METERING,ONETRU_TRUAUDIENCE_AZURE_EAST_US2,ONETRU_TRUAUDIENCE_AZURE_EAST_US2,"{""environment"":""Demo"",""team"":""TruAudience""}"
ONETRU_TRUAUDIENCE_AZURE_EAST_US2,ONETRU_TRUAUDIENCE_AZURE_EAST_US2,2026-07-01,2026-08-01,Usage,2026-07-25,2026-07-26,0.425753,1.02,Snowflake,AWS_US_EAST_1,ONETRU_TRUAUDIENCE_AZURE_EAST_US2,SERVERLESS_TASK,SERVERLESS_TASK,ONETRU_TRUAUDIENCE_AZURE_EAST_US2,ONETRU_TRUAUDIENCE_AZURE_EAST_US2,"{""environment"":""Demo"",""team"":""TruAudience""}"
ONETRU_TRUAUDIENCE_AZURE_EAST_US2,ONETRU_TRUAUDIENCE_AZURE_EAST_US2,2026-07-01,2026-08-01,Usage,2026-07-25,2026-07-26,0.131367,0.31,Snowflake,AWS_US_EAST_1,ONETRU_TRUAUDIENCE_AZURE_EAST_US2,WAREHOUSE_METERING,WAREHOUSE_METERING,ONETRU_TRUAUDIENCE_AZURE_EAST_US2,ONETRU_TRUAUDIENCE_AZURE_EAST_US2,"{""environment"":""Demo"",""team"":""TruAudience""}"
ONETRU_TRUAUDIENCE_AZURE_EAST_US2,ONETRU_TRUAUDIENCE_AZURE_EAST_US2,2026-07-01,2026-08-01,Usage,2026-07-24,2026-07-25,0.458414,1.10,Snowflake,AWS_US_EAST_1,ONETRU_TRUAUDIENCE_AZURE_EAST_US2,SERVERLESS_TASK,SERVERLESS_TASK,ONETRU_TRUAUDIENCE_AZURE_EAST_US2,ONETRU_TRUAUDIENCE_AZURE_EAST_US2,"{""environment"":""Demo"",""team"":""TruAudience""}"
ONETRU_TRUAUDIENCE_AZURE_EAST_US2,ONETRU_TRUAUDIENCE_AZURE_EAST_US2,2026-07-01,2026-08-01,Usage,2026-07-24,2026-07-25,0.190390,0.45,Snowflake,AWS_US_EAST_1,ONETRU_TRUAUDIENCE_AZURE_EAST_US2,WAREHOUSE_METERING,WAREHOUSE_METERING,ONETRU_TRUAUDIENCE_AZURE_EAST_US2,ONETRU_TRUAUDIENCE_AZURE_EAST_US2,"{""environment"":""Demo"",""team"":""TruAudience""}"
ONETRU_TRUAUDIENCE_AZURE_EAST_US2,ONETRU_TRUAUDIENCE_AZURE_EAST_US2,2026-07-01,2026-08-01,Usage,2026-07-24,2026-07-25,0.000000,0.00,Snowflake,AWS_US_EAST_1,ONETRU_TRUAUDIENCE_AZURE_EAST_US2,TELEMETRY_DATA_INGEST,TELEMETRY_DATA_INGEST,ONETRU_TRUAUDIENCE_AZURE_EAST_US2,ONETRU_TRUAUDIENCE_AZURE_EAST_US2,"{""environment"":""Demo"",""team"":""TruAudience""}"
ONETRU_TRUAUDIENCE_AZURE_EAST_US2,ONETRU_TRUAUDIENCE_AZURE_EAST_US2,2026-07-01,2026-08-01,Usage,2026-07-23,2026-07-24,0.459727,1.10,Snowflake,AWS_US_EAST_1,ONETRU_TRUAUDIENCE_AZURE_EAST_US2,SERVERLESS_TASK,SERVERLESS_TASK,ONETRU_TRUAUDIENCE_AZURE_EAST_US2,ONETRU_TRUAUDIENCE_AZURE_EAST_US2,"{""environment"":""Demo"",""team"":""TruAudience""}"
ONETRU_TRUAUDIENCE_AZURE_EAST_US2,ONETRU_TRUAUDIENCE_AZURE_EAST_US2,2026-07-01,2026-08-01,Usage,2026-07-23,2026-07-24,0.128479,0.31,Snowflake,AWS_US_EAST_1,ONETRU_TRUAUDIENCE_AZURE_EAST_US2,WAREHOUSE_METERING,WAREHOUSE_METERING,ONETRU_TRUAUDIENCE_AZURE_EAST_US2,ONETRU_TRUAUDIENCE_AZURE_EAST_US2,"{""environment"":""Demo"",""team"":""TruAudience""}"
ONETRU_TRUAUDIENCE_AZURE_EAST_US2,ONETRU_TRUAUDIENCE_AZURE_EAST_US2,2026-07-01,2026-08-01,Usage,2026-07-22,2026-07-23,0.421248,1.01,Snowflake,AWS_US_EAST_1,ONETRU_TRUAUDIENCE_AZURE_EAST_US2,SERVERLESS_TASK,SERVERLESS_TASK,ONETRU_TRUAUDIENCE_AZURE_EAST_US2,ONETRU_TRUAUDIENCE_AZURE_EAST_US2,"{""environment"":""Demo"",""team"":""TruAudience""}"
ONETRU_TRUAUDIENCE_AZURE_EAST_US2,ONETRU_TRUAUDIENCE_AZURE_EAST_US2,2026-07-01,2026-08-01,Usage,2026-07-22,2026-07-23,0.121420,0.29,Snowflake,AWS_US_EAST_1,ONETRU_TRUAUDIENCE_AZURE_EAST_US2,WAREHOUSE_METERING,WAREHOUSE_METERING,ONETRU_TRUAUDIENCE_AZURE_EAST_US2,ONETRU_TRUAUDIENCE_AZURE_EAST_US2,"{""environment"":""Demo"",""team"":""TruAudience""}"
ONETRU_TRUAUDIENCE_AZURE_EAST_US2,ONETRU_TRUAUDIENCE_AZURE_EAST_US2,2026-07-01,2026-08-01,Usage,2026-07-21,2026-07-22,0.383006,0.92,Snowflake,AWS_US_EAST_1,ONETRU_TRUAUDIENCE_AZURE_EAST_US2,SERVERLESS_TASK,SERVERLESS_TASK,ONETRU_TRUAUDIENCE_AZURE_EAST_US2,ONETRU_TRUAUDIENCE_AZURE_EAST_US2,"{""environment"":""Demo"",""team"":""TruAudience""}"
ONETRU_TRUAUDIENCE_AZURE_EAST_US2,ONETRU_TRUAUDIENCE_AZURE_EAST_US2,2026-07-01,2026-08-01,Usage,2026-07-21,2026-07-22,0.112991,0.27,Snowflake,AWS_US_EAST_1,ONETRU_TRUAUDIENCE_AZURE_EAST_US2,WAREHOUSE_METERING,WAREHOUSE_METERING,ONETRU_TRUAUDIENCE_AZURE_EAST_US2,ONETRU_TRUAUDIENCE_AZURE_EAST_US2,"{""environment"":""Demo"",""team"":""TruAudience""}"
ONETRU_TRUAUDIENCE_AZURE_EAST_US2,ONETRU_TRUAUDIENCE_AZURE_EAST_US2,2026-07-01,2026-08-01,Usage,2026-07-20,2026-07-21,0.397185,0.95,Snowflake,AWS_US_EAST_1,ONETRU_TRUAUDIENCE_AZURE_EAST_US2,SERVERLESS_TASK,SERVERLESS_TASK,ONETRU_TRUAUDIENCE_AZURE_EAST_US2,ONETRU_TRUAUDIENCE_AZURE_EAST_US2,"{""environment"":""Demo"",""team"":""TruAudience""}"
ONETRU_TRUAUDIENCE_AZURE_EAST_US2,ONETRU_TRUAUDIENCE_AZURE_EAST_US2,2026-07-01,2026-08-01,Usage,2026-07-20,2026-07-21,0.110715,0.26,Snowflake,AWS_US_EAST_1,ONETRU_TRUAUDIENCE_AZURE_EAST_US2,WAREHOUSE_METERING,WAREHOUSE_METERING,ONETRU_TRUAUDIENCE_AZURE_EAST_US2,ONETRU_TRUAUDIENCE_AZURE_EAST_US2,"{""environment"":""Demo"",""team"":""TruAudience""}"
ONETRU_TRUAUDIENCE_AZURE_EAST_US2,ONETRU_TRUAUDIENCE_AZURE_EAST_US2,2026-07-01,2026-08-01,Usage,2026-07-19,2026-07-20,0.385783,0.92,Snowflake,AWS_US_EAST_1,ONETRU_TRUAUDIENCE_AZURE_EAST_US2,SERVERLESS_TASK,SERVERLESS_TASK,ONETRU_TRUAUDIENCE_AZURE_EAST_US2,ONETRU_TRUAUDIENCE_AZURE_EAST_US2,"{""environment"":""Demo"",""team"":""TruAudience""}"
ONETRU_TRUAUDIENCE_AZURE_EAST_US2,ONETRU_TRUAUDIENCE_AZURE_EAST_US2,2026-07-01,2026-08-01,Usage,2026-07-19,2026-07-20,0.217437,0.52,Snowflake,AWS_US_EAST_1,ONETRU_TRUAUDIENCE_AZURE_EAST_US2,WAREHOUSE_METERING,WAREHOUSE_METERING,ONETRU_TRUAUDIENCE_AZURE_EAST_US2,ONETRU_TRUAUDIENCE_AZURE_EAST_US2,"{""environment"":""Demo"",""team"":""TruAudience""}"
ONETRU_TRUAUDIENCE_AZURE_EAST_US2,ONETRU_TRUAUDIENCE_AZURE_EAST_US2,2026-07-01,2026-08-01,Usage,2026-07-19,2026-07-20,0.000000,0.00,Snowflake,AWS_US_EAST_1,ONETRU_TRUAUDIENCE_AZURE_EAST_US2,TELEMETRY_DATA_INGEST,TELEMETRY_DATA_INGEST,ONETRU_TRUAUDIENCE_AZURE_EAST_US2,ONETRU_TRUAUDIENCE_AZURE_EAST_US2,"{""environment"":""Demo"",""team"":""TruAudience""}"
ONETRU_TRUAUDIENCE_AZURE_EAST_US2,ONETRU_TRUAUDIENCE_AZURE_EAST_US2,2026-07-01,2026-08-01,Usage,2026-07-18,2026-07-19,0.422484,1.01,Snowflake,AWS_US_EAST_1,ONETRU_TRUAUDIENCE_AZURE_EAST_US2,SERVERLESS_TASK,SERVERLESS_TASK,ONETRU_TRUAUDIENCE_AZURE_EAST_US2,ONETRU_TRUAUDIENCE_AZURE_EAST_US2,"{""environment"":""Demo"",""team"":""TruAudience""}"
ONETRU_TRUAUDIENCE_AZURE_EAST_US2,ONETRU_TRUAUDIENCE_AZURE_EAST_US2,2026-07-01,2026-08-01,Usage,2026-07-18,2026-07-19,0.176856,0.42,Snowflake,AWS_US_EAST_1,ONETRU_TRUAUDIENCE_AZURE_EAST_US2,WAREHOUSE_METERING,WAREHOUSE_METERING,ONETRU_TRUAUDIENCE_AZURE_EAST_US2,ONETRU_TRUAUDIENCE_AZURE_EAST_US2,"{""environment"":""Demo"",""team"":""TruAudience""}"
ONETRU_TRUAUDIENCE_AZURE_EAST_US2,ONETRU_TRUAUDIENCE_AZURE_EAST_US2,2026-07-01,2026-08-01,Usage,2026-07-18,2026-07-19,0.000000,0.00,Snowflake,AWS_US_EAST_1,ONETRU_TRUAUDIENCE_AZURE_EAST_US2,TELEMETRY_DATA_INGEST,TELEMETRY_DATA_INGEST,ONETRU_TRUAUDIENCE_AZURE_EAST_US2,ONETRU_TRUAUDIENCE_AZURE_EAST_US2,"{""environment"":""Demo"",""team"":""TruAudience""}"
ONETRU_TRUAUDIENCE_AZURE_EAST_US2,ONETRU_TRUAUDIENCE_AZURE_EAST_US2,2026-07-01,2026-08-01,Usage,2026-07-17,2026-07-18,0.436184,1.04,Snowflake,AWS_US_EAST_1,ONETRU_TRUAUDIENCE_AZURE_EAST_US2,SERVERLESS_TASK,SERVERLESS_TASK,ONETRU_TRUAUDIENCE_AZURE_EAST_US2,ONETRU_TRUAUDIENCE_AZURE_EAST_US2,"{""environment"":""Demo"",""team"":""TruAudience""}"
ONETRU_TRUAUDIENCE_AZURE_EAST_US2,ONETRU_TRUAUDIENCE_AZURE_EAST_US2,2026-07-01,2026-08-01,Usage,2026-07-17,2026-07-18,0.239792,0.57,Snowflake,AWS_US_EAST_1,ONETRU_TRUAUDIENCE_AZURE_EAST_US2,WAREHOUSE_METERING,WAREHOUSE_METERING,ONETRU_TRUAUDIENCE_AZURE_EAST_US2,ONETRU_TRUAUDIENCE_AZURE_EAST_US2,"{""environment"":""Demo"",""team"":""TruAudience""}"
ONETRU_TRUAUDIENCE_AZURE_EAST_US2,ONETRU_TRUAUDIENCE_AZURE_EAST_US2,2026-07-01,2026-08-01,Usage,2026-07-17,2026-07-18,0.000000,0.00,Snowflake,AWS_US_EAST_1,ONETRU_TRUAUDIENCE_AZURE_EAST_US2,TELEMETRY_DATA_INGEST,TELEMETRY_DATA_INGEST,ONETRU_TRUAUDIENCE_AZURE_EAST_US2,ONETRU_TRUAUDIENCE_AZURE_EAST_US2,"{""environment"":""Demo"",""team"":""TruAudience""}"
ONETRU_TRUAUDIENCE_AZURE_EAST_US2,ONETRU_TRUAUDIENCE_AZURE_EAST_US2,2026-07-01,2026-08-01,Usage,2026-07-16,2026-07-17,0.451270,1.08,Snowflake,AWS_US_EAST_1,ONETRU_TRUAUDIENCE_AZURE_EAST_US2,SERVERLESS_TASK,SERVERLESS_TASK,ONETRU_TRUAUDIENCE_AZURE_EAST_US2,ONETRU_TRUAUDIENCE_AZURE_EAST_US2,"{""environment"":""Demo"",""team"":""TruAudience""}"
ONETRU_TRUAUDIENCE_AZURE_EAST_US2,ONETRU_TRUAUDIENCE_AZURE_EAST_US2,2026-07-01,2026-08-01,Usage,2026-07-16,2026-07-17,0.181983,0.43,Snowflake,AWS_US_EAST_1,ONETRU_TRUAUDIENCE_AZURE_EAST_US2,WAREHOUSE_METERING,WAREHOUSE_METERING,ONETRU_TRUAUDIENCE_AZURE_EAST_US2,ONETRU_TRUAUDIENCE_AZURE_EAST_US2,"{""environment"":""Demo"",""team"":""TruAudience""}"
ONETRU_TRUAUDIENCE_AZURE_EAST_US2,ONETRU_TRUAUDIENCE_AZURE_EAST_US2,2026-07-01,2026-08-01,Usage,2026-07-16,2026-07-17,0.000000,0.00,Snowflake,AWS_US_EAST_1,ONETRU_TRUAUDIENCE_AZURE_EAST_US2,TELEMETRY_DATA_INGEST,TELEMETRY_DATA_INGEST,ONETRU_TRUAUDIENCE_AZURE_EAST_US2,ONETRU_TRUAUDIENCE_AZURE_EAST_US2,"{""environment"":""Demo"",""team"":""TruAudience""}"
ONETRU_TRUAUDIENCE_AZURE_EAST_US2,ONETRU_TRUAUDIENCE_AZURE_EAST_US2,2026-07-01,2026-08-01,Usage,2026-07-15,2026-07-16,0.437842,1.05,Snowflake,AWS_US_EAST_1,ONETRU_TRUAUDIENCE_AZURE_EAST_US2,SERVERLESS_TASK,SERVERLESS_TASK,ONETRU_TRUAUDIENCE_AZURE_EAST_US2,ONETRU_TRUAUDIENCE_AZURE_EAST_US2,"{""environment"":""Demo"",""team"":""TruAudience""}"
ONETRU_TRUAUDIENCE_AZURE_EAST_US2,ONETRU_TRUAUDIENCE_AZURE_EAST_US2,2026-07-01,2026-08-01,Usage,2026-07-15,2026-07-16,0.134225,0.32,Snowflake,AWS_US_EAST_1,ONETRU_TRUAUDIENCE_AZURE_EAST_US2,WAREHOUSE_METERING,WAREHOUSE_METERING,ONETRU_TRUAUDIENCE_AZURE_EAST_US2,ONETRU_TRUAUDIENCE_AZURE_EAST_US2,"{""environment"":""Demo"",""team"":""TruAudience""}"
ONETRU_TRUAUDIENCE_AZURE_EAST_US2,ONETRU_TRUAUDIENCE_AZURE_EAST_US2,2026-07-01,2026-08-01,Usage,2026-07-15,2026-07-16,0.000000,0.00,Snowflake,AWS_US_EAST_1,ONETRU_TRUAUDIENCE_AZURE_EAST_US2,TELEMETRY_DATA_INGEST,TELEMETRY_DATA_INGEST,ONETRU_TRUAUDIENCE_AZURE_EAST_US2,ONETRU_TRUAUDIENCE_AZURE_EAST_US2,"{""environment"":""Demo"",""team"":""TruAudience""}"
ONETRU_TRUAUDIENCE_AZURE_EAST_US2,ONETRU_TRUAUDIENCE_AZURE_EAST_US2,2026-07-01,2026-08-01,Usage,2026-07-14,2026-07-15,0.401182,0.96,Snowflake,AWS_US_EAST_1,ONETRU_TRUAUDIENCE_AZURE_EAST_US2,SERVERLESS_TASK,SERVERLESS_TASK,ONETRU_TRUAUDIENCE_AZURE_EAST_US2,ONETRU_TRUAUDIENCE_AZURE_EAST_US2,"{""environment"":""Demo"",""team"":""TruAudience""}"
ONETRU_TRUAUDIENCE_AZURE_EAST_US2,ONETRU_TRUAUDIENCE_AZURE_EAST_US2,2026-07-01,2026-08-01,Usage,2026-07-14,2026-07-15,0.117285,0.28,Snowflake,AWS_US_EAST_1,ONETRU_TRUAUDIENCE_AZURE_EAST_US2,WAREHOUSE_METERING,WAREHOUSE_METERING,ONETRU_TRUAUDIENCE_AZURE_EAST_US2,ONETRU_TRUAUDIENCE_AZURE_EAST_US2,"{""environment"":""Demo"",""team"":""TruAudience""}"
ONETRU_TRUAUDIENCE_AZURE_EAST_US2,ONETRU_TRUAUDIENCE_AZURE_EAST_US2,2026-07-01,2026-08-01,Usage,2026-07-14,2026-07-15,0.000000,0.00,Snowflake,AWS_US_EAST_1,ONETRU_TRUAUDIENCE_AZURE_EAST_US2,TELEMETRY_DATA_INGEST,TELEMETRY_DATA_INGEST,ONETRU_TRUAUDIENCE_AZURE_EAST_US2,ONETRU_TRUAUDIENCE_AZURE_EAST_US2,"{""environment"":""Demo"",""team"":""TruAudience""}"
ONETRU_TRUAUDIENCE_AZURE_EAST_US2,ONETRU_TRUAUDIENCE_AZURE_EAST_US2,2026-07-01,2026-08-01,Usage,2026-07-13,2026-07-14,0.385280,0.92,Snowflake,AWS_US_EAST_1,ONETRU_TRUAUDIENCE_AZURE_EAST_US2,SERVERLESS_TASK,SERVERLESS_TASK,ONETRU_TRUAUDIENCE_AZURE_EAST_US2,ONETRU_TRUAUDIENCE_AZURE_EAST_US2,"{""environment"":""Demo"",""team"":""TruAudience""}"
ONETRU_TRUAUDIENCE_AZURE_EAST_US2,ONETRU_TRUAUDIENCE_AZURE_EAST_US2,2026-07-01,2026-08-01,Usage,2026-07-13,2026-07-14,0.103500,0.25,Snowflake,AWS_US_EAST_1,ONETRU_TRUAUDIENCE_AZURE_EAST_US2,WAREHOUSE_METERING,WAREHOUSE_METERING,ONETRU_TRUAUDIENCE_AZURE_EAST_US2,ONETRU_TRUAUDIENCE_AZURE_EAST_US2,"{""environment"":""Demo"",""team"":""TruAudience""}"
ONETRU_TRUAUDIENCE_AZURE_EAST_US2,ONETRU_TRUAUDIENCE_AZURE_EAST_US2,2026-07-01,2026-08-01,Usage,2026-07-12,2026-07-13,0.410172,0.98,Snowflake,AWS_US_EAST_1,ONETRU_TRUAUDIENCE_AZURE_EAST_US2,SERVERLESS_TASK,SERVERLESS_TASK,ONETRU_TRUAUDIENCE_AZURE_EAST_US2,ONETRU_TRUAUDIENCE_AZURE_EAST_US2,"{""environment"":""Demo"",""team"":""TruAudience""}"
ONETRU_TRUAUDIENCE_AZURE_EAST_US2,ONETRU_TRUAUDIENCE_AZURE_EAST_US2,2026-07-01,2026-08-01,Usage,2026-07-12,2026-07-13,0.111250,0.27,Snowflake,AWS_US_EAST_1,ONETRU_TRUAUDIENCE_AZURE_EAST_US2,WAREHOUSE_METERING,WAREHOUSE_METERING,ONETRU_TRUAUDIENCE_AZURE_EAST_US2,ONETRU_TRUAUDIENCE_AZURE_EAST_US2,"{""environment"":""Demo"",""team"":""TruAudience""}"
ONETRU_TRUAUDIENCE_AZURE_EAST_US2,ONETRU_TRUAUDIENCE_AZURE_EAST_US2,2026-07-01,2026-08-01,Usage,2026-07-11,2026-07-12,0.404269,0.97,Snowflake,AWS_US_EAST_1,ONETRU_TRUAUDIENCE_AZURE_EAST_US2,SERVERLESS_TASK,SERVERLESS_TASK,ONETRU_TRUAUDIENCE_AZURE_EAST_US2,ONETRU_TRUAUDIENCE_AZURE_EAST_US2,"{""environment"":""Demo"",""team"":""TruAudience""}"
ONETRU_TRUAUDIENCE_AZURE_EAST_US2,ONETRU_TRUAUDIENCE_AZURE_EAST_US2,2026-07-01,2026-08-01,Usage,2026-07-11,2026-07-12,0.114410,0.27,Snowflake,AWS_US_EAST_1,ONETRU_TRUAUDIENCE_AZURE_EAST_US2,WAREHOUSE_METERING,WAREHOUSE_METERING,ONETRU_TRUAUDIENCE_AZURE_EAST_US2,ONETRU_TRUAUDIENCE_AZURE_EAST_US2,"{""environment"":""Demo"",""team"":""TruAudience""}"
ONETRU_TRUAUDIENCE_AZURE_EAST_US2,ONETRU_TRUAUDIENCE_AZURE_EAST_US2,2026-07-01,2026-08-01,Usage,2026-07-10,2026-07-11,0.414864,0.99,Snowflake,AWS_US_EAST_1,ONETRU_TRUAUDIENCE_AZURE_EAST_US2,SERVERLESS_TASK,SERVERLESS_TASK,ONETRU_TRUAUDIENCE_AZURE_EAST_US2,ONETRU_TRUAUDIENCE_AZURE_EAST_US2,"{""environment"":""Demo"",""team"":""TruAudience""}"
ONETRU_TRUAUDIENCE_AZURE_EAST_US2,ONETRU_TRUAUDIENCE_AZURE_EAST_US2,2026-07-01,2026-08-01,Usage,2026-07-10,2026-07-11,0.111160,0.27,Snowflake,AWS_US_EAST_1,ONETRU_TRUAUDIENCE_AZURE_EAST_US2,WAREHOUSE_METERING,WAREHOUSE_METERING,ONETRU_TRUAUDIENCE_AZURE_EAST_US2,ONETRU_TRUAUDIENCE_AZURE_EAST_US2,"{""environment"":""Demo"",""team"":""TruAudience""}"
ONETRU_TRUAUDIENCE_AZURE_EAST_US2,ONETRU_TRUAUDIENCE_AZURE_EAST_US2,2026-07-01,2026-08-01,Usage,2026-07-09,2026-07-10,0.425558,1.02,Snowflake,AWS_US_EAST_1,ONETRU_TRUAUDIENCE_AZURE_EAST_US2,SERVERLESS_TASK,SERVERLESS_TASK,ONETRU_TRUAUDIENCE_AZURE_EAST_US2,ONETRU_TRUAUDIENCE_AZURE_EAST_US2,"{""environment"":""Demo"",""team"":""TruAudience""}"
ONETRU_TRUAUDIENCE_AZURE_EAST_US2,ONETRU_TRUAUDIENCE_AZURE_EAST_US2,2026-07-01,2026-08-01,Usage,2026-07-09,2026-07-10,0.138258,0.33,Snowflake,AWS_US_EAST_1,ONETRU_TRUAUDIENCE_AZURE_EAST_US2,WAREHOUSE_METERING,WAREHOUSE_METERING,ONETRU_TRUAUDIENCE_AZURE_EAST_US2,ONETRU_TRUAUDIENCE_AZURE_EAST_US2,"{""environment"":""Demo"",""team"":""TruAudience""}"
ONETRU_TRUAUDIENCE_AZURE_EAST_US2,ONETRU_TRUAUDIENCE_AZURE_EAST_US2,2026-07-01,2026-08-01,Usage,2026-07-09,2026-07-10,0.000000,0.00,Snowflake,AWS_US_EAST_1,ONETRU_TRUAUDIENCE_AZURE_EAST_US2,TELEMETRY_DATA_INGEST,TELEMETRY_DATA_INGEST,ONETRU_TRUAUDIENCE_AZURE_EAST_US2,ONETRU_TRUAUDIENCE_AZURE_EAST_US2,"{""environment"":""Demo"",""team"":""TruAudience""}"
ONETRU_TRUAUDIENCE_AZURE_EAST_US2,ONETRU_TRUAUDIENCE_AZURE_EAST_US2,2026-07-01,2026-08-01,Usage,2026-07-08,2026-07-09,0.411847,0.98,Snowflake,AWS_US_EAST_1,ONETRU_TRUAUDIENCE_AZURE_EAST_US2,SERVERLESS_TASK,SERVERLESS_TASK,ONETRU_TRUAUDIENCE_AZURE_EAST_US2,ONETRU_TRUAUDIENCE_AZURE_EAST_US2,"{""environment"":""Demo"",""team"":""TruAudience""}"
ONETRU_TRUAUDIENCE_AZURE_EAST_US2,ONETRU_TRUAUDIENCE_AZURE_EAST_US2,2026-07-01,2026-08-01,Usage,2026-07-08,2026-07-09,0.109964,0.26,Snowflake,AWS_US_EAST_1,ONETRU_TRUAUDIENCE_AZURE_EAST_US2,WAREHOUSE_METERING,WAREHOUSE_METERING,ONETRU_TRUAUDIENCE_AZURE_EAST_US2,ONETRU_TRUAUDIENCE_AZURE_EAST_US2,"{""environment"":""Demo"",""team"":""TruAudience""}"
ONETRU_TRUAUDIENCE_AZURE_EAST_US2,ONETRU_TRUAUDIENCE_AZURE_EAST_US2,2026-07-01,2026-08-01,Usage,2026-07-07,2026-07-08,0.392702,0.94,Snowflake,AWS_US_EAST_1,ONETRU_TRUAUDIENCE_AZURE_EAST_US2,SERVERLESS_TASK,SERVERLESS_TASK,ONETRU_TRUAUDIENCE_AZURE_EAST_US2,ONETRU_TRUAUDIENCE_AZURE_EAST_US2,"{""environment"":""Demo"",""team"":""TruAudience""}"
ONETRU_TRUAUDIENCE_AZURE_EAST_US2,ONETRU_TRUAUDIENCE_AZURE_EAST_US2,2026-07-01,2026-08-01,Usage,2026-07-07,2026-07-08,0.104287,0.25,Snowflake,AWS_US_EAST_1,ONETRU_TRUAUDIENCE_AZURE_EAST_US2,WAREHOUSE_METERING,WAREHOUSE_METERING,ONETRU_TRUAUDIENCE_AZURE_EAST_US2,ONETRU_TRUAUDIENCE_AZURE_EAST_US2,"{""environment"":""Demo"",""team"":""TruAudience""}"
ONETRU_TRUAUDIENCE_AZURE_EAST_US2,ONETRU_TRUAUDIENCE_AZURE_EAST_US2,2026-07-01,2026-08-01,Usage,2026-07-06,2026-07-07,0.389630,0.93,Snowflake,AWS_US_EAST_1,ONETRU_TRUAUDIENCE_AZURE_EAST_US2,SERVERLESS_TASK,SERVERLESS_TASK,ONETRU_TRUAUDIENCE_AZURE_EAST_US2,ONETRU_TRUAUDIENCE_AZURE_EAST_US2,"{""environment"":""Demo"",""team"":""TruAudience""}"
ONETRU_TRUAUDIENCE_AZURE_EAST_US2,ONETRU_TRUAUDIENCE_AZURE_EAST_US2,2026-07-01,2026-08-01,Usage,2026-07-06,2026-07-07,0.103163,0.25,Snowflake,AWS_US_EAST_1,ONETRU_TRUAUDIENCE_AZURE_EAST_US2,WAREHOUSE_METERING,WAREHOUSE_METERING,ONETRU_TRUAUDIENCE_AZURE_EAST_US2,ONETRU_TRUAUDIENCE_AZURE_EAST_US2,"{""environment"":""Demo"",""team"":""TruAudience""}"
ONETRU_TRUAUDIENCE_AZURE_EAST_US2,ONETRU_TRUAUDIENCE_AZURE_EAST_US2,2026-07-01,2026-08-01,Usage,2026-07-05,2026-07-06,0.415600,0.99,Snowflake,AWS_US_EAST_1,ONETRU_TRUAUDIENCE_AZURE_EAST_US2,SERVERLESS_TASK,SERVERLESS_TASK,ONETRU_TRUAUDIENCE_AZURE_EAST_US2,ONETRU_TRUAUDIENCE_AZURE_EAST_US2,"{""environment"":""Demo"",""team"":""TruAudience""}"
ONETRU_TRUAUDIENCE_AZURE_EAST_US2,ONETRU_TRUAUDIENCE_AZURE_EAST_US2,2026-07-01,2026-08-01,Usage,2026-07-05,2026-07-06,0.114677,0.27,Snowflake,AWS_US_EAST_1,ONETRU_TRUAUDIENCE_AZURE_EAST_US2,WAREHOUSE_METERING,WAREHOUSE_METERING,ONETRU_TRUAUDIENCE_AZURE_EAST_US2,ONETRU_TRUAUDIENCE_AZURE_EAST_US2,"{""environment"":""Demo"",""team"":""TruAudience""}"
ONETRU_TRUAUDIENCE_AZURE_EAST_US2,ONETRU_TRUAUDIENCE_AZURE_EAST_US2,2026-07-01,2026-08-01,Usage,2026-07-04,2026-07-05,0.422894,1.01,Snowflake,AWS_US_EAST_1,ONETRU_TRUAUDIENCE_AZURE_EAST_US2,SERVERLESS_TASK,SERVERLESS_TASK,ONETRU_TRUAUDIENCE_AZURE_EAST_US2,ONETRU_TRUAUDIENCE_AZURE_EAST_US2,"{""environment"":""Demo"",""team"":""TruAudience""}"
ONETRU_TRUAUDIENCE_AZURE_EAST_US2,ONETRU_TRUAUDIENCE_AZURE_EAST_US2,2026-07-01,2026-08-01,Usage,2026-07-04,2026-07-05,0.153954,0.37,Snowflake,AWS_US_EAST_1,ONETRU_TRUAUDIENCE_AZURE_EAST_US2,WAREHOUSE_METERING,WAREHOUSE_METERING,ONETRU_TRUAUDIENCE_AZURE_EAST_US2,ONETRU_TRUAUDIENCE_AZURE_EAST_US2,"{""environment"":""Demo"",""team"":""TruAudience""}"
ONETRU_TRUAUDIENCE_AZURE_EAST_US2,ONETRU_TRUAUDIENCE_AZURE_EAST_US2,2026-07-01,2026-08-01,Usage,2026-07-04,2026-07-05,0.000000,0.00,Snowflake,AWS_US_EAST_1,ONETRU_TRUAUDIENCE_AZURE_EAST_US2,TELEMETRY_DATA_INGEST,TELEMETRY_DATA_INGEST,ONETRU_TRUAUDIENCE_AZURE_EAST_US2,ONETRU_TRUAUDIENCE_AZURE_EAST_US2,"{""environment"":""Demo"",""team"":""TruAudience""}"
ONETRU_TRUAUDIENCE_AZURE_EAST_US2,ONETRU_TRUAUDIENCE_AZURE_EAST_US2,2026-07-01,2026-08-01,Usage,2026-07-03,2026-07-04,0.417065,1.00,Snowflake,AWS_US_EAST_1,ONETRU_TRUAUDIENCE_AZURE_EAST_US2,SERVERLESS_TASK,SERVERLESS_TASK,ONETRU_TRUAUDIENCE_AZURE_EAST_US2,ONETRU_TRUAUDIENCE_AZURE_EAST_US2,"{""environment"":""Demo"",""team"":""TruAudience""}"
ONETRU_TRUAUDIENCE_AZURE_EAST_US2,ONETRU_TRUAUDIENCE_AZURE_EAST_US2,2026-07-01,2026-08-01,Usage,2026-07-03,2026-07-04,0.128842,0.31,Snowflake,AWS_US_EAST_1,ONETRU_TRUAUDIENCE_AZURE_EAST_US2,WAREHOUSE_METERING,WAREHOUSE_METERING,ONETRU_TRUAUDIENCE_AZURE_EAST_US2,ONETRU_TRUAUDIENCE_AZURE_EAST_US2,"{""environment"":""Demo"",""team"":""TruAudience""}"
ONETRU_TRUAUDIENCE_AZURE_EAST_US2,ONETRU_TRUAUDIENCE_AZURE_EAST_US2,2026-07-01,2026-08-01,Usage,2026-07-03,2026-07-04,0.000000,0.00,Snowflake,AWS_US_EAST_1,ONETRU_TRUAUDIENCE_AZURE_EAST_US2,TELEMETRY_DATA_INGEST,TELEMETRY_DATA_INGEST,ONETRU_TRUAUDIENCE_AZURE_EAST_US2,ONETRU_TRUAUDIENCE_AZURE_EAST_US2,"{""environment"":""Demo"",""team"":""TruAudience""}"
ONETRU_TRUAUDIENCE_AZURE_EAST_US2,ONETRU_TRUAUDIENCE_AZURE_EAST_US2,2026-07-01,2026-08-01,Usage,2026-07-02,2026-07-03,0.409078,0.98,Snowflake,AWS_US_EAST_1,ONETRU_TRUAUDIENCE_AZURE_EAST_US2,SERVERLESS_TASK,SERVERLESS_TASK,ONETRU_TRUAUDIENCE_AZURE_EAST_US2,ONETRU_TRUAUDIENCE_AZURE_EAST_US2,"{""environment"":""Demo"",""team"":""TruAudience""}"
ONETRU_TRUAUDIENCE_AZURE_EAST_US2,ONETRU_TRUAUDIENCE_AZURE_EAST_US2,2026-07-01,2026-08-01,Usage,2026-07-02,2026-07-03,0.160466,0.38,Snowflake,AWS_US_EAST_1,ONETRU_TRUAUDIENCE_AZURE_EAST_US2,WAREHOUSE_METERING,WAREHOUSE_METERING,ONETRU_TRUAUDIENCE_AZURE_EAST_US2,ONETRU_TRUAUDIENCE_AZURE_EAST_US2,"{""environment"":""Demo"",""team"":""TruAudience""}"
ONETRU_TRUAUDIENCE_AZURE_EAST_US2,ONETRU_TRUAUDIENCE_AZURE_EAST_US2,2026-07-01,2026-08-01,Usage,2026-07-02,2026-07-03,0.000000,0.00,Snowflake,AWS_US_EAST_1,ONETRU_TRUAUDIENCE_AZURE_EAST_US2,TELEMETRY_DATA_INGEST,TELEMETRY_DATA_INGEST,ONETRU_TRUAUDIENCE_AZURE_EAST_US2,ONETRU_TRUAUDIENCE_AZURE_EAST_US2,"{""environment"":""Demo"",""team"":""TruAudience""}"
ONETRU_TRUAUDIENCE_AZURE_EAST_US2,ONETRU_TRUAUDIENCE_AZURE_EAST_US2,2026-07-01,2026-08-01,Usage,2026-07-01,2026-07-02,0.400644,0.96,Snowflake,AWS_US_EAST_1,ONETRU_TRUAUDIENCE_AZURE_EAST_US2,SERVERLESS_TASK,SERVERLESS_TASK,ONETRU_TRUAUDIENCE_AZURE_EAST_US2,ONETRU_TRUAUDIENCE_AZURE_EAST_US2,"{""environment"":""Demo"",""team"":""TruAudience""}"
ONETRU_TRUAUDIENCE_AZURE_EAST_US2,ONETRU_TRUAUDIENCE_AZURE_EAST_US2,2026-07-01,2026-08-01,Usage,2026-07-01,2026-07-02,0.108730,0.26,Snowflake,AWS_US_EAST_1,ONETRU_TRUAUDIENCE_AZURE_EAST_US2,WAREHOUSE_METERING,WAREHOUSE_METERING,ONETRU_TRUAUDIENCE_AZURE_EAST_US2,ONETRU_TRUAUDIENCE_AZURE_EAST_US2,"{""environment"":""Demo"",""team"":""TruAudience""}"
TU_US_NONCREDIT_TRUAUDIENCE_DEV,TU_US_NONCREDIT_TRUAUDIENCE_DEV,2026-07-01,2026-08-01,Usage,2026-07-29,2026-07-30,194.812215,465.45,Snowflake,AWS_US_EAST_1,TU_US_NONCREDIT_TRUAUDIENCE_DEV,WAREHOUSE_METERING,WAREHOUSE_METERING,TU_US_NONCREDIT_TRUAUDIENCE_DEV,TU_US_NONCREDIT_TRUAUDIENCE_DEV,"{""environment"":""Development"",""team"":""TruAudience""}"
TU_US_NONCREDIT_TRUAUDIENCE_DEV,TU_US_NONCREDIT_TRUAUDIENCE_DEV,2026-07-01,2026-08-01,Usage,2026-07-29,2026-07-30,5.763876,13.77,Snowflake,AWS_US_EAST_1,TU_US_NONCREDIT_TRUAUDIENCE_DEV,SNOWPARK_CONTAINER_SERVICES,SNOWPARK_CONTAINER_SERVICES,TU_US_NONCREDIT_TRUAUDIENCE_DEV,TU_US_NONCREDIT_TRUAUDIENCE_DEV,"{""environment"":""Development"",""team"":""TruAudience""}"
TU_US_NONCREDIT_TRUAUDIENCE_DEV,TU_US_NONCREDIT_TRUAUDIENCE_DEV,2026-07-01,2026-08-01,Usage,2026-07-29,2026-07-30,3.341767,7.98,Snowflake,AWS_US_EAST_1,TU_US_NONCREDIT_TRUAUDIENCE_DEV,SNOWFLAKE_INTELLIGENCE,SNOWFLAKE_INTELLIGENCE,TU_US_NONCREDIT_TRUAUDIENCE_DEV,TU_US_NONCREDIT_TRUAUDIENCE_DEV,"{""environment"":""Development"",""team"":""TruAudience""}"
TU_US_NONCREDIT_TRUAUDIENCE_DEV,TU_US_NONCREDIT_TRUAUDIENCE_DEV,2026-07-01,2026-08-01,Usage,2026-07-29,2026-07-30,3.215989,7.68,Snowflake,AWS_US_EAST_1,TU_US_NONCREDIT_TRUAUDIENCE_DEV,CORTEX_AGENTS,CORTEX_AGENTS,TU_US_NONCREDIT_TRUAUDIENCE_DEV,TU_US_NONCREDIT_TRUAUDIENCE_DEV,"{""environment"":""Development"",""team"":""TruAudience""}"
TU_US_NONCREDIT_TRUAUDIENCE_DEV,TU_US_NONCREDIT_TRUAUDIENCE_DEV,2026-07-01,2026-08-01,Usage,2026-07-29,2026-07-30,0.845465,2.02,Snowflake,AWS_US_EAST_1,TU_US_NONCREDIT_TRUAUDIENCE_DEV,POSTGRES_COMPUTE,POSTGRES_COMPUTE,TU_US_NONCREDIT_TRUAUDIENCE_DEV,TU_US_NONCREDIT_TRUAUDIENCE_DEV,"{""environment"":""Development"",""team"":""TruAudience""}"
TU_US_NONCREDIT_TRUAUDIENCE_DEV,TU_US_NONCREDIT_TRUAUDIENCE_DEV,2026-07-01,2026-08-01,Usage,2026-07-29,2026-07-30,0.057739,0.14,Snowflake,AWS_US_EAST_1,TU_US_NONCREDIT_TRUAUDIENCE_DEV,CORTEX_SEARCH,CORTEX_SEARCH,TU_US_NONCREDIT_TRUAUDIENCE_DEV,TU_US_NONCREDIT_TRUAUDIENCE_DEV,"{""environment"":""Development"",""team"":""TruAudience""}"
TU_US_NONCREDIT_TRUAUDIENCE_DEV,TU_US_NONCREDIT_TRUAUDIENCE_DEV,2026-07-01,2026-08-01,Usage,2026-07-29,2026-07-30,0.037752,0.09,Snowflake,AWS_US_EAST_1,TU_US_NONCREDIT_TRUAUDIENCE_DEV,CORTEX_CODE_SNOWSIGHT,CORTEX_CODE_SNOWSIGHT,TU_US_NONCREDIT_TRUAUDIENCE_DEV,TU_US_NONCREDIT_TRUAUDIENCE_DEV,"{""environment"":""Development"",""team"":""TruAudience""}"
TU_US_NONCREDIT_TRUAUDIENCE_DEV,TU_US_NONCREDIT_TRUAUDIENCE_DEV,2026-07-01,2026-08-01,Usage,2026-07-29,2026-07-30,0.010769,0.03,Snowflake,AWS_US_EAST_1,TU_US_NONCREDIT_TRUAUDIENCE_DEV,TELEMETRY_DATA_INGEST,TELEMETRY_DATA_INGEST,TU_US_NONCREDIT_TRUAUDIENCE_DEV,TU_US_NONCREDIT_TRUAUDIENCE_DEV,"{""environment"":""Development"",""team"":""TruAudience""}"
TU_US_NONCREDIT_TRUAUDIENCE_DEV,TU_US_NONCREDIT_TRUAUDIENCE_DEV,2026-07-01,2026-08-01,Usage,2026-07-28,2026-07-29,168.519360,402.63,Snowflake,AWS_US_EAST_1,TU_US_NONCREDIT_TRUAUDIENCE_DEV,WAREHOUSE_METERING,WAREHOUSE_METERING,TU_US_NONCREDIT_TRUAUDIENCE_DEV,TU_US_NONCREDIT_TRUAUDIENCE_DEV,"{""environment"":""Development"",""team"":""TruAudience""}"
TU_US_NONCREDIT_TRUAUDIENCE_DEV,TU_US_NONCREDIT_TRUAUDIENCE_DEV,2026-07-01,2026-08-01,Usage,2026-07-28,2026-07-29,5.797470,13.85,Snowflake,AWS_US_EAST_1,TU_US_NONCREDIT_TRUAUDIENCE_DEV,SNOWPARK_CONTAINER_SERVICES,SNOWPARK_CONTAINER_SERVICES,TU_US_NONCREDIT_TRUAUDIENCE_DEV,TU_US_NONCREDIT_TRUAUDIENCE_DEV,"{""environment"":""Development"",""team"":""TruAudience""}"
TU_US_NONCREDIT_TRUAUDIENCE_DEV,TU_US_NONCREDIT_TRUAUDIENCE_DEV,2026-07-01,2026-08-01,Usage,2026-07-28,2026-07-29,0.850473,2.03,Snowflake,AWS_US_EAST_1,TU_US_NONCREDIT_TRUAUDIENCE_DEV,POSTGRES_COMPUTE,POSTGRES_COMPUTE,TU_US_NONCREDIT_TRUAUDIENCE_DEV,TU_US_NONCREDIT_TRUAUDIENCE_DEV,"{""environment"":""Development"",""team"":""TruAudience""}"
TU_US_NONCREDIT_TRUAUDIENCE_DEV,TU_US_NONCREDIT_TRUAUDIENCE_DEV,2026-07-01,2026-08-01,Usage,2026-07-28,2026-07-29,0.057574,0.14,Snowflake,AWS_US_EAST_1,TU_US_NONCREDIT_TRUAUDIENCE_DEV,CORTEX_SEARCH,CORTEX_SEARCH,TU_US_NONCREDIT_TRUAUDIENCE_DEV,TU_US_NONCREDIT_TRUAUDIENCE_DEV,"{""environment"":""Development"",""team"":""TruAudience""}"
TU_US_NONCREDIT_TRUAUDIENCE_DEV,TU_US_NONCREDIT_TRUAUDIENCE_DEV,2026-07-01,2026-08-01,Usage,2026-07-28,2026-07-29,0.010530,0.03,Snowflake,AWS_US_EAST_1,TU_US_NONCREDIT_TRUAUDIENCE_DEV,TELEMETRY_DATA_INGEST,TELEMETRY_DATA_INGEST,TU_US_NONCREDIT_TRUAUDIENCE_DEV,TU_US_NONCREDIT_TRUAUDIENCE_DEV,"{""environment"":""Development"",""team"":""TruAudience""}"
TU_US_NONCREDIT_TRUAUDIENCE_DEV,TU_US_NONCREDIT_TRUAUDIENCE_DEV,2026-07-01,2026-08-01,Usage,2026-07-27,2026-07-28,168.403642,402.37,Snowflake,AWS_US_EAST_1,TU_US_NONCREDIT_TRUAUDIENCE_DEV,WAREHOUSE_METERING,WAREHOUSE_METERING,TU_US_NONCREDIT_TRUAUDIENCE_DEV,TU_US_NONCREDIT_TRUAUDIENCE_DEV,"{""environment"":""Development"",""team"":""TruAudience""}"
TU_US_NONCREDIT_TRUAUDIENCE_DEV,TU_US_NONCREDIT_TRUAUDIENCE_DEV,2026-07-01,2026-08-01,Usage,2026-07-27,2026-07-28,5.775860,13.80,Snowflake,AWS_US_EAST_1,TU_US_NONCREDIT_TRUAUDIENCE_DEV,SNOWPARK_CONTAINER_SERVICES,SNOWPARK_CONTAINER_SERVICES,TU_US_NONCREDIT_TRUAUDIENCE_DEV,TU_US_NONCREDIT_TRUAUDIENCE_DEV,"{""environment"":""Development"",""team"":""TruAudience""}"
TU_US_NONCREDIT_TRUAUDIENCE_DEV,TU_US_NONCREDIT_TRUAUDIENCE_DEV,2026-07-01,2026-08-01,Usage,2026-07-27,2026-07-28,0.855644,2.04,Snowflake,AWS_US_EAST_1,TU_US_NONCREDIT_TRUAUDIENCE_DEV,POSTGRES_COMPUTE,POSTGRES_COMPUTE,TU_US_NONCREDIT_TRUAUDIENCE_DEV,TU_US_NONCREDIT_TRUAUDIENCE_DEV,"{""environment"":""Development"",""team"":""TruAudience""}"
TU_US_NONCREDIT_TRUAUDIENCE_DEV,TU_US_NONCREDIT_TRUAUDIENCE_DEV,2026-07-01,2026-08-01,Usage,2026-07-27,2026-07-28,0.057608,0.14,Snowflake,AWS_US_EAST_1,TU_US_NONCREDIT_TRUAUDIENCE_DEV,CORTEX_SEARCH,CORTEX_SEARCH,TU_US_NONCREDIT_TRUAUDIENCE_DEV,TU_US_NONCREDIT_TRUAUDIENCE_DEV,"{""environment"":""Development"",""team"":""TruAudience""}"
TU_US_NONCREDIT_TRUAUDIENCE_DEV,TU_US_NONCREDIT_TRUAUDIENCE_DEV,2026-07-01,2026-08-01,Usage,2026-07-27,2026-07-28,0.010529,0.03,Snowflake,AWS_US_EAST_1,TU_US_NONCREDIT_TRUAUDIENCE_DEV,TELEMETRY_DATA_INGEST,TELEMETRY_DATA_INGEST,TU_US_NONCREDIT_TRUAUDIENCE_DEV,TU_US_NONCREDIT_TRUAUDIENCE_DEV,"{""environment"":""Development"",""team"":""TruAudience""}"
TU_US_NONCREDIT_TRUAUDIENCE_DEV,TU_US_NONCREDIT_TRUAUDIENCE_DEV,2026-07-01,2026-08-01,Usage,2026-07-27,2026-07-28,0.000145,0.00,Snowflake,AWS_US_EAST_1,TU_US_NONCREDIT_TRUAUDIENCE_DEV,AUTO_CLUSTERING,AUTO_CLUSTERING,TU_US_NONCREDIT_TRUAUDIENCE_DEV,TU_US_NONCREDIT_TRUAUDIENCE_DEV,"{""environment"":""Development"",""team"":""TruAudience""}"
TU_US_NONCREDIT_TRUAUDIENCE_DEV,TU_US_NONCREDIT_TRUAUDIENCE_DEV,2026-07-01,2026-08-01,Usage,2026-07-26,2026-07-27,167.767693,400.83,Snowflake,AWS_US_EAST_1,TU_US_NONCREDIT_TRUAUDIENCE_DEV,WAREHOUSE_METERING,WAREHOUSE_METERING,TU_US_NONCREDIT_TRUAUDIENCE_DEV,TU_US_NONCREDIT_TRUAUDIENCE_DEV,"{""environment"":""Development"",""team"":""TruAudience""}"
TU_US_NONCREDIT_TRUAUDIENCE_DEV,TU_US_NONCREDIT_TRUAUDIENCE_DEV,2026-07-01,2026-08-01,Usage,2026-07-26,2026-07-27,5.776591,13.80,Snowflake,AWS_US_EAST_1,TU_US_NONCREDIT_TRUAUDIENCE_DEV,SNOWPARK_CONTAINER_SERVICES,SNOWPARK_CONTAINER_SERVICES,TU_US_NONCREDIT_TRUAUDIENCE_DEV,TU_US_NONCREDIT_TRUAUDIENCE_DEV,"{""environment"":""Development"",""team"":""TruAudience""}"
TU_US_NONCREDIT_TRUAUDIENCE_DEV,TU_US_NONCREDIT_TRUAUDIENCE_DEV,2026-07-01,2026-08-01,Usage,2026-07-26,2026-07-27,0.849639,2.03,Snowflake,AWS_US_EAST_1,TU_US_NONCREDIT_TRUAUDIENCE_DEV,POSTGRES_COMPUTE,POSTGRES_COMPUTE,TU_US_NONCREDIT_TRUAUDIENCE_DEV,TU_US_NONCREDIT_TRUAUDIENCE_DEV,"{""environment"":""Development"",""team"":""TruAudience""}"
TU_US_NONCREDIT_TRUAUDIENCE_DEV,TU_US_NONCREDIT_TRUAUDIENCE_DEV,2026-07-01,2026-08-01,Usage,2026-07-26,2026-07-27,0.545250,1.30,Snowflake,AWS_US_EAST_1,TU_US_NONCREDIT_TRUAUDIENCE_DEV,CORTEX_AGENTS,CORTEX_AGENTS,TU_US_NONCREDIT_TRUAUDIENCE_DEV,TU_US_NONCREDIT_TRUAUDIENCE_DEV,"{""environment"":""Development"",""team"":""TruAudience""}"
TU_US_NONCREDIT_TRUAUDIENCE_DEV,TU_US_NONCREDIT_TRUAUDIENCE_DEV,2026-07-01,2026-08-01,Usage,2026-07-26,2026-07-27,0.057654,0.14,Snowflake,AWS_US_EAST_1,TU_US_NONCREDIT_TRUAUDIENCE_DEV,CORTEX_SEARCH,CORTEX_SEARCH,TU_US_NONCREDIT_TRUAUDIENCE_DEV,TU_US_NONCREDIT_TRUAUDIENCE_DEV,"{""environment"":""Development"",""team"":""TruAudience""}"
TU_US_NONCREDIT_TRUAUDIENCE_DEV,TU_US_NONCREDIT_TRUAUDIENCE_DEV,2026-07-01,2026-08-01,Usage,2026-07-26,2026-07-27,0.010546,0.03,Snowflake,AWS_US_EAST_1,TU_US_NONCREDIT_TRUAUDIENCE_DEV,TELEMETRY_DATA_INGEST,TELEMETRY_DATA_INGEST,TU_US_NONCREDIT_TRUAUDIENCE_DEV,TU_US_NONCREDIT_TRUAUDIENCE_DEV,"{""environment"":""Development"",""team"":""TruAudience""}"
TU_US_NONCREDIT_TRUAUDIENCE_DEV,TU_US_NONCREDIT_TRUAUDIENCE_DEV,2026-07-01,2026-08-01,Usage,2026-07-26,2026-07-27,0.000202,0.00,Snowflake,AWS_US_EAST_1,TU_US_NONCREDIT_TRUAUDIENCE_DEV,AUTO_CLUSTERING,AUTO_CLUSTERING,TU_US_NONCREDIT_TRUAUDIENCE_DEV,TU_US_NONCREDIT_TRUAUDIENCE_DEV,"{""environment"":""Development"",""team"":""TruAudience""}"
TU_US_NONCREDIT_TRUAUDIENCE_DEV,TU_US_NONCREDIT_TRUAUDIENCE_DEV,2026-07-01,2026-08-01,Usage,2026-07-25,2026-07-26,73.913906,176.60,Snowflake,AWS_US_EAST_1,TU_US_NONCREDIT_TRUAUDIENCE_DEV,WAREHOUSE_METERING,WAREHOUSE_METERING,TU_US_NONCREDIT_TRUAUDIENCE_DEV,TU_US_NONCREDIT_TRUAUDIENCE_DEV,"{""environment"":""Development"",""team"":""TruAudience""}"
TU_US_NONCREDIT_TRUAUDIENCE_DEV,TU_US_NONCREDIT_TRUAUDIENCE_DEV,2026-07-01,2026-08-01,Usage,2026-07-25,2026-07-26,5.786705,13.83,Snowflake,AWS_US_EAST_1,TU_US_NONCREDIT_TRUAUDIENCE_DEV,SNOWPARK_CONTAINER_SERVICES,SNOWPARK_CONTAINER_SERVICES,TU_US_NONCREDIT_TRUAUDIENCE_DEV,TU_US_NONCREDIT_TRUAUDIENCE_DEV,"{""environment"":""Development"",""team"":""TruAudience""}"
TU_US_NONCREDIT_TRUAUDIENCE_DEV,TU_US_NONCREDIT_TRUAUDIENCE_DEV,2026-07-01,2026-08-01,Usage,2026-07-25,2026-07-26,3.201651,7.65,Snowflake,AWS_US_EAST_1,TU_US_NONCREDIT_TRUAUDIENCE_DEV,CORTEX_CODE_CLI,CORTEX_CODE_CLI,TU_US_NONCREDIT_TRUAUDIENCE_DEV,TU_US_NONCREDIT_TRUAUDIENCE_DEV,"{""environment"":""Development"",""team"":""TruAudience""}"
TU_US_NONCREDIT_TRUAUDIENCE_DEV,TU_US_NONCREDIT_TRUAUDIENCE_DEV,2026-07-01,2026-08-01,Usage,2026-07-25,2026-07-26,0.855398,2.04,Snowflake,AWS_US_EAST_1,TU_US_NONCREDIT_TRUAUDIENCE_DEV,POSTGRES_COMPUTE,POSTGRES_COMPUTE,TU_US_NONCREDIT_TRUAUDIENCE_DEV,TU_US_NONCREDIT_TRUAUDIENCE_DEV,"{""environment"":""Development"",""team"":""TruAudience""}"
TU_US_NONCREDIT_TRUAUDIENCE_DEV,TU_US_NONCREDIT_TRUAUDIENCE_DEV,2026-07-01,2026-08-01,Usage,2026-07-25,2026-07-26,0.057731,0.14,Snowflake,AWS_US_EAST_1,TU_US_NONCREDIT_TRUAUDIENCE_DEV,CORTEX_SEARCH,CORTEX_SEARCH,TU_US_NONCREDIT_TRUAUDIENCE_DEV,TU_US_NONCREDIT_TRUAUDIENCE_DEV,"{""environment"":""Development"",""team"":""TruAudience""}"
TU_US_NONCREDIT_TRUAUDIENCE_DEV,TU_US_NONCREDIT_TRUAUDIENCE_DEV,2026-07-01,2026-08-01,Usage,2026-07-25,2026-07-26,0.015624,0.04,Snowflake,AWS_US_EAST_1,TU_US_NONCREDIT_TRUAUDIENCE_DEV,AI_FUNCTIONS,AI_FUNCTIONS,TU_US_NONCREDIT_TRUAUDIENCE_DEV,TU_US_NONCREDIT_TRUAUDIENCE_DEV,"{""environment"":""Development"",""team"":""TruAudience""}"
TU_US_NONCREDIT_TRUAUDIENCE_DEV,TU_US_NONCREDIT_TRUAUDIENCE_DEV,2026-07-01,2026-08-01,Usage,2026-07-25,2026-07-26,0.010855,0.03,Snowflake,AWS_US_EAST_1,TU_US_NONCREDIT_TRUAUDIENCE_DEV,TELEMETRY_DATA_INGEST,TELEMETRY_DATA_INGEST,TU_US_NONCREDIT_TRUAUDIENCE_DEV,TU_US_NONCREDIT_TRUAUDIENCE_DEV,"{""environment"":""Development"",""team"":""TruAudience""}"
TU_US_NONCREDIT_TRUAUDIENCE_DEV,TU_US_NONCREDIT_TRUAUDIENCE_DEV,2026-07-01,2026-08-01,Usage,2026-07-25,2026-07-26,0.002265,0.01,Snowflake,AWS_US_EAST_1,TU_US_NONCREDIT_TRUAUDIENCE_DEV,AUTO_CLUSTERING,AUTO_CLUSTERING,TU_US_NONCREDIT_TRUAUDIENCE_DEV,TU_US_NONCREDIT_TRUAUDIENCE_DEV,"{""environment"":""Development"",""team"":""TruAudience""}"
TU_US_NONCREDIT_TRUAUDIENCE_DEV,TU_US_NONCREDIT_TRUAUDIENCE_DEV,2026-07-01,2026-08-01,Usage,2026-07-25,2026-07-26,0.000055,0.00,Snowflake,AWS_US_EAST_1,TU_US_NONCREDIT_TRUAUDIENCE_DEV,AI_INFERENCE,AI_INFERENCE,TU_US_NONCREDIT_TRUAUDIENCE_DEV,TU_US_NONCREDIT_TRUAUDIENCE_DEV,"{""environment"":""Development"",""team"":""TruAudience""}"
TU_US_NONCREDIT_TRUAUDIENCE_DEV,TU_US_NONCREDIT_TRUAUDIENCE_DEV,2026-07-01,2026-08-01,Usage,2026-07-24,2026-07-25,100.141779,239.26,Snowflake,AWS_US_EAST_1,TU_US_NONCREDIT_TRUAUDIENCE_DEV,WAREHOUSE_METERING,WAREHOUSE_METERING,TU_US_NONCREDIT_TRUAUDIENCE_DEV,TU_US_NONCREDIT_TRUAUDIENCE_DEV,"{""environment"":""Development"",""team"":""TruAudience""}"
TU_US_NONCREDIT_TRUAUDIENCE_DEV,TU_US_NONCREDIT_TRUAUDIENCE_DEV,2026-07-01,2026-08-01,Usage,2026-07-24,2026-07-25,8.115375,19.39,Snowflake,AWS_US_EAST_1,TU_US_NONCREDIT_TRUAUDIENCE_DEV,SNOWPARK_CONTAINER_SERVICES,SNOWPARK_CONTAINER_SERVICES,TU_US_NONCREDIT_TRUAUDIENCE_DEV,TU_US_NONCREDIT_TRUAUDIENCE_DEV,"{""environment"":""Development"",""team"":""TruAudience""}"
TU_US_NONCREDIT_TRUAUDIENCE_DEV,TU_US_NONCREDIT_TRUAUDIENCE_DEV,2026-07-01,2026-08-01,Usage,2026-07-24,2026-07-25,1.268507,3.03,Snowflake,AWS_US_EAST_1,TU_US_NONCREDIT_TRUAUDIENCE_DEV,SNOWFLAKE_INTELLIGENCE,SNOWFLAKE_INTELLIGENCE,TU_US_NONCREDIT_TRUAUDIENCE_DEV,TU_US_NONCREDIT_TRUAUDIENCE_DEV,"{""environment"":""Development"",""team"":""TruAudience""}"
TU_US_NONCREDIT_TRUAUDIENCE_DEV,TU_US_NONCREDIT_TRUAUDIENCE_DEV,2026-07-01,2026-08-01,Usage,2026-07-24,2026-07-25,0.857166,2.05,Snowflake,AWS_US_EAST_1,TU_US_NONCREDIT_TRUAUDIENCE_DEV,POSTGRES_COMPUTE,POSTGRES_COMPUTE,TU_US_NONCREDIT_TRUAUDIENCE_DEV,TU_US_NONCREDIT_TRUAUDIENCE_DEV,"{""environment"":""Development"",""team"":""TruAudience""}"
TU_US_NONCREDIT_TRUAUDIENCE_DEV,TU_US_NONCREDIT_TRUAUDIENCE_DEV,2026-07-01,2026-08-01,Usage,2026-07-24,2026-07-25,0.057645,0.14,Snowflake,AWS_US_EAST_1,TU_US_NONCREDIT_TRUAUDIENCE_DEV,CORTEX_SEARCH,CORTEX_SEARCH,TU_US_NONCREDIT_TRUAUDIENCE_DEV,TU_US_NONCREDIT_TRUAUDIENCE_DEV,"{""environment"":""Development"",""team"":""TruAudience""}"
TU_US_NONCREDIT_TRUAUDIENCE_DEV,TU_US_NONCREDIT_TRUAUDIENCE_DEV,2026-07-01,2026-08-01,Usage,2026-07-24,2026-07-25,0.051132,0.12,Snowflake,AWS_US_EAST_1,TU_US_NONCREDIT_TRUAUDIENCE_DEV,CORTEX_AGENTS,CORTEX_AGENTS,TU_US_NONCREDIT_TRUAUDIENCE_DEV,TU_US_NONCREDIT_TRUAUDIENCE_DEV,"{""environment"":""Development"",""team"":""TruAudience""}"
TU_US_NONCREDIT_TRUAUDIENCE_DEV,TU_US_NONCREDIT_TRUAUDIENCE_DEV,2026-07-01,2026-08-01,Usage,2026-07-24,2026-07-25,0.011188,0.03,Snowflake,AWS_US_EAST_1,TU_US_NONCREDIT_TRUAUDIENCE_DEV,TELEMETRY_DATA_INGEST,TELEMETRY_DATA_INGEST,TU_US_NONCREDIT_TRUAUDIENCE_DEV,TU_US_NONCREDIT_TRUAUDIENCE_DEV,"{""environment"":""Development"",""team"":""TruAudience""}"
TU_US_NONCREDIT_TRUAUDIENCE_DEV,TU_US_NONCREDIT_TRUAUDIENCE_DEV,2026-07-01,2026-08-01,Usage,2026-07-24,2026-07-25,0.000237,0.00,Snowflake,AWS_US_EAST_1,TU_US_NONCREDIT_TRUAUDIENCE_DEV,AUTO_CLUSTERING,AUTO_CLUSTERING,TU_US_NONCREDIT_TRUAUDIENCE_DEV,TU_US_NONCREDIT_TRUAUDIENCE_DEV,"{""environment"":""Development"",""team"":""TruAudience""}"
TU_US_NONCREDIT_TRUAUDIENCE_DEV,TU_US_NONCREDIT_TRUAUDIENCE_DEV,2026-07-01,2026-08-01,Usage,2026-07-23,2026-07-24,91.911746,219.60,Snowflake,AWS_US_EAST_1,TU_US_NONCREDIT_TRUAUDIENCE_DEV,WAREHOUSE_METERING,WAREHOUSE_METERING,TU_US_NONCREDIT_TRUAUDIENCE_DEV,TU_US_NONCREDIT_TRUAUDIENCE_DEV,"{""environment"":""Development"",""team"":""TruAudience""}"
TU_US_NONCREDIT_TRUAUDIENCE_DEV,TU_US_NONCREDIT_TRUAUDIENCE_DEV,2026-07-01,2026-08-01,Usage,2026-07-23,2026-07-24,7.022391,16.78,Snowflake,AWS_US_EAST_1,TU_US_NONCREDIT_TRUAUDIENCE_DEV,CORTEX_CODE_CLI,CORTEX_CODE_CLI,TU_US_NONCREDIT_TRUAUDIENCE_DEV,TU_US_NONCREDIT_TRUAUDIENCE_DEV,"{""environment"":""Development"",""team"":""TruAudience""}"
TU_US_NONCREDIT_TRUAUDIENCE_DEV,TU_US_NONCREDIT_TRUAUDIENCE_DEV,2026-07-01,2026-08-01,Usage,2026-07-23,2026-07-24,6.127608,14.64,Snowflake,AWS_US_EAST_1,TU_US_NONCREDIT_TRUAUDIENCE_DEV,SNOWPARK_CONTAINER_SERVICES,SNOWPARK_CONTAINER_SERVICES,TU_US_NONCREDIT_TRUAUDIENCE_DEV,TU_US_NONCREDIT_TRUAUDIENCE_DEV,"{""environment"":""Development"",""team"":""TruAudience""}"
TU_US_NONCREDIT_TRUAUDIENCE_DEV,TU_US_NONCREDIT_TRUAUDIENCE_DEV,2026-07-01,2026-08-01,Usage,2026-07-23,2026-07-24,3.183634,7.61,Snowflake,AWS_US_EAST_1,TU_US_NONCREDIT_TRUAUDIENCE_DEV,CORTEX_AGENTS,CORTEX_AGENTS,TU_US_NONCREDIT_TRUAUDIENCE_DEV,TU_US_NONCREDIT_TRUAUDIENCE_DEV,"{""environment"":""Development"",""team"":""TruAudience""}"
TU_US_NONCREDIT_TRUAUDIENCE_DEV,TU_US_NONCREDIT_TRUAUDIENCE_DEV,2026-07-01,2026-08-01,Usage,2026-07-23,2026-07-24,3.038989,7.26,Snowflake,AWS_US_EAST_1,TU_US_NONCREDIT_TRUAUDIENCE_DEV,SNOWFLAKE_INTELLIGENCE,SNOWFLAKE_INTELLIGENCE,TU_US_NONCREDIT_TRUAUDIENCE_DEV,TU_US_NONCREDIT_TRUAUDIENCE_DEV,"{""environment"":""Development"",""team"":""TruAudience""}"
TU_US_NONCREDIT_TRUAUDIENCE_DEV,TU_US_NONCREDIT_TRUAUDIENCE_DEV,2026-07-01,2026-08-01,Usage,2026-07-23,2026-07-24,0.848745,2.03,Snowflake,AWS_US_EAST_1,TU_US_NONCREDIT_TRUAUDIENCE_DEV,POSTGRES_COMPUTE,POSTGRES_COMPUTE,TU_US_NONCREDIT_TRUAUDIENCE_DEV,TU_US_NONCREDIT_TRUAUDIENCE_DEV,"{""environment"":""Development"",""team"":""TruAudience""}"
TU_US_NONCREDIT_TRUAUDIENCE_DEV,TU_US_NONCREDIT_TRUAUDIENCE_DEV,2026-07-01,2026-08-01,Usage,2026-07-23,2026-07-24,0.309555,0.74,Snowflake,AWS_US_EAST_1,TU_US_NONCREDIT_TRUAUDIENCE_DEV,CORTEX_CODE_SNOWSIGHT,CORTEX_CODE_SNOWSIGHT,TU_US_NONCREDIT_TRUAUDIENCE_DEV,TU_US_NONCREDIT_TRUAUDIENCE_DEV,"{""environment"":""Development"",""team"":""TruAudience""}"
TU_US_NONCREDIT_TRUAUDIENCE_DEV,TU_US_NONCREDIT_TRUAUDIENCE_DEV,2026-07-01,2026-08-01,Usage,2026-07-23,2026-07-24,0.057660,0.14,Snowflake,AWS_US_EAST_1,TU_US_NONCREDIT_TRUAUDIENCE_DEV,CORTEX_SEARCH,CORTEX_SEARCH,TU_US_NONCREDIT_TRUAUDIENCE_DEV,TU_US_NONCREDIT_TRUAUDIENCE_DEV,"{""environment"":""Development"",""team"":""TruAudience""}"
TU_US_NONCREDIT_TRUAUDIENCE_DEV,TU_US_NONCREDIT_TRUAUDIENCE_DEV,2026-07-01,2026-08-01,Usage,2026-07-23,2026-07-24,0.011508,0.03,Snowflake,AWS_US_EAST_1,TU_US_NONCREDIT_TRUAUDIENCE_DEV,TELEMETRY_DATA_INGEST,TELEMETRY_DATA_INGEST,TU_US_NONCREDIT_TRUAUDIENCE_DEV,TU_US_NONCREDIT_TRUAUDIENCE_DEV,"{""environment"":""Development"",""team"":""TruAudience""}"
TU_US_NONCREDIT_TRUAUDIENCE_DEV,TU_US_NONCREDIT_TRUAUDIENCE_DEV,2026-07-01,2026-08-01,Usage,2026-07-23,2026-07-24,0.004314,0.01,Snowflake,AWS_US_EAST_1,TU_US_NONCREDIT_TRUAUDIENCE_DEV,AUTO_CLUSTERING,AUTO_CLUSTERING,TU_US_NONCREDIT_TRUAUDIENCE_DEV,TU_US_NONCREDIT_TRUAUDIENCE_DEV,"{""environment"":""Development"",""team"":""TruAudience""}"
TU_US_NONCREDIT_TRUAUDIENCE_DEV,TU_US_NONCREDIT_TRUAUDIENCE_DEV,2026-07-01,2026-08-01,Usage,2026-07-23,2026-07-24,0.000175,0.00,Snowflake,AWS_US_EAST_1,TU_US_NONCREDIT_TRUAUDIENCE_DEV,AI_INFERENCE,AI_INFERENCE,TU_US_NONCREDIT_TRUAUDIENCE_DEV,TU_US_NONCREDIT_TRUAUDIENCE_DEV,"{""environment"":""Development"",""team"":""TruAudience""}"
TU_US_NONCREDIT_TRUAUDIENCE_DEV,TU_US_NONCREDIT_TRUAUDIENCE_DEV,2026-07-01,2026-08-01,Usage,2026-07-22,2026-07-23,41.348203,98.79,Snowflake,AWS_US_EAST_1,TU_US_NONCREDIT_TRUAUDIENCE_DEV,WAREHOUSE_METERING,WAREHOUSE_METERING,TU_US_NONCREDIT_TRUAUDIENCE_DEV,TU_US_NONCREDIT_TRUAUDIENCE_DEV,"{""environment"":""Development"",""team"":""TruAudience""}"
TU_US_NONCREDIT_TRUAUDIENCE_DEV,TU_US_NONCREDIT_TRUAUDIENCE_DEV,2026-07-01,2026-08-01,Usage,2026-07-22,2026-07-23,5.780819,13.81,Snowflake,AWS_US_EAST_1,TU_US_NONCREDIT_TRUAUDIENCE_DEV,SNOWPARK_CONTAINER_SERVICES,SNOWPARK_CONTAINER_SERVICES,TU_US_NONCREDIT_TRUAUDIENCE_DEV,TU_US_NONCREDIT_TRUAUDIENCE_DEV,"{""environment"":""Development"",""team"":""TruAudience""}"
TU_US_NONCREDIT_TRUAUDIENCE_DEV,TU_US_NONCREDIT_TRUAUDIENCE_DEV,2026-07-01,2026-08-01,Usage,2026-07-22,2026-07-23,4.521893,10.80,Snowflake,AWS_US_EAST_1,TU_US_NONCREDIT_TRUAUDIENCE_DEV,SNOWFLAKE_INTELLIGENCE,SNOWFLAKE_INTELLIGENCE,TU_US_NONCREDIT_TRUAUDIENCE_DEV,TU_US_NONCREDIT_TRUAUDIENCE_DEV,"{""environment"":""Development"",""team"":""TruAudience""}"
TU_US_NONCREDIT_TRUAUDIENCE_DEV,TU_US_NONCREDIT_TRUAUDIENCE_DEV,2026-07-01,2026-08-01,Usage,2026-07-22,2026-07-23,0.857694,2.05,Snowflake,AWS_US_EAST_1,TU_US_NONCREDIT_TRUAUDIENCE_DEV,POSTGRES_COMPUTE,POSTGRES_COMPUTE,TU_US_NONCREDIT_TRUAUDIENCE_DEV,TU_US_NONCREDIT_TRUAUDIENCE_DEV,"{""environment"":""Development"",""team"":""TruAudience""}"
TU_US_NONCREDIT_TRUAUDIENCE_DEV,TU_US_NONCREDIT_TRUAUDIENCE_DEV,2026-07-01,2026-08-01,Usage,2026-07-22,2026-07-23,0.153897,0.37,Snowflake,AWS_US_EAST_1,TU_US_NONCREDIT_TRUAUDIENCE_DEV,CORTEX_AGENTS,CORTEX_AGENTS,TU_US_NONCREDIT_TRUAUDIENCE_DEV,TU_US_NONCREDIT_TRUAUDIENCE_DEV,"{""environment"":""Development"",""team"":""TruAudience""}"
TU_US_NONCREDIT_TRUAUDIENCE_DEV,TU_US_NONCREDIT_TRUAUDIENCE_DEV,2026-07-01,2026-08-01,Usage,2026-07-22,2026-07-23,0.115584,0.28,Snowflake,AWS_US_EAST_1,TU_US_NONCREDIT_TRUAUDIENCE_DEV,CORTEX_CODE_SNOWSIGHT,CORTEX_CODE_SNOWSIGHT,TU_US_NONCREDIT_TRUAUDIENCE_DEV,TU_US_NONCREDIT_TRUAUDIENCE_DEV,"{""environment"":""Development"",""team"":""TruAudience""}"
TU_US_NONCREDIT_TRUAUDIENCE_DEV,TU_US_NONCREDIT_TRUAUDIENCE_DEV,2026-07-01,2026-08-01,Usage,2026-07-22,2026-07-23,0.057627,0.14,Snowflake,AWS_US_EAST_1,TU_US_NONCREDIT_TRUAUDIENCE_DEV,CORTEX_SEARCH,CORTEX_SEARCH,TU_US_NONCREDIT_TRUAUDIENCE_DEV,TU_US_NONCREDIT_TRUAUDIENCE_DEV,"{""environment"":""Development"",""team"":""TruAudience""}"
TU_US_NONCREDIT_TRUAUDIENCE_DEV,TU_US_NONCREDIT_TRUAUDIENCE_DEV,2026-07-01,2026-08-01,Usage,2026-07-22,2026-07-23,0.010565,0.03,Snowflake,AWS_US_EAST_1,TU_US_NONCREDIT_TRUAUDIENCE_DEV,TELEMETRY_DATA_INGEST,TELEMETRY_DATA_INGEST,TU_US_NONCREDIT_TRUAUDIENCE_DEV,TU_US_NONCREDIT_TRUAUDIENCE_DEV,"{""environment"":""Development"",""team"":""TruAudience""}"
TU_US_NONCREDIT_TRUAUDIENCE_DEV,TU_US_NONCREDIT_TRUAUDIENCE_DEV,2026-07-01,2026-08-01,Usage,2026-07-22,2026-07-23,0.000609,0.00,Snowflake,AWS_US_EAST_1,TU_US_NONCREDIT_TRUAUDIENCE_DEV,AUTO_CLUSTERING,AUTO_CLUSTERING,TU_US_NONCREDIT_TRUAUDIENCE_DEV,TU_US_NONCREDIT_TRUAUDIENCE_DEV,"{""environment"":""Development"",""team"":""TruAudience""}"
TU_US_NONCREDIT_TRUAUDIENCE_DEV,TU_US_NONCREDIT_TRUAUDIENCE_DEV,2026-07-01,2026-08-01,Usage,2026-07-22,2026-07-23,0.000187,0.00,Snowflake,AWS_US_EAST_1,TU_US_NONCREDIT_TRUAUDIENCE_DEV,AI_FUNCTIONS,AI_FUNCTIONS,TU_US_NONCREDIT_TRUAUDIENCE_DEV,TU_US_NONCREDIT_TRUAUDIENCE_DEV,"{""environment"":""Development"",""team"":""TruAudience""}"
TU_US_NONCREDIT_TRUAUDIENCE_DEV,TU_US_NONCREDIT_TRUAUDIENCE_DEV,2026-07-01,2026-08-01,Usage,2026-07-21,2026-07-22,30.619976,73.16,Snowflake,AWS_US_EAST_1,TU_US_NONCREDIT_TRUAUDIENCE_DEV,WAREHOUSE_METERING,WAREHOUSE_METERING,TU_US_NONCREDIT_TRUAUDIENCE_DEV,TU_US_NONCREDIT_TRUAUDIENCE_DEV,"{""environment"":""Development"",""team"":""TruAudience""}"
TU_US_NONCREDIT_TRUAUDIENCE_DEV,TU_US_NONCREDIT_TRUAUDIENCE_DEV,2026-07-01,2026-08-01,Usage,2026-07-21,2026-07-22,5.773661,13.79,Snowflake,AWS_US_EAST_1,TU_US_NONCREDIT_TRUAUDIENCE_DEV,SNOWPARK_CONTAINER_SERVICES,SNOWPARK_CONTAINER_SERVICES,TU_US_NONCREDIT_TRUAUDIENCE_DEV,TU_US_NONCREDIT_TRUAUDIENCE_DEV,"{""environment"":""Development"",""team"":""TruAudience""}"
TU_US_NONCREDIT_TRUAUDIENCE_DEV,TU_US_NONCREDIT_TRUAUDIENCE_DEV,2026-07-01,2026-08-01,Usage,2026-07-21,2026-07-22,0.852797,2.04,Snowflake,AWS_US_EAST_1,TU_US_NONCREDIT_TRUAUDIENCE_DEV,POSTGRES_COMPUTE,POSTGRES_COMPUTE,TU_US_NONCREDIT_TRUAUDIENCE_DEV,TU_US_NONCREDIT_TRUAUDIENCE_DEV,"{""environment"":""Development"",""team"":""TruAudience""}"
TU_US_NONCREDIT_TRUAUDIENCE_DEV,TU_US_NONCREDIT_TRUAUDIENCE_DEV,2026-07-01,2026-08-01,Usage,2026-07-21,2026-07-22,0.057550,0.14,Snowflake,AWS_US_EAST_1,TU_US_NONCREDIT_TRUAUDIENCE_DEV,CORTEX_SEARCH,CORTEX_SEARCH,TU_US_NONCREDIT_TRUAUDIENCE_DEV,TU_US_NONCREDIT_TRUAUDIENCE_DEV,"{""environment"":""Development"",""team"":""TruAudience""}"
TU_US_NONCREDIT_TRUAUDIENCE_DEV,TU_US_NONCREDIT_TRUAUDIENCE_DEV,2026-07-01,2026-08-01,Usage,2026-07-21,2026-07-22,0.010350,0.02,Snowflake,AWS_US_EAST_1,TU_US_NONCREDIT_TRUAUDIENCE_DEV,TELEMETRY_DATA_INGEST,TELEMETRY_DATA_INGEST,TU_US_NONCREDIT_TRUAUDIENCE_DEV,TU_US_NONCREDIT_TRUAUDIENCE_DEV,"{""environment"":""Development"",""team"":""TruAudience""}"
TU_US_NONCREDIT_TRUAUDIENCE_DEV,TU_US_NONCREDIT_TRUAUDIENCE_DEV,2026-07-01,2026-08-01,Usage,2026-07-20,2026-07-21,30.611416,73.14,Snowflake,AWS_US_EAST_1,TU_US_NONCREDIT_TRUAUDIENCE_DEV,WAREHOUSE_METERING,WAREHOUSE_METERING,TU_US_NONCREDIT_TRUAUDIENCE_DEV,TU_US_NONCREDIT_TRUAUDIENCE_DEV,"{""environment"":""Development"",""team"":""TruAudience""}"
TU_US_NONCREDIT_TRUAUDIENCE_DEV,TU_US_NONCREDIT_TRUAUDIENCE_DEV,2026-07-01,2026-08-01,Usage,2026-07-20,2026-07-21,5.769898,13.79,Snowflake,AWS_US_EAST_1,TU_US_NONCREDIT_TRUAUDIENCE_DEV,SNOWPARK_CONTAINER_SERVICES,SNOWPARK_CONTAINER_SERVICES,TU_US_NONCREDIT_TRUAUDIENCE_DEV,TU_US_NONCREDIT_TRUAUDIENCE_DEV,"{""environment"":""Development"",""team"":""TruAudience""}"
TU_US_NONCREDIT_TRUAUDIENCE_DEV,TU_US_NONCREDIT_TRUAUDIENCE_DEV,2026-07-01,2026-08-01,Usage,2026-07-20,2026-07-21,0.858363,2.05,Snowflake,AWS_US_EAST_1,TU_US_NONCREDIT_TRUAUDIENCE_DEV,POSTGRES_COMPUTE,POSTGRES_COMPUTE,TU_US_NONCREDIT_TRUAUDIENCE_DEV,TU_US_NONCREDIT_TRUAUDIENCE_DEV,"{""environment"":""Development"",""team"":""TruAudience""}"
TU_US_NONCREDIT_TRUAUDIENCE_DEV,TU_US_NONCREDIT_TRUAUDIENCE_DEV,2026-07-01,2026-08-01,Usage,2026-07-20,2026-07-21,0.057626,0.14,Snowflake,AWS_US_EAST_1,TU_US_NONCREDIT_TRUAUDIENCE_DEV,CORTEX_SEARCH,CORTEX_SEARCH,TU_US_NONCREDIT_TRUAUDIENCE_DEV,TU_US_NONCREDIT_TRUAUDIENCE_DEV,"{""environment"":""Development"",""team"":""TruAudience""}"
TU_US_NONCREDIT_TRUAUDIENCE_DEV,TU_US_NONCREDIT_TRUAUDIENCE_DEV,2026-07-01,2026-08-01,Usage,2026-07-20,2026-07-21,0.010424,0.02,Snowflake,AWS_US_EAST_1,TU_US_NONCREDIT_TRUAUDIENCE_DEV,TELEMETRY_DATA_INGEST,TELEMETRY_DATA_INGEST,TU_US_NONCREDIT_TRUAUDIENCE_DEV,TU_US_NONCREDIT_TRUAUDIENCE_DEV,"{""environment"":""Development"",""team"":""TruAudience""}"
TU_US_NONCREDIT_TRUAUDIENCE_DEV,TU_US_NONCREDIT_TRUAUDIENCE_DEV,2026-07-01,2026-08-01,Usage,2026-07-20,2026-07-21,0.000251,0.00,Snowflake,AWS_US_EAST_1,TU_US_NONCREDIT_TRUAUDIENCE_DEV,AUTO_CLUSTERING,AUTO_CLUSTERING,TU_US_NONCREDIT_TRUAUDIENCE_DEV,TU_US_NONCREDIT_TRUAUDIENCE_DEV,"{""environment"":""Development"",""team"":""TruAudience""}"
TU_US_NONCREDIT_TRUAUDIENCE_DEV,TU_US_NONCREDIT_TRUAUDIENCE_DEV,2026-07-01,2026-08-01,Usage,2026-07-19,2026-07-20,46.636280,111.43,Snowflake,AWS_US_EAST_1,TU_US_NONCREDIT_TRUAUDIENCE_DEV,WAREHOUSE_METERING,WAREHOUSE_METERING,TU_US_NONCREDIT_TRUAUDIENCE_DEV,TU_US_NONCREDIT_TRUAUDIENCE_DEV,"{""environment"":""Development"",""team"":""TruAudience""}"
TU_US_NONCREDIT_TRUAUDIENCE_DEV,TU_US_NONCREDIT_TRUAUDIENCE_DEV,2026-07-01,2026-08-01,Usage,2026-07-19,2026-07-20,5.788828,13.83,Snowflake,AWS_US_EAST_1,TU_US_NONCREDIT_TRUAUDIENCE_DEV,SNOWPARK_CONTAINER_SERVICES,SNOWPARK_CONTAINER_SERVICES,TU_US_NONCREDIT_TRUAUDIENCE_DEV,TU_US_NONCREDIT_TRUAUDIENCE_DEV,"{""environment"":""Development"",""team"":""TruAudience""}"
TU_US_NONCREDIT_TRUAUDIENCE_DEV,TU_US_NONCREDIT_TRUAUDIENCE_DEV,2026-07-01,2026-08-01,Usage,2026-07-19,2026-07-20,1.241643,2.97,Snowflake,AWS_US_EAST_1,TU_US_NONCREDIT_TRUAUDIENCE_DEV,CORTEX_AGENTS,CORTEX_AGENTS,TU_US_NONCREDIT_TRUAUDIENCE_DEV,TU_US_NONCREDIT_TRUAUDIENCE_DEV,"{""environment"":""Development"",""team"":""TruAudience""}"
TU_US_NONCREDIT_TRUAUDIENCE_DEV,TU_US_NONCREDIT_TRUAUDIENCE_DEV,2026-07-01,2026-08-01,Usage,2026-07-19,2026-07-20,0.852584,2.04,Snowflake,AWS_US_EAST_1,TU_US_NONCREDIT_TRUAUDIENCE_DEV,POSTGRES_COMPUTE,POSTGRES_COMPUTE,TU_US_NONCREDIT_TRUAUDIENCE_DEV,TU_US_NONCREDIT_TRUAUDIENCE_DEV,"{""environment"":""Development"",""team"":""TruAudience""}"
TU_US_NONCREDIT_TRUAUDIENCE_DEV,TU_US_NONCREDIT_TRUAUDIENCE_DEV,2026-07-01,2026-08-01,Usage,2026-07-19,2026-07-20,0.091245,0.22,Snowflake,AWS_US_EAST_1,TU_US_NONCREDIT_TRUAUDIENCE_DEV,CORTEX_CODE_SNOWSIGHT,CORTEX_CODE_SNOWSIGHT,TU_US_NONCREDIT_TRUAUDIENCE_DEV,TU_US_NONCREDIT_TRUAUDIENCE_DEV,"{""environment"":""Development"",""team"":""TruAudience""}"
TU_US_NONCREDIT_TRUAUDIENCE_DEV,TU_US_NONCREDIT_TRUAUDIENCE_DEV,2026-07-01,2026-08-01,Usage,2026-07-19,2026-07-20,0.057541,0.14,Snowflake,AWS_US_EAST_1,TU_US_NONCREDIT_TRUAUDIENCE_DEV,CORTEX_SEARCH,CORTEX_SEARCH,TU_US_NONCREDIT_TRUAUDIENCE_DEV,TU_US_NONCREDIT_TRUAUDIENCE_DEV,"{""environment"":""Development"",""team"":""TruAudience""}"
TU_US_NONCREDIT_TRUAUDIENCE_DEV,TU_US_NONCREDIT_TRUAUDIENCE_DEV,2026-07-01,2026-08-01,Usage,2026-07-19,2026-07-20,0.010478,0.03,Snowflake,AWS_US_EAST_1,TU_US_NONCREDIT_TRUAUDIENCE_DEV,TELEMETRY_DATA_INGEST,TELEMETRY_DATA_INGEST,TU_US_NONCREDIT_TRUAUDIENCE_DEV,TU_US_NONCREDIT_TRUAUDIENCE_DEV,"{""environment"":""Development"",""team"":""TruAudience""}"
TU_US_NONCREDIT_TRUAUDIENCE_DEV,TU_US_NONCREDIT_TRUAUDIENCE_DEV,2026-07-01,2026-08-01,Usage,2026-07-19,2026-07-20,0.003559,0.01,Snowflake,AWS_US_EAST_1,TU_US_NONCREDIT_TRUAUDIENCE_DEV,QUERY_ACCELERATION,QUERY_ACCELERATION,TU_US_NONCREDIT_TRUAUDIENCE_DEV,TU_US_NONCREDIT_TRUAUDIENCE_DEV,"{""environment"":""Development"",""team"":""TruAudience""}"
TU_US_NONCREDIT_TRUAUDIENCE_DEV,TU_US_NONCREDIT_TRUAUDIENCE_DEV,2026-07-01,2026-08-01,Usage,2026-07-19,2026-07-20,0.001000,0.00,Snowflake,AWS_US_EAST_1,TU_US_NONCREDIT_TRUAUDIENCE_DEV,AUTO_CLUSTERING,AUTO_CLUSTERING,TU_US_NONCREDIT_TRUAUDIENCE_DEV,TU_US_NONCREDIT_TRUAUDIENCE_DEV,"{""environment"":""Development"",""team"":""TruAudience""}"
TU_US_NONCREDIT_TRUAUDIENCE_DEV,TU_US_NONCREDIT_TRUAUDIENCE_DEV,2026-07-01,2026-08-01,Usage,2026-07-18,2026-07-19,39.871652,95.27,Snowflake,AWS_US_EAST_1,TU_US_NONCREDIT_TRUAUDIENCE_DEV,WAREHOUSE_METERING,WAREHOUSE_METERING,TU_US_NONCREDIT_TRUAUDIENCE_DEV,TU_US_NONCREDIT_TRUAUDIENCE_DEV,"{""environment"":""Development"",""team"":""TruAudience""}"
TU_US_NONCREDIT_TRUAUDIENCE_DEV,TU_US_NONCREDIT_TRUAUDIENCE_DEV,2026-07-01,2026-08-01,Usage,2026-07-18,2026-07-19,5.787086,13.83,Snowflake,AWS_US_EAST_1,TU_US_NONCREDIT_TRUAUDIENCE_DEV,SNOWPARK_CONTAINER_SERVICES,SNOWPARK_CONTAINER_SERVICES,TU_US_NONCREDIT_TRUAUDIENCE_DEV,TU_US_NONCREDIT_TRUAUDIENCE_DEV,"{""environment"":""Development"",""team"":""TruAudience""}"
TU_US_NONCREDIT_TRUAUDIENCE_DEV,TU_US_NONCREDIT_TRUAUDIENCE_DEV,2026-07-01,2026-08-01,Usage,2026-07-18,2026-07-19,3.567558,8.52,Snowflake,AWS_US_EAST_1,TU_US_NONCREDIT_TRUAUDIENCE_DEV,SNOWFLAKE_INTELLIGENCE,SNOWFLAKE_INTELLIGENCE,TU_US_NONCREDIT_TRUAUDIENCE_DEV,TU_US_NONCREDIT_TRUAUDIENCE_DEV,"{""environment"":""Development"",""team"":""TruAudience""}"
TU_US_NONCREDIT_TRUAUDIENCE_DEV,TU_US_NONCREDIT_TRUAUDIENCE_DEV,2026-07-01,2026-08-01,Usage,2026-07-18,2026-07-19,0.851045,2.03,Snowflake,AWS_US_EAST_1,TU_US_NONCREDIT_TRUAUDIENCE_DEV,POSTGRES_COMPUTE,POSTGRES_COMPUTE,TU_US_NONCREDIT_TRUAUDIENCE_DEV,TU_US_NONCREDIT_TRUAUDIENCE_DEV,"{""environment"":""Development"",""team"":""TruAudience""}"
TU_US_NONCREDIT_TRUAUDIENCE_DEV,TU_US_NONCREDIT_TRUAUDIENCE_DEV,2026-07-01,2026-08-01,Usage,2026-07-18,2026-07-19,0.057476,0.14,Snowflake,AWS_US_EAST_1,TU_US_NONCREDIT_TRUAUDIENCE_DEV,CORTEX_SEARCH,CORTEX_SEARCH,TU_US_NONCREDIT_TRUAUDIENCE_DEV,TU_US_NONCREDIT_TRUAUDIENCE_DEV,"{""environment"":""Development"",""team"":""TruAudience""}"
TU_US_NONCREDIT_TRUAUDIENCE_DEV,TU_US_NONCREDIT_TRUAUDIENCE_DEV,2026-07-01,2026-08-01,Usage,2026-07-18,2026-07-19,0.010538,0.03,Snowflake,AWS_US_EAST_1,TU_US_NONCREDIT_TRUAUDIENCE_DEV,TELEMETRY_DATA_INGEST,TELEMETRY_DATA_INGEST,TU_US_NONCREDIT_TRUAUDIENCE_DEV,TU_US_NONCREDIT_TRUAUDIENCE_DEV,"{""environment"":""Development"",""team"":""TruAudience""}"
TU_US_NONCREDIT_TRUAUDIENCE_DEV,TU_US_NONCREDIT_TRUAUDIENCE_DEV,2026-07-01,2026-08-01,Usage,2026-07-18,2026-07-19,0.001622,0.00,Snowflake,AWS_US_EAST_1,TU_US_NONCREDIT_TRUAUDIENCE_DEV,AUTO_CLUSTERING,AUTO_CLUSTERING,TU_US_NONCREDIT_TRUAUDIENCE_DEV,TU_US_NONCREDIT_TRUAUDIENCE_DEV,"{""environment"":""Development"",""team"":""TruAudience""}"
TU_US_NONCREDIT_TRUAUDIENCE_DEV,TU_US_NONCREDIT_TRUAUDIENCE_DEV,2026-07-01,2026-08-01,Usage,2026-07-17,2026-07-18,48.675763,116.30,Snowflake,AWS_US_EAST_1,TU_US_NONCREDIT_TRUAUDIENCE_DEV,WAREHOUSE_METERING,WAREHOUSE_METERING,TU_US_NONCREDIT_TRUAUDIENCE_DEV,TU_US_NONCREDIT_TRUAUDIENCE_DEV,"{""environment"":""Development"",""team"":""TruAudience""}"
TU_US_NONCREDIT_TRUAUDIENCE_DEV,TU_US_NONCREDIT_TRUAUDIENCE_DEV,2026-07-01,2026-08-01,Usage,2026-07-17,2026-07-18,7.863984,18.79,Snowflake,AWS_US_EAST_1,TU_US_NONCREDIT_TRUAUDIENCE_DEV,CORTEX_AGENTS,CORTEX_AGENTS,TU_US_NONCREDIT_TRUAUDIENCE_DEV,TU_US_NONCREDIT_TRUAUDIENCE_DEV,"{""environment"":""Development"",""team"":""TruAudience""}"
TU_US_NONCREDIT_TRUAUDIENCE_DEV,TU_US_NONCREDIT_TRUAUDIENCE_DEV,2026-07-01,2026-08-01,Usage,2026-07-17,2026-07-18,5.770539,13.79,Snowflake,AWS_US_EAST_1,TU_US_NONCREDIT_TRUAUDIENCE_DEV,SNOWPARK_CONTAINER_SERVICES,SNOWPARK_CONTAINER_SERVICES,TU_US_NONCREDIT_TRUAUDIENCE_DEV,TU_US_NONCREDIT_TRUAUDIENCE_DEV,"{""environment"":""Development"",""team"":""TruAudience""}"
TU_US_NONCREDIT_TRUAUDIENCE_DEV,TU_US_NONCREDIT_TRUAUDIENCE_DEV,2026-07-01,2026-08-01,Usage,2026-07-17,2026-07-18,3.088893,7.38,Snowflake,AWS_US_EAST_1,TU_US_NONCREDIT_TRUAUDIENCE_DEV,SNOWFLAKE_INTELLIGENCE,SNOWFLAKE_INTELLIGENCE,TU_US_NONCREDIT_TRUAUDIENCE_DEV,TU_US_NONCREDIT_TRUAUDIENCE_DEV,"{""environment"":""Development"",""team"":""TruAudience""}"
TU_US_NONCREDIT_TRUAUDIENCE_DEV,TU_US_NONCREDIT_TRUAUDIENCE_DEV,2026-07-01,2026-08-01,Usage,2026-07-17,2026-07-18,0.846914,2.02,Snowflake,AWS_US_EAST_1,TU_US_NONCREDIT_TRUAUDIENCE_DEV,POSTGRES_COMPUTE,POSTGRES_COMPUTE,TU_US_NONCREDIT_TRUAUDIENCE_DEV,TU_US_NONCREDIT_TRUAUDIENCE_DEV,"{""environment"":""Development"",""team"":""TruAudience""}"
TU_US_NONCREDIT_TRUAUDIENCE_DEV,TU_US_NONCREDIT_TRUAUDIENCE_DEV,2026-07-01,2026-08-01,Usage,2026-07-17,2026-07-18,0.062710,0.15,Snowflake,AWS_US_EAST_1,TU_US_NONCREDIT_TRUAUDIENCE_DEV,CORTEX_CODE_SNOWSIGHT,CORTEX_CODE_SNOWSIGHT,TU_US_NONCREDIT_TRUAUDIENCE_DEV,TU_US_NONCREDIT_TRUAUDIENCE_DEV,"{""environment"":""Development"",""team"":""TruAudience""}"
TU_US_NONCREDIT_TRUAUDIENCE_DEV,TU_US_NONCREDIT_TRUAUDIENCE_DEV,2026-07-01,2026-08-01,Usage,2026-07-17,2026-07-18,0.057175,0.14,Snowflake,AWS_US_EAST_1,TU_US_NONCREDIT_TRUAUDIENCE_DEV,CORTEX_SEARCH,CORTEX_SEARCH,TU_US_NONCREDIT_TRUAUDIENCE_DEV,TU_US_NONCREDIT_TRUAUDIENCE_DEV,"{""environment"":""Development"",""team"":""TruAudience""}"
TU_US_NONCREDIT_TRUAUDIENCE_DEV,TU_US_NONCREDIT_TRUAUDIENCE_DEV,2026-07-01,2026-08-01,Usage,2026-07-17,2026-07-18,0.010604,0.03,Snowflake,AWS_US_EAST_1,TU_US_NONCREDIT_TRUAUDIENCE_DEV,TELEMETRY_DATA_INGEST,TELEMETRY_DATA_INGEST,TU_US_NONCREDIT_TRUAUDIENCE_DEV,TU_US_NONCREDIT_TRUAUDIENCE_DEV,"{""environment"":""Development"",""team"":""TruAudience""}"
TU_US_NONCREDIT_TRUAUDIENCE_DEV,TU_US_NONCREDIT_TRUAUDIENCE_DEV,2026-07-01,2026-08-01,Usage,2026-07-17,2026-07-18,0.005861,0.01,Snowflake,AWS_US_EAST_1,TU_US_NONCREDIT_TRUAUDIENCE_DEV,AI_FUNCTIONS,AI_FUNCTIONS,TU_US_NONCREDIT_TRUAUDIENCE_DEV,TU_US_NONCREDIT_TRUAUDIENCE_DEV,"{""environment"":""Development"",""team"":""TruAudience""}"
TU_US_NONCREDIT_TRUAUDIENCE_DEV,TU_US_NONCREDIT_TRUAUDIENCE_DEV,2026-07-01,2026-08-01,Usage,2026-07-17,2026-07-18,0.001490,0.00,Snowflake,AWS_US_EAST_1,TU_US_NONCREDIT_TRUAUDIENCE_DEV,AUTO_CLUSTERING,AUTO_CLUSTERING,TU_US_NONCREDIT_TRUAUDIENCE_DEV,TU_US_NONCREDIT_TRUAUDIENCE_DEV,"{""environment"":""Development"",""team"":""TruAudience""}"
TU_US_NONCREDIT_TRUAUDIENCE_DEV,TU_US_NONCREDIT_TRUAUDIENCE_DEV,2026-07-01,2026-08-01,Usage,2026-07-17,2026-07-18,0.000055,0.00,Snowflake,AWS_US_EAST_1,TU_US_NONCREDIT_TRUAUDIENCE_DEV,AI_INFERENCE,AI_INFERENCE,TU_US_NONCREDIT_TRUAUDIENCE_DEV,TU_US_NONCREDIT_TRUAUDIENCE_DEV,"{""environment"":""Development"",""team"":""TruAudience""}"
TU_US_NONCREDIT_TRUAUDIENCE_DEV,TU_US_NONCREDIT_TRUAUDIENCE_DEV,2026-07-01,2026-08-01,Usage,2026-07-16,2026-07-17,39.278152,93.85,Snowflake,AWS_US_EAST_1,TU_US_NONCREDIT_TRUAUDIENCE_DEV,WAREHOUSE_METERING,WAREHOUSE_METERING,TU_US_NONCREDIT_TRUAUDIENCE_DEV,TU_US_NONCREDIT_TRUAUDIENCE_DEV,"{""environment"":""Development"",""team"":""TruAudience""}"
TU_US_NONCREDIT_TRUAUDIENCE_DEV,TU_US_NONCREDIT_TRUAUDIENCE_DEV,2026-07-01,2026-08-01,Usage,2026-07-16,2026-07-17,5.783688,13.82,Snowflake,AWS_US_EAST_1,TU_US_NONCREDIT_TRUAUDIENCE_DEV,SNOWPARK_CONTAINER_SERVICES,SNOWPARK_CONTAINER_SERVICES,TU_US_NONCREDIT_TRUAUDIENCE_DEV,TU_US_NONCREDIT_TRUAUDIENCE_DEV,"{""environment"":""Development"",""team"":""TruAudience""}"
TU_US_NONCREDIT_TRUAUDIENCE_DEV,TU_US_NONCREDIT_TRUAUDIENCE_DEV,2026-07-01,2026-08-01,Usage,2026-07-16,2026-07-17,0.858208,2.05,Snowflake,AWS_US_EAST_1,TU_US_NONCREDIT_TRUAUDIENCE_DEV,POSTGRES_COMPUTE,POSTGRES_COMPUTE,TU_US_NONCREDIT_TRUAUDIENCE_DEV,TU_US_NONCREDIT_TRUAUDIENCE_DEV,"{""environment"":""Development"",""team"":""TruAudience""}"
TU_US_NONCREDIT_TRUAUDIENCE_DEV,TU_US_NONCREDIT_TRUAUDIENCE_DEV,2026-07-01,2026-08-01,Usage,2026-07-16,2026-07-17,0.654673,1.56,Snowflake,AWS_US_EAST_1,TU_US_NONCREDIT_TRUAUDIENCE_DEV,SNOWFLAKE_INTELLIGENCE,SNOWFLAKE_INTELLIGENCE,TU_US_NONCREDIT_TRUAUDIENCE_DEV,TU_US_NONCREDIT_TRUAUDIENCE_DEV,"{""environment"":""Development"",""team"":""TruAudience""}"
TU_US_NONCREDIT_TRUAUDIENCE_DEV,TU_US_NONCREDIT_TRUAUDIENCE_DEV,2026-07-01,2026-08-01,Usage,2026-07-16,2026-07-17,0.087823,0.21,Snowflake,AWS_US_EAST_1,TU_US_NONCREDIT_TRUAUDIENCE_DEV,CORTEX_CODE_SNOWSIGHT,CORTEX_CODE_SNOWSIGHT,TU_US_NONCREDIT_TRUAUDIENCE_DEV,TU_US_NONCREDIT_TRUAUDIENCE_DEV,"{""environment"":""Development"",""team"":""TruAudience""}"
TU_US_NONCREDIT_TRUAUDIENCE_DEV,TU_US_NONCREDIT_TRUAUDIENCE_DEV,2026-07-01,2026-08-01,Usage,2026-07-16,2026-07-17,0.056676,0.14,Snowflake,AWS_US_EAST_1,TU_US_NONCREDIT_TRUAUDIENCE_DEV,CORTEX_SEARCH,CORTEX_SEARCH,TU_US_NONCREDIT_TRUAUDIENCE_DEV,TU_US_NONCREDIT_TRUAUDIENCE_DEV,"{""environment"":""Development"",""team"":""TruAudience""}"
TU_US_NONCREDIT_TRUAUDIENCE_DEV,TU_US_NONCREDIT_TRUAUDIENCE_DEV,2026-07-01,2026-08-01,Usage,2026-07-16,2026-07-17,0.010484,0.03,Snowflake,AWS_US_EAST_1,TU_US_NONCREDIT_TRUAUDIENCE_DEV,TELEMETRY_DATA_INGEST,TELEMETRY_DATA_INGEST,TU_US_NONCREDIT_TRUAUDIENCE_DEV,TU_US_NONCREDIT_TRUAUDIENCE_DEV,"{""environment"":""Development"",""team"":""TruAudience""}"
TU_US_NONCREDIT_TRUAUDIENCE_DEV,TU_US_NONCREDIT_TRUAUDIENCE_DEV,2026-07-01,2026-08-01,Usage,2026-07-16,2026-07-17,0.013022,0.03,Snowflake,AWS_US_EAST_1,TU_US_NONCREDIT_TRUAUDIENCE_DEV,AI_FUNCTIONS,AI_FUNCTIONS,TU_US_NONCREDIT_TRUAUDIENCE_DEV,TU_US_NONCREDIT_TRUAUDIENCE_DEV,"{""environment"":""Development"",""team"":""TruAudience""}"
TU_US_NONCREDIT_TRUAUDIENCE_DEV,TU_US_NONCREDIT_TRUAUDIENCE_DEV,2026-07-01,2026-08-01,Usage,2026-07-16,2026-07-17,0.005133,0.01,Snowflake,AWS_US_EAST_1,TU_US_NONCREDIT_TRUAUDIENCE_DEV,AUTO_CLUSTERING,AUTO_CLUSTERING,TU_US_NONCREDIT_TRUAUDIENCE_DEV,TU_US_NONCREDIT_TRUAUDIENCE_DEV,"{""environment"":""Development"",""team"":""TruAudience""}"
TU_US_NONCREDIT_TRUAUDIENCE_DEV,TU_US_NONCREDIT_TRUAUDIENCE_DEV,2026-07-01,2026-08-01,Usage,2026-07-16,2026-07-17,0.000061,0.00,Snowflake,AWS_US_EAST_1,TU_US_NONCREDIT_TRUAUDIENCE_DEV,AI_INFERENCE,AI_INFERENCE,TU_US_NONCREDIT_TRUAUDIENCE_DEV,TU_US_NONCREDIT_TRUAUDIENCE_DEV,"{""environment"":""Development"",""team"":""TruAudience""}"
TU_US_NONCREDIT_TRUAUDIENCE_DEV,TU_US_NONCREDIT_TRUAUDIENCE_DEV,2026-07-01,2026-08-01,Usage,2026-07-15,2026-07-16,78.736587,188.13,Snowflake,AWS_US_EAST_1,TU_US_NONCREDIT_TRUAUDIENCE_DEV,WAREHOUSE_METERING,WAREHOUSE_METERING,TU_US_NONCREDIT_TRUAUDIENCE_DEV,TU_US_NONCREDIT_TRUAUDIENCE_DEV,"{""environment"":""Development"",""team"":""TruAudience""}"
TU_US_NONCREDIT_TRUAUDIENCE_DEV,TU_US_NONCREDIT_TRUAUDIENCE_DEV,2026-07-01,2026-08-01,Usage,2026-07-15,2026-07-16,5.766921,13.78,Snowflake,AWS_US_EAST_1,TU_US_NONCREDIT_TRUAUDIENCE_DEV,SNOWPARK_CONTAINER_SERVICES,SNOWPARK_CONTAINER_SERVICES,TU_US_NONCREDIT_TRUAUDIENCE_DEV,TU_US_NONCREDIT_TRUAUDIENCE_DEV,"{""environment"":""Development"",""team"":""TruAudience""}"
TU_US_NONCREDIT_TRUAUDIENCE_DEV,TU_US_NONCREDIT_TRUAUDIENCE_DEV,2026-07-01,2026-08-01,Usage,2026-07-15,2026-07-16,4.763291,11.38,Snowflake,AWS_US_EAST_1,TU_US_NONCREDIT_TRUAUDIENCE_DEV,SNOWFLAKE_INTELLIGENCE,SNOWFLAKE_INTELLIGENCE,TU_US_NONCREDIT_TRUAUDIENCE_DEV,TU_US_NONCREDIT_TRUAUDIENCE_DEV,"{""environment"":""Development"",""team"":""TruAudience""}"
TU_US_NONCREDIT_TRUAUDIENCE_DEV,TU_US_NONCREDIT_TRUAUDIENCE_DEV,2026-07-01,2026-08-01,Usage,2026-07-15,2026-07-16,1.163783,2.78,Snowflake,AWS_US_EAST_1,TU_US_NONCREDIT_TRUAUDIENCE_DEV,CORTEX_CODE_CLI,CORTEX_CODE_CLI,TU_US_NONCREDIT_TRUAUDIENCE_DEV,TU_US_NONCREDIT_TRUAUDIENCE_DEV,"{""environment"":""Development"",""team"":""TruAudience""}"
TU_US_NONCREDIT_TRUAUDIENCE_DEV,TU_US_NONCREDIT_TRUAUDIENCE_DEV,2026-07-01,2026-08-01,Usage,2026-07-15,2026-07-16,0.846611,2.02,Snowflake,AWS_US_EAST_1,TU_US_NONCREDIT_TRUAUDIENCE_DEV,POSTGRES_COMPUTE,POSTGRES_COMPUTE,TU_US_NONCREDIT_TRUAUDIENCE_DEV,TU_US_NONCREDIT_TRUAUDIENCE_DEV,"{""environment"":""Development"",""team"":""TruAudience""}"
TU_US_NONCREDIT_TRUAUDIENCE_DEV,TU_US_NONCREDIT_TRUAUDIENCE_DEV,2026-07-01,2026-08-01,Usage,2026-07-15,2026-07-16,0.342492,0.82,Snowflake,AWS_US_EAST_1,TU_US_NONCREDIT_TRUAUDIENCE_DEV,CORTEX_CODE_SNOWSIGHT,CORTEX_CODE_SNOWSIGHT,TU_US_NONCREDIT_TRUAUDIENCE_DEV,TU_US_NONCREDIT_TRUAUDIENCE_DEV,"{""environment"":""Development"",""team"":""TruAudience""}"
TU_US_NONCREDIT_TRUAUDIENCE_DEV,TU_US_NONCREDIT_TRUAUDIENCE_DEV,2026-07-01,2026-08-01,Usage,2026-07-15,2026-07-16,0.057219,0.14,Snowflake,AWS_US_EAST_1,TU_US_NONCREDIT_TRUAUDIENCE_DEV,CORTEX_SEARCH,CORTEX_SEARCH,TU_US_NONCREDIT_TRUAUDIENCE_DEV,TU_US_NONCREDIT_TRUAUDIENCE_DEV,"{""environment"":""Development"",""team"":""TruAudience""}"
TU_US_NONCREDIT_TRUAUDIENCE_DEV,TU_US_NONCREDIT_TRUAUDIENCE_DEV,2026-07-01,2026-08-01,Usage,2026-07-15,2026-07-16,0.011024,0.03,Snowflake,AWS_US_EAST_1,TU_US_NONCREDIT_TRUAUDIENCE_DEV,TELEMETRY_DATA_INGEST,TELEMETRY_DATA_INGEST,TU_US_NONCREDIT_TRUAUDIENCE_DEV,TU_US_NONCREDIT_TRUAUDIENCE_DEV,"{""environment"":""Development"",""team"":""TruAudience""}"
TU_US_NONCREDIT_TRUAUDIENCE_DEV,TU_US_NONCREDIT_TRUAUDIENCE_DEV,2026-07-01,2026-08-01,Usage,2026-07-15,2026-07-16,0.004346,0.01,Snowflake,AWS_US_EAST_1,TU_US_NONCREDIT_TRUAUDIENCE_DEV,AUTO_CLUSTERING,AUTO_CLUSTERING,TU_US_NONCREDIT_TRUAUDIENCE_DEV,TU_US_NONCREDIT_TRUAUDIENCE_DEV,"{""environment"":""Development"",""team"":""TruAudience""}"
TU_US_NONCREDIT_TRUAUDIENCE_DEV,TU_US_NONCREDIT_TRUAUDIENCE_DEV,2026-07-01,2026-08-01,Usage,2026-07-15,2026-07-16,0.000053,0.00,Snowflake,AWS_US_EAST_1,TU_US_NONCREDIT_TRUAUDIENCE_DEV,AI_INFERENCE,AI_INFERENCE,TU_US_NONCREDIT_TRUAUDIENCE_DEV,TU_US_NONCREDIT_TRUAUDIENCE_DEV,"{""environment"":""Development"",""team"":""TruAudience""}"
TU_US_NONCREDIT_TRUAUDIENCE_DEV,TU_US_NONCREDIT_TRUAUDIENCE_DEV,2026-07-01,2026-08-01,Usage,2026-07-14,2026-07-15,32.835227,78.45,Snowflake,AWS_US_EAST_1,TU_US_NONCREDIT_TRUAUDIENCE_DEV,WAREHOUSE_METERING,WAREHOUSE_METERING,TU_US_NONCREDIT_TRUAUDIENCE_DEV,TU_US_NONCREDIT_TRUAUDIENCE_DEV,"{""environment"":""Development"",""team"":""TruAudience""}"
TU_US_NONCREDIT_TRUAUDIENCE_DEV,TU_US_NONCREDIT_TRUAUDIENCE_DEV,2026-07-01,2026-08-01,Usage,2026-07-14,2026-07-15,5.787905,13.83,Snowflake,AWS_US_EAST_1,TU_US_NONCREDIT_TRUAUDIENCE_DEV,SNOWPARK_CONTAINER_SERVICES,SNOWPARK_CONTAINER_SERVICES,TU_US_NONCREDIT_TRUAUDIENCE_DEV,TU_US_NONCREDIT_TRUAUDIENCE_DEV,"{""environment"":""Development"",""team"":""TruAudience""}"
TU_US_NONCREDIT_TRUAUDIENCE_DEV,TU_US_NONCREDIT_TRUAUDIENCE_DEV,2026-07-01,2026-08-01,Usage,2026-07-14,2026-07-15,0.856735,2.05,Snowflake,AWS_US_EAST_1,TU_US_NONCREDIT_TRUAUDIENCE_DEV,POSTGRES_COMPUTE,POSTGRES_COMPUTE,TU_US_NONCREDIT_TRUAUDIENCE_DEV,TU_US_NONCREDIT_TRUAUDIENCE_DEV,"{""environment"":""Development"",""team"":""TruAudience""}"
TU_US_NONCREDIT_TRUAUDIENCE_DEV,TU_US_NONCREDIT_TRUAUDIENCE_DEV,2026-07-01,2026-08-01,Usage,2026-07-14,2026-07-15,0.057564,0.14,Snowflake,AWS_US_EAST_1,TU_US_NONCREDIT_TRUAUDIENCE_DEV,CORTEX_SEARCH,CORTEX_SEARCH,TU_US_NONCREDIT_TRUAUDIENCE_DEV,TU_US_NONCREDIT_TRUAUDIENCE_DEV,"{""environment"":""Development"",""team"":""TruAudience""}"
TU_US_NONCREDIT_TRUAUDIENCE_DEV,TU_US_NONCREDIT_TRUAUDIENCE_DEV,2026-07-01,2026-08-01,Usage,2026-07-14,2026-07-15,0.010424,0.02,Snowflake,AWS_US_EAST_1,TU_US_NONCREDIT_TRUAUDIENCE_DEV,TELEMETRY_DATA_INGEST,TELEMETRY_DATA_INGEST,TU_US_NONCREDIT_TRUAUDIENCE_DEV,TU_US_NONCREDIT_TRUAUDIENCE_DEV,"{""environment"":""Development"",""team"":""TruAudience""}"
TU_US_NONCREDIT_TRUAUDIENCE_DEV,TU_US_NONCREDIT_TRUAUDIENCE_DEV,2026-07-01,2026-08-01,Usage,2026-07-13,2026-07-14,32.916227,78.64,Snowflake,AWS_US_EAST_1,TU_US_NONCREDIT_TRUAUDIENCE_DEV,WAREHOUSE_METERING,WAREHOUSE_METERING,TU_US_NONCREDIT_TRUAUDIENCE_DEV,TU_US_NONCREDIT_TRUAUDIENCE_DEV,"{""environment"":""Development"",""team"":""TruAudience""}"
TU_US_NONCREDIT_TRUAUDIENCE_DEV,TU_US_NONCREDIT_TRUAUDIENCE_DEV,2026-07-01,2026-08-01,Usage,2026-07-13,2026-07-14,5.776423,13.80,Snowflake,AWS_US_EAST_1,TU_US_NONCREDIT_TRUAUDIENCE_DEV,SNOWPARK_CONTAINER_SERVICES,SNOWPARK_CONTAINER_SERVICES,TU_US_NONCREDIT_TRUAUDIENCE_DEV,TU_US_NONCREDIT_TRUAUDIENCE_DEV,"{""environment"":""Development"",""team"":""TruAudience""}"
TU_US_NONCREDIT_TRUAUDIENCE_DEV,TU_US_NONCREDIT_TRUAUDIENCE_DEV,2026-07-01,2026-08-01,Usage,2026-07-13,2026-07-14,0.853373,2.04,Snowflake,AWS_US_EAST_1,TU_US_NONCREDIT_TRUAUDIENCE_DEV,POSTGRES_COMPUTE,POSTGRES_COMPUTE,TU_US_NONCREDIT_TRUAUDIENCE_DEV,TU_US_NONCREDIT_TRUAUDIENCE_DEV,"{""environment"":""Development"",""team"":""TruAudience""}"
TU_US_NONCREDIT_TRUAUDIENCE_DEV,TU_US_NONCREDIT_TRUAUDIENCE_DEV,2026-07-01,2026-08-01,Usage,2026-07-13,2026-07-14,0.057547,0.14,Snowflake,AWS_US_EAST_1,TU_US_NONCREDIT_TRUAUDIENCE_DEV,CORTEX_SEARCH,CORTEX_SEARCH,TU_US_NONCREDIT_TRUAUDIENCE_DEV,TU_US_NONCREDIT_TRUAUDIENCE_DEV,"{""environment"":""Development"",""team"":""TruAudience""}"
TU_US_NONCREDIT_TRUAUDIENCE_DEV,TU_US_NONCREDIT_TRUAUDIENCE_DEV,2026-07-01,2026-08-01,Usage,2026-07-13,2026-07-14,0.010424,0.02,Snowflake,AWS_US_EAST_1,TU_US_NONCREDIT_TRUAUDIENCE_DEV,TELEMETRY_DATA_INGEST,TELEMETRY_DATA_INGEST,TU_US_NONCREDIT_TRUAUDIENCE_DEV,TU_US_NONCREDIT_TRUAUDIENCE_DEV,"{""environment"":""Development"",""team"":""TruAudience""}"
TU_US_NONCREDIT_TRUAUDIENCE_DEV,TU_US_NONCREDIT_TRUAUDIENCE_DEV,2026-07-01,2026-08-01,Usage,2026-07-12,2026-07-13,38.702917,92.47,Snowflake,AWS_US_EAST_1,TU_US_NONCREDIT_TRUAUDIENCE_DEV,WAREHOUSE_METERING,WAREHOUSE_METERING,TU_US_NONCREDIT_TRUAUDIENCE_DEV,TU_US_NONCREDIT_TRUAUDIENCE_DEV,"{""environment"":""Development"",""team"":""TruAudience""}"
TU_US_NONCREDIT_TRUAUDIENCE_DEV,TU_US_NONCREDIT_TRUAUDIENCE_DEV,2026-07-01,2026-08-01,Usage,2026-07-12,2026-07-13,4.690529,11.21,Snowflake,AWS_US_EAST_1,TU_US_NONCREDIT_TRUAUDIENCE_DEV,SNOWPARK_CONTAINER_SERVICES,SNOWPARK_CONTAINER_SERVICES,TU_US_NONCREDIT_TRUAUDIENCE_DEV,TU_US_NONCREDIT_TRUAUDIENCE_DEV,"{""environment"":""Development"",""team"":""TruAudience""}"
TU_US_NONCREDIT_TRUAUDIENCE_DEV,TU_US_NONCREDIT_TRUAUDIENCE_DEV,2026-07-01,2026-08-01,Usage,2026-07-12,2026-07-13,1.030006,2.46,Snowflake,AWS_US_EAST_1,TU_US_NONCREDIT_TRUAUDIENCE_DEV,CORTEX_CODE_SNOWSIGHT,CORTEX_CODE_SNOWSIGHT,TU_US_NONCREDIT_TRUAUDIENCE_DEV,TU_US_NONCREDIT_TRUAUDIENCE_DEV,"{""environment"":""Development"",""team"":""TruAudience""}"
TU_US_NONCREDIT_TRUAUDIENCE_DEV,TU_US_NONCREDIT_TRUAUDIENCE_DEV,2026-07-01,2026-08-01,Usage,2026-07-12,2026-07-13,0.852044,2.04,Snowflake,AWS_US_EAST_1,TU_US_NONCREDIT_TRUAUDIENCE_DEV,POSTGRES_COMPUTE,POSTGRES_COMPUTE,TU_US_NONCREDIT_TRUAUDIENCE_DEV,TU_US_NONCREDIT_TRUAUDIENCE_DEV,"{""environment"":""Development"",""team"":""TruAudience""}"
TU_US_NONCREDIT_TRUAUDIENCE_DEV,TU_US_NONCREDIT_TRUAUDIENCE_DEV,2026-07-01,2026-08-01,Usage,2026-07-12,2026-07-13,0.057581,0.14,Snowflake,AWS_US_EAST_1,TU_US_NONCREDIT_TRUAUDIENCE_DEV,CORTEX_SEARCH,CORTEX_SEARCH,TU_US_NONCREDIT_TRUAUDIENCE_DEV,TU_US_NONCREDIT_TRUAUDIENCE_DEV,"{""environment"":""Development"",""team"":""TruAudience""}"
TU_US_NONCREDIT_TRUAUDIENCE_DEV,TU_US_NONCREDIT_TRUAUDIENCE_DEV,2026-07-01,2026-08-01,Usage,2026-07-12,2026-07-13,0.010163,0.02,Snowflake,AWS_US_EAST_1,TU_US_NONCREDIT_TRUAUDIENCE_DEV,TELEMETRY_DATA_INGEST,TELEMETRY_DATA_INGEST,TU_US_NONCREDIT_TRUAUDIENCE_DEV,TU_US_NONCREDIT_TRUAUDIENCE_DEV,"{""environment"":""Development"",""team"":""TruAudience""}"
TU_US_NONCREDIT_TRUAUDIENCE_DEV,TU_US_NONCREDIT_TRUAUDIENCE_DEV,2026-07-01,2026-08-01,Usage,2026-07-12,2026-07-13,0.004883,0.01,Snowflake,AWS_US_EAST_1,TU_US_NONCREDIT_TRUAUDIENCE_DEV,AI_FUNCTIONS,AI_FUNCTIONS,TU_US_NONCREDIT_TRUAUDIENCE_DEV,TU_US_NONCREDIT_TRUAUDIENCE_DEV,"{""environment"":""Development"",""team"":""TruAudience""}"
TU_US_NONCREDIT_TRUAUDIENCE_DEV,TU_US_NONCREDIT_TRUAUDIENCE_DEV,2026-07-01,2026-08-01,Usage,2026-07-12,2026-07-13,0.000533,0.00,Snowflake,AWS_US_EAST_1,TU_US_NONCREDIT_TRUAUDIENCE_DEV,COPY_FILES,COPY_FILES,TU_US_NONCREDIT_TRUAUDIENCE_DEV,TU_US_NONCREDIT_TRUAUDIENCE_DEV,"{""environment"":""Development"",""team"":""TruAudience""}"
TU_US_NONCREDIT_TRUAUDIENCE_DEV,TU_US_NONCREDIT_TRUAUDIENCE_DEV,2026-07-01,2026-08-01,Usage,2026-07-12,2026-07-13,0.000776,0.00,Snowflake,AWS_US_EAST_1,TU_US_NONCREDIT_TRUAUDIENCE_DEV,AUTO_CLUSTERING,AUTO_CLUSTERING,TU_US_NONCREDIT_TRUAUDIENCE_DEV,TU_US_NONCREDIT_TRUAUDIENCE_DEV,"{""environment"":""Development"",""team"":""TruAudience""}"
TU_US_NONCREDIT_TRUAUDIENCE_DEV,TU_US_NONCREDIT_TRUAUDIENCE_DEV,2026-07-01,2026-08-01,Usage,2026-07-11,2026-07-12,40.262118,96.20,Snowflake,AWS_US_EAST_1,TU_US_NONCREDIT_TRUAUDIENCE_DEV,WAREHOUSE_METERING,WAREHOUSE_METERING,TU_US_NONCREDIT_TRUAUDIENCE_DEV,TU_US_NONCREDIT_TRUAUDIENCE_DEV,"{""environment"":""Development"",""team"":""TruAudience""}"
TU_US_NONCREDIT_TRUAUDIENCE_DEV,TU_US_NONCREDIT_TRUAUDIENCE_DEV,2026-07-01,2026-08-01,Usage,2026-07-11,2026-07-12,4.340193,10.37,Snowflake,AWS_US_EAST_1,TU_US_NONCREDIT_TRUAUDIENCE_DEV,SNOWPARK_CONTAINER_SERVICES,SNOWPARK_CONTAINER_SERVICES,TU_US_NONCREDIT_TRUAUDIENCE_DEV,TU_US_NONCREDIT_TRUAUDIENCE_DEV,"{""environment"":""Development"",""team"":""TruAudience""}"
TU_US_NONCREDIT_TRUAUDIENCE_DEV,TU_US_NONCREDIT_TRUAUDIENCE_DEV,2026-07-01,2026-08-01,Usage,2026-07-11,2026-07-12,2.787080,6.66,Snowflake,AWS_US_EAST_1,TU_US_NONCREDIT_TRUAUDIENCE_DEV,SNOWFLAKE_INTELLIGENCE,SNOWFLAKE_INTELLIGENCE,TU_US_NONCREDIT_TRUAUDIENCE_DEV,TU_US_NONCREDIT_TRUAUDIENCE_DEV,"{""environment"":""Development"",""team"":""TruAudience""}"
TU_US_NONCREDIT_TRUAUDIENCE_DEV,TU_US_NONCREDIT_TRUAUDIENCE_DEV,2026-07-01,2026-08-01,Usage,2026-07-11,2026-07-12,0.965303,2.31,Snowflake,AWS_US_EAST_1,TU_US_NONCREDIT_TRUAUDIENCE_DEV,CORTEX_CODE_CLI,CORTEX_CODE_CLI,TU_US_NONCREDIT_TRUAUDIENCE_DEV,TU_US_NONCREDIT_TRUAUDIENCE_DEV,"{""environment"":""Development"",""team"":""TruAudience""}"
TU_US_NONCREDIT_TRUAUDIENCE_DEV,TU_US_NONCREDIT_TRUAUDIENCE_DEV,2026-07-01,2026-08-01,Usage,2026-07-11,2026-07-12,0.853433,2.04,Snowflake,AWS_US_EAST_1,TU_US_NONCREDIT_TRUAUDIENCE_DEV,POSTGRES_COMPUTE,POSTGRES_COMPUTE,TU_US_NONCREDIT_TRUAUDIENCE_DEV,TU_US_NONCREDIT_TRUAUDIENCE_DEV,"{""environment"":""Development"",""team"":""TruAudience""}"
TU_US_NONCREDIT_TRUAUDIENCE_DEV,TU_US_NONCREDIT_TRUAUDIENCE_DEV,2026-07-01,2026-08-01,Usage,2026-07-11,2026-07-12,0.057577,0.14,Snowflake,AWS_US_EAST_1,TU_US_NONCREDIT_TRUAUDIENCE_DEV,CORTEX_SEARCH,CORTEX_SEARCH,TU_US_NONCREDIT_TRUAUDIENCE_DEV,TU_US_NONCREDIT_TRUAUDIENCE_DEV,"{""environment"":""Development"",""team"":""TruAudience""}"
TU_US_NONCREDIT_TRUAUDIENCE_DEV,TU_US_NONCREDIT_TRUAUDIENCE_DEV,2026-07-01,2026-08-01,Usage,2026-07-11,2026-07-12,0.009989,0.02,Snowflake,AWS_US_EAST_1,TU_US_NONCREDIT_TRUAUDIENCE_DEV,TELEMETRY_DATA_INGEST,TELEMETRY_DATA_INGEST,TU_US_NONCREDIT_TRUAUDIENCE_DEV,TU_US_NONCREDIT_TRUAUDIENCE_DEV,"{""environment"":""Development"",""team"":""TruAudience""}"
TU_US_NONCREDIT_TRUAUDIENCE_DEV,TU_US_NONCREDIT_TRUAUDIENCE_DEV,2026-07-01,2026-08-01,Usage,2026-07-11,2026-07-12,0.000774,0.00,Snowflake,AWS_US_EAST_1,TU_US_NONCREDIT_TRUAUDIENCE_DEV,AUTO_CLUSTERING,AUTO_CLUSTERING,TU_US_NONCREDIT_TRUAUDIENCE_DEV,TU_US_NONCREDIT_TRUAUDIENCE_DEV,"{""environment"":""Development"",""team"":""TruAudience""}"
TU_US_NONCREDIT_TRUAUDIENCE_DEV,TU_US_NONCREDIT_TRUAUDIENCE_DEV,2026-07-01,2026-08-01,Usage,2026-07-10,2026-07-11,45.213914,108.03,Snowflake,AWS_US_EAST_1,TU_US_NONCREDIT_TRUAUDIENCE_DEV,WAREHOUSE_METERING,WAREHOUSE_METERING,TU_US_NONCREDIT_TRUAUDIENCE_DEV,TU_US_NONCREDIT_TRUAUDIENCE_DEV,"{""environment"":""Development"",""team"":""TruAudience""}"
TU_US_NONCREDIT_TRUAUDIENCE_DEV,TU_US_NONCREDIT_TRUAUDIENCE_DEV,2026-07-01,2026-08-01,Usage,2026-07-10,2026-07-11,4.503121,10.76,Snowflake,AWS_US_EAST_1,TU_US_NONCREDIT_TRUAUDIENCE_DEV,SNOWFLAKE_INTELLIGENCE,SNOWFLAKE_INTELLIGENCE,TU_US_NONCREDIT_TRUAUDIENCE_DEV,TU_US_NONCREDIT_TRUAUDIENCE_DEV,"{""environment"":""Development"",""team"":""TruAudience""}"
TU_US_NONCREDIT_TRUAUDIENCE_DEV,TU_US_NONCREDIT_TRUAUDIENCE_DEV,2026-07-01,2026-08-01,Usage,2026-07-10,2026-07-11,4.329814,10.34,Snowflake,AWS_US_EAST_1,TU_US_NONCREDIT_TRUAUDIENCE_DEV,SNOWPARK_CONTAINER_SERVICES,SNOWPARK_CONTAINER_SERVICES,TU_US_NONCREDIT_TRUAUDIENCE_DEV,TU_US_NONCREDIT_TRUAUDIENCE_DEV,"{""environment"":""Development"",""team"":""TruAudience""}"
TU_US_NONCREDIT_TRUAUDIENCE_DEV,TU_US_NONCREDIT_TRUAUDIENCE_DEV,2026-07-01,2026-08-01,Usage,2026-07-10,2026-07-11,1.097957,2.62,Snowflake,AWS_US_EAST_1,TU_US_NONCREDIT_TRUAUDIENCE_DEV,CORTEX_CODE_CLI,CORTEX_CODE_CLI,TU_US_NONCREDIT_TRUAUDIENCE_DEV,TU_US_NONCREDIT_TRUAUDIENCE_DEV,"{""environment"":""Development"",""team"":""TruAudience""}"
TU_US_NONCREDIT_TRUAUDIENCE_DEV,TU_US_NONCREDIT_TRUAUDIENCE_DEV,2026-07-01,2026-08-01,Usage,2026-07-10,2026-07-11,0.846193,2.02,Snowflake,AWS_US_EAST_1,TU_US_NONCREDIT_TRUAUDIENCE_DEV,POSTGRES_COMPUTE,POSTGRES_COMPUTE,TU_US_NONCREDIT_TRUAUDIENCE_DEV,TU_US_NONCREDIT_TRUAUDIENCE_DEV,"{""environment"":""Development"",""team"":""TruAudience""}"
TU_US_NONCREDIT_TRUAUDIENCE_DEV,TU_US_NONCREDIT_TRUAUDIENCE_DEV,2026-07-01,2026-08-01,Usage,2026-07-10,2026-07-11,0.057571,0.14,Snowflake,AWS_US_EAST_1,TU_US_NONCREDIT_TRUAUDIENCE_DEV,CORTEX_SEARCH,CORTEX_SEARCH,TU_US_NONCREDIT_TRUAUDIENCE_DEV,TU_US_NONCREDIT_TRUAUDIENCE_DEV,"{""environment"":""Development"",""team"":""TruAudience""}"
TU_US_NONCREDIT_TRUAUDIENCE_DEV,TU_US_NONCREDIT_TRUAUDIENCE_DEV,2026-07-01,2026-08-01,Usage,2026-07-10,2026-07-11,0.052072,0.12,Snowflake,AWS_US_EAST_1,TU_US_NONCREDIT_TRUAUDIENCE_DEV,CORTEX_CODE_SNOWSIGHT,CORTEX_CODE_SNOWSIGHT,TU_US_NONCREDIT_TRUAUDIENCE_DEV,TU_US_NONCREDIT_TRUAUDIENCE_DEV,"{""environment"":""Development"",""team"":""TruAudience""}"
TU_US_NONCREDIT_TRUAUDIENCE_DEV,TU_US_NONCREDIT_TRUAUDIENCE_DEV,2026-07-01,2026-08-01,Usage,2026-07-10,2026-07-11,0.010092,0.02,Snowflake,AWS_US_EAST_1,TU_US_NONCREDIT_TRUAUDIENCE_DEV,TELEMETRY_DATA_INGEST,TELEMETRY_DATA_INGEST,TU_US_NONCREDIT_TRUAUDIENCE_DEV,TU_US_NONCREDIT_TRUAUDIENCE_DEV,"{""environment"":""Development"",""team"":""TruAudience""}"
TU_US_NONCREDIT_TRUAUDIENCE_DEV,TU_US_NONCREDIT_TRUAUDIENCE_DEV,2026-07-01,2026-08-01,Usage,2026-07-10,2026-07-11,0.002098,0.01,Snowflake,AWS_US_EAST_1,TU_US_NONCREDIT_TRUAUDIENCE_DEV,AUTO_CLUSTERING,AUTO_CLUSTERING,TU_US_NONCREDIT_TRUAUDIENCE_DEV,TU_US_NONCREDIT_TRUAUDIENCE_DEV,"{""environment"":""Development"",""team"":""TruAudience""}"
TU_US_NONCREDIT_TRUAUDIENCE_DEV,TU_US_NONCREDIT_TRUAUDIENCE_DEV,2026-07-01,2026-08-01,Usage,2026-07-10,2026-07-11,0.000055,0.00,Snowflake,AWS_US_EAST_1,TU_US_NONCREDIT_TRUAUDIENCE_DEV,AI_INFERENCE,AI_INFERENCE,TU_US_NONCREDIT_TRUAUDIENCE_DEV,TU_US_NONCREDIT_TRUAUDIENCE_DEV,"{""environment"":""Development"",""team"":""TruAudience""}"
TU_US_NONCREDIT_TRUAUDIENCE_DEV,TU_US_NONCREDIT_TRUAUDIENCE_DEV,2026-07-01,2026-08-01,Usage,2026-07-10,2026-07-11,0.000054,0.00,Snowflake,AWS_US_EAST_1,TU_US_NONCREDIT_TRUAUDIENCE_DEV,AI_FUNCTIONS,AI_FUNCTIONS,TU_US_NONCREDIT_TRUAUDIENCE_DEV,TU_US_NONCREDIT_TRUAUDIENCE_DEV,"{""environment"":""Development"",""team"":""TruAudience""}"
TU_US_NONCREDIT_TRUAUDIENCE_DEV,TU_US_NONCREDIT_TRUAUDIENCE_DEV,2026-07-01,2026-08-01,Usage,2026-07-09,2026-07-10,38.357583,91.65,Snowflake,AWS_US_EAST_1,TU_US_NONCREDIT_TRUAUDIENCE_DEV,WAREHOUSE_METERING,WAREHOUSE_METERING,TU_US_NONCREDIT_TRUAUDIENCE_DEV,TU_US_NONCREDIT_TRUAUDIENCE_DEV,"{""environment"":""Development"",""team"":""TruAudience""}"
TU_US_NONCREDIT_TRUAUDIENCE_DEV,TU_US_NONCREDIT_TRUAUDIENCE_DEV,2026-07-01,2026-08-01,Usage,2026-07-09,2026-07-10,9.550416,22.82,Snowflake,AWS_US_EAST_1,TU_US_NONCREDIT_TRUAUDIENCE_DEV,CORTEX_CODE_CLI,CORTEX_CODE_CLI,TU_US_NONCREDIT_TRUAUDIENCE_DEV,TU_US_NONCREDIT_TRUAUDIENCE_DEV,"{""environment"":""Development"",""team"":""TruAudience""}"
TU_US_NONCREDIT_TRUAUDIENCE_DEV,TU_US_NONCREDIT_TRUAUDIENCE_DEV,2026-07-01,2026-08-01,Usage,2026-07-09,2026-07-10,4.331624,10.35,Snowflake,AWS_US_EAST_1,TU_US_NONCREDIT_TRUAUDIENCE_DEV,SNOWPARK_CONTAINER_SERVICES,SNOWPARK_CONTAINER_SERVICES,TU_US_NONCREDIT_TRUAUDIENCE_DEV,TU_US_NONCREDIT_TRUAUDIENCE_DEV,"{""environment"":""Development"",""team"":""TruAudience""}"
TU_US_NONCREDIT_TRUAUDIENCE_DEV,TU_US_NONCREDIT_TRUAUDIENCE_DEV,2026-07-01,2026-08-01,Usage,2026-07-09,2026-07-10,1.061503,2.54,Snowflake,AWS_US_EAST_1,TU_US_NONCREDIT_TRUAUDIENCE_DEV,SNOWFLAKE_INTELLIGENCE,SNOWFLAKE_INTELLIGENCE,TU_US_NONCREDIT_TRUAUDIENCE_DEV,TU_US_NONCREDIT_TRUAUDIENCE_DEV,"{""environment"":""Development"",""team"":""TruAudience""}"
TU_US_NONCREDIT_TRUAUDIENCE_DEV,TU_US_NONCREDIT_TRUAUDIENCE_DEV,2026-07-01,2026-08-01,Usage,2026-07-09,2026-07-10,0.859163,2.05,Snowflake,AWS_US_EAST_1,TU_US_NONCREDIT_TRUAUDIENCE_DEV,POSTGRES_COMPUTE,POSTGRES_COMPUTE,TU_US_NONCREDIT_TRUAUDIENCE_DEV,TU_US_NONCREDIT_TRUAUDIENCE_DEV,"{""environment"":""Development"",""team"":""TruAudience""}"
TU_US_NONCREDIT_TRUAUDIENCE_DEV,TU_US_NONCREDIT_TRUAUDIENCE_DEV,2026-07-01,2026-08-01,Usage,2026-07-09,2026-07-10,0.057514,0.14,Snowflake,AWS_US_EAST_1,TU_US_NONCREDIT_TRUAUDIENCE_DEV,CORTEX_SEARCH,CORTEX_SEARCH,TU_US_NONCREDIT_TRUAUDIENCE_DEV,TU_US_NONCREDIT_TRUAUDIENCE_DEV,"{""environment"":""Development"",""team"":""TruAudience""}"
TU_US_NONCREDIT_TRUAUDIENCE_DEV,TU_US_NONCREDIT_TRUAUDIENCE_DEV,2026-07-01,2026-08-01,Usage,2026-07-09,2026-07-10,0.010855,0.03,Snowflake,AWS_US_EAST_1,TU_US_NONCREDIT_TRUAUDIENCE_DEV,TELEMETRY_DATA_INGEST,TELEMETRY_DATA_INGEST,TU_US_NONCREDIT_TRUAUDIENCE_DEV,TU_US_NONCREDIT_TRUAUDIENCE_DEV,"{""environment"":""Development"",""team"":""TruAudience""}"
TU_US_NONCREDIT_TRUAUDIENCE_DEV,TU_US_NONCREDIT_TRUAUDIENCE_DEV,2026-07-01,2026-08-01,Usage,2026-07-09,2026-07-10,0.003398,0.01,Snowflake,AWS_US_EAST_1,TU_US_NONCREDIT_TRUAUDIENCE_DEV,AUTO_CLUSTERING,AUTO_CLUSTERING,TU_US_NONCREDIT_TRUAUDIENCE_DEV,TU_US_NONCREDIT_TRUAUDIENCE_DEV,"{""environment"":""Development"",""team"":""TruAudience""}"
TU_US_NONCREDIT_TRUAUDIENCE_DEV,TU_US_NONCREDIT_TRUAUDIENCE_DEV,2026-07-01,2026-08-01,Usage,2026-07-09,2026-07-10,0.000165,0.00,Snowflake,AWS_US_EAST_1,TU_US_NONCREDIT_TRUAUDIENCE_DEV,AI_INFERENCE,AI_INFERENCE,TU_US_NONCREDIT_TRUAUDIENCE_DEV,TU_US_NONCREDIT_TRUAUDIENCE_DEV,"{""environment"":""Development"",""team"":""TruAudience""}"
TU_US_NONCREDIT_TRUAUDIENCE_DEV,TU_US_NONCREDIT_TRUAUDIENCE_DEV,2026-07-01,2026-08-01,Usage,2026-07-08,2026-07-09,35.437222,84.67,Snowflake,AWS_US_EAST_1,TU_US_NONCREDIT_TRUAUDIENCE_DEV,WAREHOUSE_METERING,WAREHOUSE_METERING,TU_US_NONCREDIT_TRUAUDIENCE_DEV,TU_US_NONCREDIT_TRUAUDIENCE_DEV,"{""environment"":""Development"",""team"":""TruAudience""}"
TU_US_NONCREDIT_TRUAUDIENCE_DEV,TU_US_NONCREDIT_TRUAUDIENCE_DEV,2026-07-01,2026-08-01,Usage,2026-07-08,2026-07-09,4.346766,10.39,Snowflake,AWS_US_EAST_1,TU_US_NONCREDIT_TRUAUDIENCE_DEV,SNOWPARK_CONTAINER_SERVICES,SNOWPARK_CONTAINER_SERVICES,TU_US_NONCREDIT_TRUAUDIENCE_DEV,TU_US_NONCREDIT_TRUAUDIENCE_DEV,"{""environment"":""Development"",""team"":""TruAudience""}"
TU_US_NONCREDIT_TRUAUDIENCE_DEV,TU_US_NONCREDIT_TRUAUDIENCE_DEV,2026-07-01,2026-08-01,Usage,2026-07-08,2026-07-09,2.924156,6.99,Snowflake,AWS_US_EAST_1,TU_US_NONCREDIT_TRUAUDIENCE_DEV,SNOWFLAKE_INTELLIGENCE,SNOWFLAKE_INTELLIGENCE,TU_US_NONCREDIT_TRUAUDIENCE_DEV,TU_US_NONCREDIT_TRUAUDIENCE_DEV,"{""environment"":""Development"",""team"":""TruAudience""}"
TU_US_NONCREDIT_TRUAUDIENCE_DEV,TU_US_NONCREDIT_TRUAUDIENCE_DEV,2026-07-01,2026-08-01,Usage,2026-07-08,2026-07-09,0.855817,2.04,Snowflake,AWS_US_EAST_1,TU_US_NONCREDIT_TRUAUDIENCE_DEV,POSTGRES_COMPUTE,POSTGRES_COMPUTE,TU_US_NONCREDIT_TRUAUDIENCE_DEV,TU_US_NONCREDIT_TRUAUDIENCE_DEV,"{""environment"":""Development"",""team"":""TruAudience""}"
TU_US_NONCREDIT_TRUAUDIENCE_DEV,TU_US_NONCREDIT_TRUAUDIENCE_DEV,2026-07-01,2026-08-01,Usage,2026-07-08,2026-07-09,0.542764,1.30,Snowflake,AWS_US_EAST_1,TU_US_NONCREDIT_TRUAUDIENCE_DEV,CORTEX_AGENTS,CORTEX_AGENTS,TU_US_NONCREDIT_TRUAUDIENCE_DEV,TU_US_NONCREDIT_TRUAUDIENCE_DEV,"{""environment"":""Development"",""team"":""TruAudience""}"
TU_US_NONCREDIT_TRUAUDIENCE_DEV,TU_US_NONCREDIT_TRUAUDIENCE_DEV,2026-07-01,2026-08-01,Usage,2026-07-08,2026-07-09,0.057554,0.14,Snowflake,AWS_US_EAST_1,TU_US_NONCREDIT_TRUAUDIENCE_DEV,CORTEX_SEARCH,CORTEX_SEARCH,TU_US_NONCREDIT_TRUAUDIENCE_DEV,TU_US_NONCREDIT_TRUAUDIENCE_DEV,"{""environment"":""Development"",""team"":""TruAudience""}"
TU_US_NONCREDIT_TRUAUDIENCE_DEV,TU_US_NONCREDIT_TRUAUDIENCE_DEV,2026-07-01,2026-08-01,Usage,2026-07-08,2026-07-09,0.009945,0.02,Snowflake,AWS_US_EAST_1,TU_US_NONCREDIT_TRUAUDIENCE_DEV,TELEMETRY_DATA_INGEST,TELEMETRY_DATA_INGEST,TU_US_NONCREDIT_TRUAUDIENCE_DEV,TU_US_NONCREDIT_TRUAUDIENCE_DEV,"{""environment"":""Development"",""team"":""TruAudience""}"
TU_US_NONCREDIT_TRUAUDIENCE_DEV,TU_US_NONCREDIT_TRUAUDIENCE_DEV,2026-07-01,2026-08-01,Usage,2026-07-08,2026-07-09,0.000644,0.00,Snowflake,AWS_US_EAST_1,TU_US_NONCREDIT_TRUAUDIENCE_DEV,AUTO_CLUSTERING,AUTO_CLUSTERING,TU_US_NONCREDIT_TRUAUDIENCE_DEV,TU_US_NONCREDIT_TRUAUDIENCE_DEV,"{""environment"":""Development"",""team"":""TruAudience""}"
TU_US_NONCREDIT_TRUAUDIENCE_DEV,TU_US_NONCREDIT_TRUAUDIENCE_DEV,2026-07-01,2026-08-01,Usage,2026-07-08,2026-07-09,0.000243,0.00,Snowflake,AWS_US_EAST_1,TU_US_NONCREDIT_TRUAUDIENCE_DEV,AI_INFERENCE,AI_INFERENCE,TU_US_NONCREDIT_TRUAUDIENCE_DEV,TU_US_NONCREDIT_TRUAUDIENCE_DEV,"{""environment"":""Development"",""team"":""TruAudience""}"
TU_US_NONCREDIT_TRUAUDIENCE_DEV,TU_US_NONCREDIT_TRUAUDIENCE_DEV,2026-07-01,2026-08-01,Usage,2026-07-07,2026-07-08,47.177476,112.72,Snowflake,AWS_US_EAST_1,TU_US_NONCREDIT_TRUAUDIENCE_DEV,WAREHOUSE_METERING,WAREHOUSE_METERING,TU_US_NONCREDIT_TRUAUDIENCE_DEV,TU_US_NONCREDIT_TRUAUDIENCE_DEV,"{""environment"":""Development"",""team"":""TruAudience""}"
TU_US_NONCREDIT_TRUAUDIENCE_DEV,TU_US_NONCREDIT_TRUAUDIENCE_DEV,2026-07-01,2026-08-01,Usage,2026-07-07,2026-07-08,4.329957,10.35,Snowflake,AWS_US_EAST_1,TU_US_NONCREDIT_TRUAUDIENCE_DEV,SNOWPARK_CONTAINER_SERVICES,SNOWPARK_CONTAINER_SERVICES,TU_US_NONCREDIT_TRUAUDIENCE_DEV,TU_US_NONCREDIT_TRUAUDIENCE_DEV,"{""environment"":""Development"",""team"":""TruAudience""}"
TU_US_NONCREDIT_TRUAUDIENCE_DEV,TU_US_NONCREDIT_TRUAUDIENCE_DEV,2026-07-01,2026-08-01,Usage,2026-07-07,2026-07-08,1.366845,3.27,Snowflake,AWS_US_EAST_1,TU_US_NONCREDIT_TRUAUDIENCE_DEV,CORTEX_CODE_SNOWSIGHT,CORTEX_CODE_SNOWSIGHT,TU_US_NONCREDIT_TRUAUDIENCE_DEV,TU_US_NONCREDIT_TRUAUDIENCE_DEV,"{""environment"":""Development"",""team"":""TruAudience""}"
TU_US_NONCREDIT_TRUAUDIENCE_DEV,TU_US_NONCREDIT_TRUAUDIENCE_DEV,2026-07-01,2026-08-01,Usage,2026-07-07,2026-07-08,1.300470,3.11,Snowflake,AWS_US_EAST_1,TU_US_NONCREDIT_TRUAUDIENCE_DEV,SNOWFLAKE_INTELLIGENCE,SNOWFLAKE_INTELLIGENCE,TU_US_NONCREDIT_TRUAUDIENCE_DEV,TU_US_NONCREDIT_TRUAUDIENCE_DEV,"{""environment"":""Development"",""team"":""TruAudience""}"
TU_US_NONCREDIT_TRUAUDIENCE_DEV,TU_US_NONCREDIT_TRUAUDIENCE_DEV,2026-07-01,2026-08-01,Usage,2026-07-07,2026-07-08,0.852647,2.04,Snowflake,AWS_US_EAST_1,TU_US_NONCREDIT_TRUAUDIENCE_DEV,POSTGRES_COMPUTE,POSTGRES_COMPUTE,TU_US_NONCREDIT_TRUAUDIENCE_DEV,TU_US_NONCREDIT_TRUAUDIENCE_DEV,"{""environment"":""Development"",""team"":""TruAudience""}"
TU_US_NONCREDIT_TRUAUDIENCE_DEV,TU_US_NONCREDIT_TRUAUDIENCE_DEV,2026-07-01,2026-08-01,Usage,2026-07-07,2026-07-08,0.057492,0.14,Snowflake,AWS_US_EAST_1,TU_US_NONCREDIT_TRUAUDIENCE_DEV,CORTEX_SEARCH,CORTEX_SEARCH,TU_US_NONCREDIT_TRUAUDIENCE_DEV,TU_US_NONCREDIT_TRUAUDIENCE_DEV,"{""environment"":""Development"",""team"":""TruAudience""}"
TU_US_NONCREDIT_TRUAUDIENCE_DEV,TU_US_NONCREDIT_TRUAUDIENCE_DEV,2026-07-01,2026-08-01,Usage,2026-07-07,2026-07-08,0.010081,0.02,Snowflake,AWS_US_EAST_1,TU_US_NONCREDIT_TRUAUDIENCE_DEV,TELEMETRY_DATA_INGEST,TELEMETRY_DATA_INGEST,TU_US_NONCREDIT_TRUAUDIENCE_DEV,TU_US_NONCREDIT_TRUAUDIENCE_DEV,"{""environment"":""Development"",""team"":""TruAudience""}"
TU_US_NONCREDIT_TRUAUDIENCE_DEV,TU_US_NONCREDIT_TRUAUDIENCE_DEV,2026-07-01,2026-08-01,Usage,2026-07-07,2026-07-08,0.000871,0.00,Snowflake,AWS_US_EAST_1,TU_US_NONCREDIT_TRUAUDIENCE_DEV,AUTO_CLUSTERING,AUTO_CLUSTERING,TU_US_NONCREDIT_TRUAUDIENCE_DEV,TU_US_NONCREDIT_TRUAUDIENCE_DEV,"{""environment"":""Development"",""team"":""TruAudience""}"
TU_US_NONCREDIT_TRUAUDIENCE_DEV,TU_US_NONCREDIT_TRUAUDIENCE_DEV,2026-07-01,2026-08-01,Usage,2026-07-06,2026-07-07,33.233694,79.40,Snowflake,AWS_US_EAST_1,TU_US_NONCREDIT_TRUAUDIENCE_DEV,WAREHOUSE_METERING,WAREHOUSE_METERING,TU_US_NONCREDIT_TRUAUDIENCE_DEV,TU_US_NONCREDIT_TRUAUDIENCE_DEV,"{""environment"":""Development"",""team"":""TruAudience""}"
TU_US_NONCREDIT_TRUAUDIENCE_DEV,TU_US_NONCREDIT_TRUAUDIENCE_DEV,2026-07-01,2026-08-01,Usage,2026-07-06,2026-07-07,4.337297,10.36,Snowflake,AWS_US_EAST_1,TU_US_NONCREDIT_TRUAUDIENCE_DEV,SNOWPARK_CONTAINER_SERVICES,SNOWPARK_CONTAINER_SERVICES,TU_US_NONCREDIT_TRUAUDIENCE_DEV,TU_US_NONCREDIT_TRUAUDIENCE_DEV,"{""environment"":""Development"",""team"":""TruAudience""}"
TU_US_NONCREDIT_TRUAUDIENCE_DEV,TU_US_NONCREDIT_TRUAUDIENCE_DEV,2026-07-01,2026-08-01,Usage,2026-07-06,2026-07-07,1.697185,4.05,Snowflake,AWS_US_EAST_1,TU_US_NONCREDIT_TRUAUDIENCE_DEV,SNOWFLAKE_INTELLIGENCE,SNOWFLAKE_INTELLIGENCE,TU_US_NONCREDIT_TRUAUDIENCE_DEV,TU_US_NONCREDIT_TRUAUDIENCE_DEV,"{""environment"":""Development"",""team"":""TruAudience""}"
TU_US_NONCREDIT_TRUAUDIENCE_DEV,TU_US_NONCREDIT_TRUAUDIENCE_DEV,2026-07-01,2026-08-01,Usage,2026-07-06,2026-07-07,0.846093,2.02,Snowflake,AWS_US_EAST_1,TU_US_NONCREDIT_TRUAUDIENCE_DEV,POSTGRES_COMPUTE,POSTGRES_COMPUTE,TU_US_NONCREDIT_TRUAUDIENCE_DEV,TU_US_NONCREDIT_TRUAUDIENCE_DEV,"{""environment"":""Development"",""team"":""TruAudience""}"
TU_US_NONCREDIT_TRUAUDIENCE_DEV,TU_US_NONCREDIT_TRUAUDIENCE_DEV,2026-07-01,2026-08-01,Usage,2026-07-06,2026-07-07,0.057597,0.14,Snowflake,AWS_US_EAST_1,TU_US_NONCREDIT_TRUAUDIENCE_DEV,CORTEX_SEARCH,CORTEX_SEARCH,TU_US_NONCREDIT_TRUAUDIENCE_DEV,TU_US_NONCREDIT_TRUAUDIENCE_DEV,"{""environment"":""Development"",""team"":""TruAudience""}"
TU_US_NONCREDIT_TRUAUDIENCE_DEV,TU_US_NONCREDIT_TRUAUDIENCE_DEV,2026-07-01,2026-08-01,Usage,2026-07-06,2026-07-07,0.010106,0.02,Snowflake,AWS_US_EAST_1,TU_US_NONCREDIT_TRUAUDIENCE_DEV,TELEMETRY_DATA_INGEST,TELEMETRY_DATA_INGEST,TU_US_NONCREDIT_TRUAUDIENCE_DEV,TU_US_NONCREDIT_TRUAUDIENCE_DEV,"{""environment"":""Development"",""team"":""TruAudience""}"
TU_US_NONCREDIT_TRUAUDIENCE_DEV,TU_US_NONCREDIT_TRUAUDIENCE_DEV,2026-07-01,2026-08-01,Usage,2026-07-06,2026-07-07,0.000749,0.00,Snowflake,AWS_US_EAST_1,TU_US_NONCREDIT_TRUAUDIENCE_DEV,AUTO_CLUSTERING,AUTO_CLUSTERING,TU_US_NONCREDIT_TRUAUDIENCE_DEV,TU_US_NONCREDIT_TRUAUDIENCE_DEV,"{""environment"":""Development"",""team"":""TruAudience""}"
TU_US_NONCREDIT_TRUAUDIENCE_DEV,TU_US_NONCREDIT_TRUAUDIENCE_DEV,2026-07-01,2026-08-01,Usage,2026-07-05,2026-07-06,37.164555,88.80,Snowflake,AWS_US_EAST_1,TU_US_NONCREDIT_TRUAUDIENCE_DEV,WAREHOUSE_METERING,WAREHOUSE_METERING,TU_US_NONCREDIT_TRUAUDIENCE_DEV,TU_US_NONCREDIT_TRUAUDIENCE_DEV,"{""environment"":""Development"",""team"":""TruAudience""}"
TU_US_NONCREDIT_TRUAUDIENCE_DEV,TU_US_NONCREDIT_TRUAUDIENCE_DEV,2026-07-01,2026-08-01,Usage,2026-07-05,2026-07-06,4.326697,10.34,Snowflake,AWS_US_EAST_1,TU_US_NONCREDIT_TRUAUDIENCE_DEV,SNOWPARK_CONTAINER_SERVICES,SNOWPARK_CONTAINER_SERVICES,TU_US_NONCREDIT_TRUAUDIENCE_DEV,TU_US_NONCREDIT_TRUAUDIENCE_DEV,"{""environment"":""Development"",""team"":""TruAudience""}"
TU_US_NONCREDIT_TRUAUDIENCE_DEV,TU_US_NONCREDIT_TRUAUDIENCE_DEV,2026-07-01,2026-08-01,Usage,2026-07-05,2026-07-06,1.704887,4.07,Snowflake,AWS_US_EAST_1,TU_US_NONCREDIT_TRUAUDIENCE_DEV,SNOWFLAKE_INTELLIGENCE,SNOWFLAKE_INTELLIGENCE,TU_US_NONCREDIT_TRUAUDIENCE_DEV,TU_US_NONCREDIT_TRUAUDIENCE_DEV,"{""environment"":""Development"",""team"":""TruAudience""}"
TU_US_NONCREDIT_TRUAUDIENCE_DEV,TU_US_NONCREDIT_TRUAUDIENCE_DEV,2026-07-01,2026-08-01,Usage,2026-07-05,2026-07-06,1.515547,3.62,Snowflake,AWS_US_EAST_1,TU_US_NONCREDIT_TRUAUDIENCE_DEV,CORTEX_AGENTS,CORTEX_AGENTS,TU_US_NONCREDIT_TRUAUDIENCE_DEV,TU_US_NONCREDIT_TRUAUDIENCE_DEV,"{""environment"":""Development"",""team"":""TruAudience""}"
TU_US_NONCREDIT_TRUAUDIENCE_DEV,TU_US_NONCREDIT_TRUAUDIENCE_DEV,2026-07-01,2026-08-01,Usage,2026-07-05,2026-07-06,0.851717,2.03,Snowflake,AWS_US_EAST_1,TU_US_NONCREDIT_TRUAUDIENCE_DEV,POSTGRES_COMPUTE,POSTGRES_COMPUTE,TU_US_NONCREDIT_TRUAUDIENCE_DEV,TU_US_NONCREDIT_TRUAUDIENCE_DEV,"{""environment"":""Development"",""team"":""TruAudience""}"
TU_US_NONCREDIT_TRUAUDIENCE_DEV,TU_US_NONCREDIT_TRUAUDIENCE_DEV,2026-07-01,2026-08-01,Usage,2026-07-05,2026-07-06,0.071425,0.17,Snowflake,AWS_US_EAST_1,TU_US_NONCREDIT_TRUAUDIENCE_DEV,CORTEX_CODE_SNOWSIGHT,CORTEX_CODE_SNOWSIGHT,TU_US_NONCREDIT_TRUAUDIENCE_DEV,TU_US_NONCREDIT_TRUAUDIENCE_DEV,"{""environment"":""Development"",""team"":""TruAudience""}"
TU_US_NONCREDIT_TRUAUDIENCE_DEV,TU_US_NONCREDIT_TRUAUDIENCE_DEV,2026-07-01,2026-08-01,Usage,2026-07-05,2026-07-06,0.057557,0.14,Snowflake,AWS_US_EAST_1,TU_US_NONCREDIT_TRUAUDIENCE_DEV,CORTEX_SEARCH,CORTEX_SEARCH,TU_US_NONCREDIT_TRUAUDIENCE_DEV,TU_US_NONCREDIT_TRUAUDIENCE_DEV,"{""environment"":""Development"",""team"":""TruAudience""}"
TU_US_NONCREDIT_TRUAUDIENCE_DEV,TU_US_NONCREDIT_TRUAUDIENCE_DEV,2026-07-01,2026-08-01,Usage,2026-07-05,2026-07-06,0.010058,0.02,Snowflake,AWS_US_EAST_1,TU_US_NONCREDIT_TRUAUDIENCE_DEV,TELEMETRY_DATA_INGEST,TELEMETRY_DATA_INGEST,TU_US_NONCREDIT_TRUAUDIENCE_DEV,TU_US_NONCREDIT_TRUAUDIENCE_DEV,"{""environment"":""Development"",""team"":""TruAudience""}"
TU_US_NONCREDIT_TRUAUDIENCE_DEV,TU_US_NONCREDIT_TRUAUDIENCE_DEV,2026-07-01,2026-08-01,Usage,2026-07-05,2026-07-06,0.000055,0.00,Snowflake,AWS_US_EAST_1,TU_US_NONCREDIT_TRUAUDIENCE_DEV,AI_INFERENCE,AI_INFERENCE,TU_US_NONCREDIT_TRUAUDIENCE_DEV,TU_US_NONCREDIT_TRUAUDIENCE_DEV,"{""environment"":""Development"",""team"":""TruAudience""}"
TU_US_NONCREDIT_TRUAUDIENCE_DEV,TU_US_NONCREDIT_TRUAUDIENCE_DEV,2026-07-01,2026-08-01,Usage,2026-07-05,2026-07-06,0.000956,0.00,Snowflake,AWS_US_EAST_1,TU_US_NONCREDIT_TRUAUDIENCE_DEV,AUTO_CLUSTERING,AUTO_CLUSTERING,TU_US_NONCREDIT_TRUAUDIENCE_DEV,TU_US_NONCREDIT_TRUAUDIENCE_DEV,"{""environment"":""Development"",""team"":""TruAudience""}"
TU_US_NONCREDIT_TRUAUDIENCE_DEV,TU_US_NONCREDIT_TRUAUDIENCE_DEV,2026-07-01,2026-08-01,Usage,2026-07-04,2026-07-05,33.155942,79.22,Snowflake,AWS_US_EAST_1,TU_US_NONCREDIT_TRUAUDIENCE_DEV,WAREHOUSE_METERING,WAREHOUSE_METERING,TU_US_NONCREDIT_TRUAUDIENCE_DEV,TU_US_NONCREDIT_TRUAUDIENCE_DEV,"{""environment"":""Development"",""team"":""TruAudience""}"
TU_US_NONCREDIT_TRUAUDIENCE_DEV,TU_US_NONCREDIT_TRUAUDIENCE_DEV,2026-07-01,2026-08-01,Usage,2026-07-04,2026-07-05,16.618795,39.71,Snowflake,AWS_US_EAST_1,TU_US_NONCREDIT_TRUAUDIENCE_DEV,SNOWFLAKE_INTELLIGENCE,SNOWFLAKE_INTELLIGENCE,TU_US_NONCREDIT_TRUAUDIENCE_DEV,TU_US_NONCREDIT_TRUAUDIENCE_DEV,"{""environment"":""Development"",""team"":""TruAudience""}"
TU_US_NONCREDIT_TRUAUDIENCE_DEV,TU_US_NONCREDIT_TRUAUDIENCE_DEV,2026-07-01,2026-08-01,Usage,2026-07-04,2026-07-05,4.342537,10.38,Snowflake,AWS_US_EAST_1,TU_US_NONCREDIT_TRUAUDIENCE_DEV,SNOWPARK_CONTAINER_SERVICES,SNOWPARK_CONTAINER_SERVICES,TU_US_NONCREDIT_TRUAUDIENCE_DEV,TU_US_NONCREDIT_TRUAUDIENCE_DEV,"{""environment"":""Development"",""team"":""TruAudience""}"
TU_US_NONCREDIT_TRUAUDIENCE_DEV,TU_US_NONCREDIT_TRUAUDIENCE_DEV,2026-07-01,2026-08-01,Usage,2026-07-04,2026-07-05,0.852522,2.04,Snowflake,AWS_US_EAST_1,TU_US_NONCREDIT_TRUAUDIENCE_DEV,POSTGRES_COMPUTE,POSTGRES_COMPUTE,TU_US_NONCREDIT_TRUAUDIENCE_DEV,TU_US_NONCREDIT_TRUAUDIENCE_DEV,"{""environment"":""Development"",""team"":""TruAudience""}"
TU_US_NONCREDIT_TRUAUDIENCE_DEV,TU_US_NONCREDIT_TRUAUDIENCE_DEV,2026-07-01,2026-08-01,Usage,2026-07-04,2026-07-05,0.758900,1.81,Snowflake,AWS_US_EAST_1,TU_US_NONCREDIT_TRUAUDIENCE_DEV,CORTEX_AGENTS,CORTEX_AGENTS,TU_US_NONCREDIT_TRUAUDIENCE_DEV,TU_US_NONCREDIT_TRUAUDIENCE_DEV,"{""environment"":""Development"",""team"":""TruAudience""}"
TU_US_NONCREDIT_TRUAUDIENCE_DEV,TU_US_NONCREDIT_TRUAUDIENCE_DEV,2026-07-01,2026-08-01,Usage,2026-07-04,2026-07-05,0.699043,1.67,Snowflake,AWS_US_EAST_1,TU_US_NONCREDIT_TRUAUDIENCE_DEV,QUERY_ACCELERATION,QUERY_ACCELERATION,TU_US_NONCREDIT_TRUAUDIENCE_DEV,TU_US_NONCREDIT_TRUAUDIENCE_DEV,"{""environment"":""Development"",""team"":""TruAudience""}"
TU_US_NONCREDIT_TRUAUDIENCE_DEV,TU_US_NONCREDIT_TRUAUDIENCE_DEV,2026-07-01,2026-08-01,Usage,2026-07-04,2026-07-05,0.603298,1.44,Snowflake,AWS_US_EAST_1,TU_US_NONCREDIT_TRUAUDIENCE_DEV,CORTEX_CODE_SNOWSIGHT,CORTEX_CODE_SNOWSIGHT,TU_US_NONCREDIT_TRUAUDIENCE_DEV,TU_US_NONCREDIT_TRUAUDIENCE_DEV,"{""environment"":""Development"",""team"":""TruAudience""}"
TU_US_NONCREDIT_TRUAUDIENCE_DEV,TU_US_NONCREDIT_TRUAUDIENCE_DEV,2026-07-01,2026-08-01,Usage,2026-07-04,2026-07-05,0.057450,0.14,Snowflake,AWS_US_EAST_1,TU_US_NONCREDIT_TRUAUDIENCE_DEV,CORTEX_SEARCH,CORTEX_SEARCH,TU_US_NONCREDIT_TRUAUDIENCE_DEV,TU_US_NONCREDIT_TRUAUDIENCE_DEV,"{""environment"":""Development"",""team"":""TruAudience""}"
TU_US_NONCREDIT_TRUAUDIENCE_DEV,TU_US_NONCREDIT_TRUAUDIENCE_DEV,2026-07-01,2026-08-01,Usage,2026-07-04,2026-07-05,0.010189,0.02,Snowflake,AWS_US_EAST_1,TU_US_NONCREDIT_TRUAUDIENCE_DEV,TELEMETRY_DATA_INGEST,TELEMETRY_DATA_INGEST,TU_US_NONCREDIT_TRUAUDIENCE_DEV,TU_US_NONCREDIT_TRUAUDIENCE_DEV,"{""environment"":""Development"",""team"":""TruAudience""}"
TU_US_NONCREDIT_TRUAUDIENCE_DEV,TU_US_NONCREDIT_TRUAUDIENCE_DEV,2026-07-01,2026-08-01,Usage,2026-07-04,2026-07-05,0.003168,0.01,Snowflake,AWS_US_EAST_1,TU_US_NONCREDIT_TRUAUDIENCE_DEV,AI_FUNCTIONS,AI_FUNCTIONS,TU_US_NONCREDIT_TRUAUDIENCE_DEV,TU_US_NONCREDIT_TRUAUDIENCE_DEV,"{""environment"":""Development"",""team"":""TruAudience""}"
TU_US_NONCREDIT_TRUAUDIENCE_DEV,TU_US_NONCREDIT_TRUAUDIENCE_DEV,2026-07-01,2026-08-01,Usage,2026-07-04,2026-07-05,0.000165,0.00,Snowflake,AWS_US_EAST_1,TU_US_NONCREDIT_TRUAUDIENCE_DEV,AI_INFERENCE,AI_INFERENCE,TU_US_NONCREDIT_TRUAUDIENCE_DEV,TU_US_NONCREDIT_TRUAUDIENCE_DEV,"{""environment"":""Development"",""team"":""TruAudience""}"
TU_US_NONCREDIT_TRUAUDIENCE_DEV,TU_US_NONCREDIT_TRUAUDIENCE_DEV,2026-07-01,2026-08-01,Usage,2026-07-04,2026-07-05,0.001182,0.00,Snowflake,AWS_US_EAST_1,TU_US_NONCREDIT_TRUAUDIENCE_DEV,AUTO_CLUSTERING,AUTO_CLUSTERING,TU_US_NONCREDIT_TRUAUDIENCE_DEV,TU_US_NONCREDIT_TRUAUDIENCE_DEV,"{""environment"":""Development"",""team"":""TruAudience""}"
TU_US_NONCREDIT_TRUAUDIENCE_DEV,TU_US_NONCREDIT_TRUAUDIENCE_DEV,2026-07-01,2026-08-01,Usage,2026-07-03,2026-07-04,33.582118,80.24,Snowflake,AWS_US_EAST_1,TU_US_NONCREDIT_TRUAUDIENCE_DEV,WAREHOUSE_METERING,WAREHOUSE_METERING,TU_US_NONCREDIT_TRUAUDIENCE_DEV,TU_US_NONCREDIT_TRUAUDIENCE_DEV,"{""environment"":""Development"",""team"":""TruAudience""}"
TU_US_NONCREDIT_TRUAUDIENCE_DEV,TU_US_NONCREDIT_TRUAUDIENCE_DEV,2026-07-01,2026-08-01,Usage,2026-07-03,2026-07-04,12.069623,28.84,Snowflake,AWS_US_EAST_1,TU_US_NONCREDIT_TRUAUDIENCE_DEV,SNOWFLAKE_INTELLIGENCE,SNOWFLAKE_INTELLIGENCE,TU_US_NONCREDIT_TRUAUDIENCE_DEV,TU_US_NONCREDIT_TRUAUDIENCE_DEV,"{""environment"":""Development"",""team"":""TruAudience""}"
TU_US_NONCREDIT_TRUAUDIENCE_DEV,TU_US_NONCREDIT_TRUAUDIENCE_DEV,2026-07-01,2026-08-01,Usage,2026-07-03,2026-07-04,4.329390,10.34,Snowflake,AWS_US_EAST_1,TU_US_NONCREDIT_TRUAUDIENCE_DEV,SNOWPARK_CONTAINER_SERVICES,SNOWPARK_CONTAINER_SERVICES,TU_US_NONCREDIT_TRUAUDIENCE_DEV,TU_US_NONCREDIT_TRUAUDIENCE_DEV,"{""environment"":""Development"",""team"":""TruAudience""}"
TU_US_NONCREDIT_TRUAUDIENCE_DEV,TU_US_NONCREDIT_TRUAUDIENCE_DEV,2026-07-01,2026-08-01,Usage,2026-07-03,2026-07-04,1.243890,2.97,Snowflake,AWS_US_EAST_1,TU_US_NONCREDIT_TRUAUDIENCE_DEV,CORTEX_CODE_SNOWSIGHT,CORTEX_CODE_SNOWSIGHT,TU_US_NONCREDIT_TRUAUDIENCE_DEV,TU_US_NONCREDIT_TRUAUDIENCE_DEV,"{""environment"":""Development"",""team"":""TruAudience""}"
TU_US_NONCREDIT_TRUAUDIENCE_DEV,TU_US_NONCREDIT_TRUAUDIENCE_DEV,2026-07-01,2026-08-01,Usage,2026-07-03,2026-07-04,0.856671,2.05,Snowflake,AWS_US_EAST_1,TU_US_NONCREDIT_TRUAUDIENCE_DEV,POSTGRES_COMPUTE,POSTGRES_COMPUTE,TU_US_NONCREDIT_TRUAUDIENCE_DEV,TU_US_NONCREDIT_TRUAUDIENCE_DEV,"{""environment"":""Development"",""team"":""TruAudience""}"
TU_US_NONCREDIT_TRUAUDIENCE_DEV,TU_US_NONCREDIT_TRUAUDIENCE_DEV,2026-07-01,2026-08-01,Usage,2026-07-03,2026-07-04,0.057470,0.14,Snowflake,AWS_US_EAST_1,TU_US_NONCREDIT_TRUAUDIENCE_DEV,CORTEX_SEARCH,CORTEX_SEARCH,TU_US_NONCREDIT_TRUAUDIENCE_DEV,TU_US_NONCREDIT_TRUAUDIENCE_DEV,"{""environment"":""Development"",""team"":""TruAudience""}"
TU_US_NONCREDIT_TRUAUDIENCE_DEV,TU_US_NONCREDIT_TRUAUDIENCE_DEV,2026-07-01,2026-08-01,Usage,2026-07-03,2026-07-04,0.010144,0.02,Snowflake,AWS_US_EAST_1,TU_US_NONCREDIT_TRUAUDIENCE_DEV,TELEMETRY_DATA_INGEST,TELEMETRY_DATA_INGEST,TU_US_NONCREDIT_TRUAUDIENCE_DEV,TU_US_NONCREDIT_TRUAUDIENCE_DEV,"{""environment"":""Development"",""team"":""TruAudience""}"
TU_US_NONCREDIT_TRUAUDIENCE_DEV,TU_US_NONCREDIT_TRUAUDIENCE_DEV,2026-07-01,2026-08-01,Usage,2026-07-03,2026-07-04,0.001147,0.00,Snowflake,AWS_US_EAST_1,TU_US_NONCREDIT_TRUAUDIENCE_DEV,AUTO_CLUSTERING,AUTO_CLUSTERING,TU_US_NONCREDIT_TRUAUDIENCE_DEV,TU_US_NONCREDIT_TRUAUDIENCE_DEV,"{""environment"":""Development"",""team"":""TruAudience""}"
TU_US_NONCREDIT_TRUAUDIENCE_DEV,TU_US_NONCREDIT_TRUAUDIENCE_DEV,2026-07-01,2026-08-01,Usage,2026-07-03,2026-07-04,0.000058,0.00,Snowflake,AWS_US_EAST_1,TU_US_NONCREDIT_TRUAUDIENCE_DEV,AI_INFERENCE,AI_INFERENCE,TU_US_NONCREDIT_TRUAUDIENCE_DEV,TU_US_NONCREDIT_TRUAUDIENCE_DEV,"{""environment"":""Development"",""team"":""TruAudience""}"
TU_US_NONCREDIT_TRUAUDIENCE_DEV,TU_US_NONCREDIT_TRUAUDIENCE_DEV,2026-07-01,2026-08-01,Usage,2026-07-02,2026-07-03,40.521167,96.81,Snowflake,AWS_US_EAST_1,TU_US_NONCREDIT_TRUAUDIENCE_DEV,WAREHOUSE_METERING,WAREHOUSE_METERING,TU_US_NONCREDIT_TRUAUDIENCE_DEV,TU_US_NONCREDIT_TRUAUDIENCE_DEV,"{""environment"":""Development"",""team"":""TruAudience""}"
TU_US_NONCREDIT_TRUAUDIENCE_DEV,TU_US_NONCREDIT_TRUAUDIENCE_DEV,2026-07-01,2026-08-01,Usage,2026-07-02,2026-07-03,15.532963,37.11,Snowflake,AWS_US_EAST_1,TU_US_NONCREDIT_TRUAUDIENCE_DEV,SNOWFLAKE_INTELLIGENCE,SNOWFLAKE_INTELLIGENCE,TU_US_NONCREDIT_TRUAUDIENCE_DEV,TU_US_NONCREDIT_TRUAUDIENCE_DEV,"{""environment"":""Development"",""team"":""TruAudience""}"
TU_US_NONCREDIT_TRUAUDIENCE_DEV,TU_US_NONCREDIT_TRUAUDIENCE_DEV,2026-07-01,2026-08-01,Usage,2026-07-02,2026-07-03,4.343219,10.38,Snowflake,AWS_US_EAST_1,TU_US_NONCREDIT_TRUAUDIENCE_DEV,SNOWPARK_CONTAINER_SERVICES,SNOWPARK_CONTAINER_SERVICES,TU_US_NONCREDIT_TRUAUDIENCE_DEV,TU_US_NONCREDIT_TRUAUDIENCE_DEV,"{""environment"":""Development"",""team"":""TruAudience""}"
TU_US_NONCREDIT_TRUAUDIENCE_DEV,TU_US_NONCREDIT_TRUAUDIENCE_DEV,2026-07-01,2026-08-01,Usage,2026-07-02,2026-07-03,0.844024,2.02,Snowflake,AWS_US_EAST_1,TU_US_NONCREDIT_TRUAUDIENCE_DEV,POSTGRES_COMPUTE,POSTGRES_COMPUTE,TU_US_NONCREDIT_TRUAUDIENCE_DEV,TU_US_NONCREDIT_TRUAUDIENCE_DEV,"{""environment"":""Development"",""team"":""TruAudience""}"
TU_US_NONCREDIT_TRUAUDIENCE_DEV,TU_US_NONCREDIT_TRUAUDIENCE_DEV,2026-07-01,2026-08-01,Usage,2026-07-02,2026-07-03,0.057446,0.14,Snowflake,AWS_US_EAST_1,TU_US_NONCREDIT_TRUAUDIENCE_DEV,CORTEX_SEARCH,CORTEX_SEARCH,TU_US_NONCREDIT_TRUAUDIENCE_DEV,TU_US_NONCREDIT_TRUAUDIENCE_DEV,"{""environment"":""Development"",""team"":""TruAudience""}"
TU_US_NONCREDIT_TRUAUDIENCE_DEV,TU_US_NONCREDIT_TRUAUDIENCE_DEV,2026-07-01,2026-08-01,Usage,2026-07-02,2026-07-03,0.031957,0.08,Snowflake,AWS_US_EAST_1,TU_US_NONCREDIT_TRUAUDIENCE_DEV,CORTEX_CODE_SNOWSIGHT,CORTEX_CODE_SNOWSIGHT,TU_US_NONCREDIT_TRUAUDIENCE_DEV,TU_US_NONCREDIT_TRUAUDIENCE_DEV,"{""environment"":""Development"",""team"":""TruAudience""}"
TU_US_NONCREDIT_TRUAUDIENCE_DEV,TU_US_NONCREDIT_TRUAUDIENCE_DEV,2026-07-01,2026-08-01,Usage,2026-07-02,2026-07-03,0.010051,0.02,Snowflake,AWS_US_EAST_1,TU_US_NONCREDIT_TRUAUDIENCE_DEV,TELEMETRY_DATA_INGEST,TELEMETRY_DATA_INGEST,TU_US_NONCREDIT_TRUAUDIENCE_DEV,TU_US_NONCREDIT_TRUAUDIENCE_DEV,"{""environment"":""Development"",""team"":""TruAudience""}"
TU_US_NONCREDIT_TRUAUDIENCE_DEV,TU_US_NONCREDIT_TRUAUDIENCE_DEV,2026-07-01,2026-08-01,Usage,2026-07-02,2026-07-03,0.002654,0.01,Snowflake,AWS_US_EAST_1,TU_US_NONCREDIT_TRUAUDIENCE_DEV,AI_FUNCTIONS,AI_FUNCTIONS,TU_US_NONCREDIT_TRUAUDIENCE_DEV,TU_US_NONCREDIT_TRUAUDIENCE_DEV,"{""environment"":""Development"",""team"":""TruAudience""}"
TU_US_NONCREDIT_TRUAUDIENCE_DEV,TU_US_NONCREDIT_TRUAUDIENCE_DEV,2026-07-01,2026-08-01,Usage,2026-07-02,2026-07-03,0.001081,0.00,Snowflake,AWS_US_EAST_1,TU_US_NONCREDIT_TRUAUDIENCE_DEV,AUTO_CLUSTERING,AUTO_CLUSTERING,TU_US_NONCREDIT_TRUAUDIENCE_DEV,TU_US_NONCREDIT_TRUAUDIENCE_DEV,"{""environment"":""Development"",""team"":""TruAudience""}"
TU_US_NONCREDIT_TRUAUDIENCE_DEV,TU_US_NONCREDIT_TRUAUDIENCE_DEV,2026-07-01,2026-08-01,Usage,2026-07-02,2026-07-03,0.000055,0.00,Snowflake,AWS_US_EAST_1,TU_US_NONCREDIT_TRUAUDIENCE_DEV,AI_INFERENCE,AI_INFERENCE,TU_US_NONCREDIT_TRUAUDIENCE_DEV,TU_US_NONCREDIT_TRUAUDIENCE_DEV,"{""environment"":""Development"",""team"":""TruAudience""}"
TU_US_NONCREDIT_TRUAUDIENCE_DEV,TU_US_NONCREDIT_TRUAUDIENCE_DEV,2026-07-01,2026-08-01,Usage,2026-07-01,2026-07-02,59.943777,143.22,Snowflake,AWS_US_EAST_1,TU_US_NONCREDIT_TRUAUDIENCE_DEV,WAREHOUSE_METERING,WAREHOUSE_METERING,TU_US_NONCREDIT_TRUAUDIENCE_DEV,TU_US_NONCREDIT_TRUAUDIENCE_DEV,"{""environment"":""Development"",""team"":""TruAudience""}"
TU_US_NONCREDIT_TRUAUDIENCE_DEV,TU_US_NONCREDIT_TRUAUDIENCE_DEV,2026-07-01,2026-08-01,Usage,2026-07-01,2026-07-02,20.324398,48.56,Snowflake,AWS_US_EAST_1,TU_US_NONCREDIT_TRUAUDIENCE_DEV,SNOWFLAKE_INTELLIGENCE,SNOWFLAKE_INTELLIGENCE,TU_US_NONCREDIT_TRUAUDIENCE_DEV,TU_US_NONCREDIT_TRUAUDIENCE_DEV,"{""environment"":""Development"",""team"":""TruAudience""}"
TU_US_NONCREDIT_TRUAUDIENCE_DEV,TU_US_NONCREDIT_TRUAUDIENCE_DEV,2026-07-01,2026-08-01,Usage,2026-07-01,2026-07-02,4.342610,10.38,Snowflake,AWS_US_EAST_1,TU_US_NONCREDIT_TRUAUDIENCE_DEV,SNOWPARK_CONTAINER_SERVICES,SNOWPARK_CONTAINER_SERVICES,TU_US_NONCREDIT_TRUAUDIENCE_DEV,TU_US_NONCREDIT_TRUAUDIENCE_DEV,"{""environment"":""Development"",""team"":""TruAudience""}"
TU_US_NONCREDIT_TRUAUDIENCE_DEV,TU_US_NONCREDIT_TRUAUDIENCE_DEV,2026-07-01,2026-08-01,Usage,2026-07-01,2026-07-02,0.856145,2.05,Snowflake,AWS_US_EAST_1,TU_US_NONCREDIT_TRUAUDIENCE_DEV,POSTGRES_COMPUTE,POSTGRES_COMPUTE,TU_US_NONCREDIT_TRUAUDIENCE_DEV,TU_US_NONCREDIT_TRUAUDIENCE_DEV,"{""environment"":""Development"",""team"":""TruAudience""}"
TU_US_NONCREDIT_TRUAUDIENCE_DEV,TU_US_NONCREDIT_TRUAUDIENCE_DEV,2026-07-01,2026-08-01,Usage,2026-07-01,2026-07-02,0.057480,0.14,Snowflake,AWS_US_EAST_1,TU_US_NONCREDIT_TRUAUDIENCE_DEV,CORTEX_SEARCH,CORTEX_SEARCH,TU_US_NONCREDIT_TRUAUDIENCE_DEV,TU_US_NONCREDIT_TRUAUDIENCE_DEV,"{""environment"":""Development"",""team"":""TruAudience""}"
TU_US_NONCREDIT_TRUAUDIENCE_DEV,TU_US_NONCREDIT_TRUAUDIENCE_DEV,2026-07-01,2026-08-01,Usage,2026-07-01,2026-07-02,0.010103,0.02,Snowflake,AWS_US_EAST_1,TU_US_NONCREDIT_TRUAUDIENCE_DEV,TELEMETRY_DATA_INGEST,TELEMETRY_DATA_INGEST,TU_US_NONCREDIT_TRUAUDIENCE_DEV,TU_US_NONCREDIT_TRUAUDIENCE_DEV,"{""environment"":""Development"",""team"":""TruAudience""}"
TU_US_NONCREDIT_TRUAUDIENCE_DEV,TU_US_NONCREDIT_TRUAUDIENCE_DEV,2026-07-01,2026-08-01,Usage,2026-07-01,2026-07-02,0.001034,0.00,Snowflake,AWS_US_EAST_1,TU_US_NONCREDIT_TRUAUDIENCE_DEV,AUTO_CLUSTERING,AUTO_CLUSTERING,TU_US_NONCREDIT_TRUAUDIENCE_DEV,TU_US_NONCREDIT_TRUAUDIENCE_DEV,"{""environment"":""Development"",""team"":""TruAudience""}"
TU_US_NONCREDIT_TRUAUDIENCE_DEV,TU_US_NONCREDIT_TRUAUDIENCE_DEV,2026-07-01,2026-08-01,Usage,2026-07-01,2026-07-02,0.000291,0.00,Snowflake,AWS_US_EAST_1,TU_US_NONCREDIT_TRUAUDIENCE_DEV,AI_INFERENCE,AI_INFERENCE,TU_US_NONCREDIT_TRUAUDIENCE_DEV,TU_US_NONCREDIT_TRUAUDIENCE_DEV,"{""environment"":""Development"",""team"":""TruAudience""}"
TU_US_NONCREDIT_TRUAUDIENCE_PROD,TU_US_NONCREDIT_TRUAUDIENCE_PROD,2026-07-01,2026-08-01,Usage,2026-07-29,2026-07-30,467.052814,1115.89,Snowflake,AWS_US_EAST_1,TU_US_NONCREDIT_TRUAUDIENCE_PROD,WAREHOUSE_METERING,WAREHOUSE_METERING,TU_US_NONCREDIT_TRUAUDIENCE_PROD,TU_US_NONCREDIT_TRUAUDIENCE_PROD,"{""environment"":""Production"",""team"":""TruAudience""}"
TU_US_NONCREDIT_TRUAUDIENCE_PROD,TU_US_NONCREDIT_TRUAUDIENCE_PROD,2026-07-01,2026-08-01,Usage,2026-07-29,2026-07-30,19.041191,45.49,Snowflake,AWS_US_EAST_1,TU_US_NONCREDIT_TRUAUDIENCE_PROD,SERVERLESS_TASK,SERVERLESS_TASK,TU_US_NONCREDIT_TRUAUDIENCE_PROD,TU_US_NONCREDIT_TRUAUDIENCE_PROD,"{""environment"":""Production"",""team"":""TruAudience""}"
TU_US_NONCREDIT_TRUAUDIENCE_PROD,TU_US_NONCREDIT_TRUAUDIENCE_PROD,2026-07-01,2026-08-01,Usage,2026-07-29,2026-07-30,2.991998,7.15,Snowflake,AWS_US_EAST_1,TU_US_NONCREDIT_TRUAUDIENCE_PROD,AUTO_CLUSTERING,AUTO_CLUSTERING,TU_US_NONCREDIT_TRUAUDIENCE_PROD,TU_US_NONCREDIT_TRUAUDIENCE_PROD,"{""environment"":""Production"",""team"":""TruAudience""}"
TU_US_NONCREDIT_TRUAUDIENCE_PROD,TU_US_NONCREDIT_TRUAUDIENCE_PROD,2026-07-01,2026-08-01,Usage,2026-07-29,2026-07-30,1.826382,4.36,Snowflake,AWS_US_EAST_1,TU_US_NONCREDIT_TRUAUDIENCE_PROD,TRUST_CENTER,TRUST_CENTER,TU_US_NONCREDIT_TRUAUDIENCE_PROD,TU_US_NONCREDIT_TRUAUDIENCE_PROD,"{""environment"":""Production"",""team"":""TruAudience""}"
TU_US_NONCREDIT_TRUAUDIENCE_PROD,TU_US_NONCREDIT_TRUAUDIENCE_PROD,2026-07-01,2026-08-01,Usage,2026-07-29,2026-07-30,0.014708,0.04,Snowflake,AWS_US_EAST_1,TU_US_NONCREDIT_TRUAUDIENCE_PROD,TELEMETRY_DATA_INGEST,TELEMETRY_DATA_INGEST,TU_US_NONCREDIT_TRUAUDIENCE_PROD,TU_US_NONCREDIT_TRUAUDIENCE_PROD,"{""environment"":""Production"",""team"":""TruAudience""}"
TU_US_NONCREDIT_TRUAUDIENCE_PROD,TU_US_NONCREDIT_TRUAUDIENCE_PROD,2026-07-01,2026-08-01,Usage,2026-07-29,2026-07-30,0.012465,0.03,Snowflake,AWS_US_EAST_1,TU_US_NONCREDIT_TRUAUDIENCE_PROD,COPY_FILES,COPY_FILES,TU_US_NONCREDIT_TRUAUDIENCE_PROD,TU_US_NONCREDIT_TRUAUDIENCE_PROD,"{""environment"":""Production"",""team"":""TruAudience""}"
TU_US_NONCREDIT_TRUAUDIENCE_PROD,TU_US_NONCREDIT_TRUAUDIENCE_PROD,2026-07-01,2026-08-01,Usage,2026-07-29,2026-07-30,0.000815,0.00,Snowflake,AWS_US_EAST_1,TU_US_NONCREDIT_TRUAUDIENCE_PROD,AI_INFERENCE,AI_INFERENCE,TU_US_NONCREDIT_TRUAUDIENCE_PROD,TU_US_NONCREDIT_TRUAUDIENCE_PROD,"{""environment"":""Production"",""team"":""TruAudience""}"
TU_US_NONCREDIT_TRUAUDIENCE_PROD,TU_US_NONCREDIT_TRUAUDIENCE_PROD,2026-07-01,2026-08-01,Usage,2026-07-28,2026-07-29,199.211896,475.97,Snowflake,AWS_US_EAST_1,TU_US_NONCREDIT_TRUAUDIENCE_PROD,WAREHOUSE_METERING,WAREHOUSE_METERING,TU_US_NONCREDIT_TRUAUDIENCE_PROD,TU_US_NONCREDIT_TRUAUDIENCE_PROD,"{""environment"":""Production"",""team"":""TruAudience""}"
TU_US_NONCREDIT_TRUAUDIENCE_PROD,TU_US_NONCREDIT_TRUAUDIENCE_PROD,2026-07-01,2026-08-01,Usage,2026-07-28,2026-07-29,18.105832,43.26,Snowflake,AWS_US_EAST_1,TU_US_NONCREDIT_TRUAUDIENCE_PROD,SERVERLESS_TASK,SERVERLESS_TASK,TU_US_NONCREDIT_TRUAUDIENCE_PROD,TU_US_NONCREDIT_TRUAUDIENCE_PROD,"{""environment"":""Production"",""team"":""TruAudience""}"
TU_US_NONCREDIT_TRUAUDIENCE_PROD,TU_US_NONCREDIT_TRUAUDIENCE_PROD,2026-07-01,2026-08-01,Usage,2026-07-28,2026-07-29,1.685027,4.03,Snowflake,AWS_US_EAST_1,TU_US_NONCREDIT_TRUAUDIENCE_PROD,TRUST_CENTER,TRUST_CENTER,TU_US_NONCREDIT_TRUAUDIENCE_PROD,TU_US_NONCREDIT_TRUAUDIENCE_PROD,"{""environment"":""Production"",""team"":""TruAudience""}"
TU_US_NONCREDIT_TRUAUDIENCE_PROD,TU_US_NONCREDIT_TRUAUDIENCE_PROD,2026-07-01,2026-08-01,Usage,2026-07-28,2026-07-29,0.010959,0.03,Snowflake,AWS_US_EAST_1,TU_US_NONCREDIT_TRUAUDIENCE_PROD,AUTO_CLUSTERING,AUTO_CLUSTERING,TU_US_NONCREDIT_TRUAUDIENCE_PROD,TU_US_NONCREDIT_TRUAUDIENCE_PROD,"{""environment"":""Production"",""team"":""TruAudience""}"
TU_US_NONCREDIT_TRUAUDIENCE_PROD,TU_US_NONCREDIT_TRUAUDIENCE_PROD,2026-07-01,2026-08-01,Usage,2026-07-28,2026-07-29,0.008305,0.02,Snowflake,AWS_US_EAST_1,TU_US_NONCREDIT_TRUAUDIENCE_PROD,TELEMETRY_DATA_INGEST,TELEMETRY_DATA_INGEST,TU_US_NONCREDIT_TRUAUDIENCE_PROD,TU_US_NONCREDIT_TRUAUDIENCE_PROD,"{""environment"":""Production"",""team"":""TruAudience""}"
TU_US_NONCREDIT_TRUAUDIENCE_PROD,TU_US_NONCREDIT_TRUAUDIENCE_PROD,2026-07-01,2026-08-01,Usage,2026-07-28,2026-07-29,0.005997,0.01,Snowflake,AWS_US_EAST_1,TU_US_NONCREDIT_TRUAUDIENCE_PROD,COPY_FILES,COPY_FILES,TU_US_NONCREDIT_TRUAUDIENCE_PROD,TU_US_NONCREDIT_TRUAUDIENCE_PROD,"{""environment"":""Production"",""team"":""TruAudience""}"
TU_US_NONCREDIT_TRUAUDIENCE_PROD,TU_US_NONCREDIT_TRUAUDIENCE_PROD,2026-07-01,2026-08-01,Usage,2026-07-27,2026-07-28,165.400730,395.20,Snowflake,AWS_US_EAST_1,TU_US_NONCREDIT_TRUAUDIENCE_PROD,WAREHOUSE_METERING,WAREHOUSE_METERING,TU_US_NONCREDIT_TRUAUDIENCE_PROD,TU_US_NONCREDIT_TRUAUDIENCE_PROD,"{""environment"":""Production"",""team"":""TruAudience""}"
TU_US_NONCREDIT_TRUAUDIENCE_PROD,TU_US_NONCREDIT_TRUAUDIENCE_PROD,2026-07-01,2026-08-01,Usage,2026-07-27,2026-07-28,16.038636,38.32,Snowflake,AWS_US_EAST_1,TU_US_NONCREDIT_TRUAUDIENCE_PROD,SERVERLESS_TASK,SERVERLESS_TASK,TU_US_NONCREDIT_TRUAUDIENCE_PROD,TU_US_NONCREDIT_TRUAUDIENCE_PROD,"{""environment"":""Production"",""team"":""TruAudience""}"
TU_US_NONCREDIT_TRUAUDIENCE_PROD,TU_US_NONCREDIT_TRUAUDIENCE_PROD,2026-07-01,2026-08-01,Usage,2026-07-27,2026-07-28,1.667705,3.98,Snowflake,AWS_US_EAST_1,TU_US_NONCREDIT_TRUAUDIENCE_PROD,TRUST_CENTER,TRUST_CENTER,TU_US_NONCREDIT_TRUAUDIENCE_PROD,TU_US_NONCREDIT_TRUAUDIENCE_PROD,"{""environment"":""Production"",""team"":""TruAudience""}"
TU_US_NONCREDIT_TRUAUDIENCE_PROD,TU_US_NONCREDIT_TRUAUDIENCE_PROD,2026-07-01,2026-08-01,Usage,2026-07-27,2026-07-28,0.014122,0.03,Snowflake,AWS_US_EAST_1,TU_US_NONCREDIT_TRUAUDIENCE_PROD,AUTO_CLUSTERING,AUTO_CLUSTERING,TU_US_NONCREDIT_TRUAUDIENCE_PROD,TU_US_NONCREDIT_TRUAUDIENCE_PROD,"{""environment"":""Production"",""team"":""TruAudience""}"
TU_US_NONCREDIT_TRUAUDIENCE_PROD,TU_US_NONCREDIT_TRUAUDIENCE_PROD,2026-07-01,2026-08-01,Usage,2026-07-27,2026-07-28,0.005845,0.01,Snowflake,AWS_US_EAST_1,TU_US_NONCREDIT_TRUAUDIENCE_PROD,COPY_FILES,COPY_FILES,TU_US_NONCREDIT_TRUAUDIENCE_PROD,TU_US_NONCREDIT_TRUAUDIENCE_PROD,"{""environment"":""Production"",""team"":""TruAudience""}"
TU_US_NONCREDIT_TRUAUDIENCE_PROD,TU_US_NONCREDIT_TRUAUDIENCE_PROD,2026-07-01,2026-08-01,Usage,2026-07-27,2026-07-28,0.001962,0.00,Snowflake,AWS_US_EAST_1,TU_US_NONCREDIT_TRUAUDIENCE_PROD,TELEMETRY_DATA_INGEST,TELEMETRY_DATA_INGEST,TU_US_NONCREDIT_TRUAUDIENCE_PROD,TU_US_NONCREDIT_TRUAUDIENCE_PROD,"{""environment"":""Production"",""team"":""TruAudience""}"
TU_US_NONCREDIT_TRUAUDIENCE_PROD,TU_US_NONCREDIT_TRUAUDIENCE_PROD,2026-07-01,2026-08-01,Usage,2026-07-26,2026-07-27,331.583826,792.22,Snowflake,AWS_US_EAST_1,TU_US_NONCREDIT_TRUAUDIENCE_PROD,WAREHOUSE_METERING,WAREHOUSE_METERING,TU_US_NONCREDIT_TRUAUDIENCE_PROD,TU_US_NONCREDIT_TRUAUDIENCE_PROD,"{""environment"":""Production"",""team"":""TruAudience""}"
TU_US_NONCREDIT_TRUAUDIENCE_PROD,TU_US_NONCREDIT_TRUAUDIENCE_PROD,2026-07-01,2026-08-01,Usage,2026-07-26,2026-07-27,17.913962,42.80,Snowflake,AWS_US_EAST_1,TU_US_NONCREDIT_TRUAUDIENCE_PROD,SERVERLESS_TASK,SERVERLESS_TASK,TU_US_NONCREDIT_TRUAUDIENCE_PROD,TU_US_NONCREDIT_TRUAUDIENCE_PROD,"{""environment"":""Production"",""team"":""TruAudience""}"
TU_US_NONCREDIT_TRUAUDIENCE_PROD,TU_US_NONCREDIT_TRUAUDIENCE_PROD,2026-07-01,2026-08-01,Usage,2026-07-26,2026-07-27,1.926912,4.60,Snowflake,AWS_US_EAST_1,TU_US_NONCREDIT_TRUAUDIENCE_PROD,TRUST_CENTER,TRUST_CENTER,TU_US_NONCREDIT_TRUAUDIENCE_PROD,TU_US_NONCREDIT_TRUAUDIENCE_PROD,"{""environment"":""Production"",""team"":""TruAudience""}"
TU_US_NONCREDIT_TRUAUDIENCE_PROD,TU_US_NONCREDIT_TRUAUDIENCE_PROD,2026-07-01,2026-08-01,Usage,2026-07-26,2026-07-27,0.010987,0.03,Snowflake,AWS_US_EAST_1,TU_US_NONCREDIT_TRUAUDIENCE_PROD,AUTO_CLUSTERING,AUTO_CLUSTERING,TU_US_NONCREDIT_TRUAUDIENCE_PROD,TU_US_NONCREDIT_TRUAUDIENCE_PROD,"{""environment"":""Production"",""team"":""TruAudience""}"
TU_US_NONCREDIT_TRUAUDIENCE_PROD,TU_US_NONCREDIT_TRUAUDIENCE_PROD,2026-07-01,2026-08-01,Usage,2026-07-26,2026-07-27,0.010903,0.03,Snowflake,AWS_US_EAST_1,TU_US_NONCREDIT_TRUAUDIENCE_PROD,COPY_FILES,COPY_FILES,TU_US_NONCREDIT_TRUAUDIENCE_PROD,TU_US_NONCREDIT_TRUAUDIENCE_PROD,"{""environment"":""Production"",""team"":""TruAudience""}"
TU_US_NONCREDIT_TRUAUDIENCE_PROD,TU_US_NONCREDIT_TRUAUDIENCE_PROD,2026-07-01,2026-08-01,Usage,2026-07-26,2026-07-27,0.000106,0.00,Snowflake,AWS_US_EAST_1,TU_US_NONCREDIT_TRUAUDIENCE_PROD,AI_INFERENCE,AI_INFERENCE,TU_US_NONCREDIT_TRUAUDIENCE_PROD,TU_US_NONCREDIT_TRUAUDIENCE_PROD,"{""environment"":""Production"",""team"":""TruAudience""}"
TU_US_NONCREDIT_TRUAUDIENCE_PROD,TU_US_NONCREDIT_TRUAUDIENCE_PROD,2026-07-01,2026-08-01,Usage,2026-07-26,2026-07-27,0.002011,0.00,Snowflake,AWS_US_EAST_1,TU_US_NONCREDIT_TRUAUDIENCE_PROD,TELEMETRY_DATA_INGEST,TELEMETRY_DATA_INGEST,TU_US_NONCREDIT_TRUAUDIENCE_PROD,TU_US_NONCREDIT_TRUAUDIENCE_PROD,"{""environment"":""Production"",""team"":""TruAudience""}"
TU_US_NONCREDIT_TRUAUDIENCE_PROD,TU_US_NONCREDIT_TRUAUDIENCE_PROD,2026-07-01,2026-08-01,Usage,2026-07-25,2026-07-26,215.672476,515.30,Snowflake,AWS_US_EAST_1,TU_US_NONCREDIT_TRUAUDIENCE_PROD,WAREHOUSE_METERING,WAREHOUSE_METERING,TU_US_NONCREDIT_TRUAUDIENCE_PROD,TU_US_NONCREDIT_TRUAUDIENCE_PROD,"{""environment"":""Production"",""team"":""TruAudience""}"
TU_US_NONCREDIT_TRUAUDIENCE_PROD,TU_US_NONCREDIT_TRUAUDIENCE_PROD,2026-07-01,2026-08-01,Usage,2026-07-25,2026-07-26,31.347113,74.90,Snowflake,AWS_US_EAST_1,TU_US_NONCREDIT_TRUAUDIENCE_PROD,SERVERLESS_TASK,SERVERLESS_TASK,TU_US_NONCREDIT_TRUAUDIENCE_PROD,TU_US_NONCREDIT_TRUAUDIENCE_PROD,"{""environment"":""Production"",""team"":""TruAudience""}"
TU_US_NONCREDIT_TRUAUDIENCE_PROD,TU_US_NONCREDIT_TRUAUDIENCE_PROD,2026-07-01,2026-08-01,Usage,2026-07-25,2026-07-26,1.974440,4.72,Snowflake,AWS_US_EAST_1,TU_US_NONCREDIT_TRUAUDIENCE_PROD,TRUST_CENTER,TRUST_CENTER,TU_US_NONCREDIT_TRUAUDIENCE_PROD,TU_US_NONCREDIT_TRUAUDIENCE_PROD,"{""environment"":""Production"",""team"":""TruAudience""}"
TU_US_NONCREDIT_TRUAUDIENCE_PROD,TU_US_NONCREDIT_TRUAUDIENCE_PROD,2026-07-01,2026-08-01,Usage,2026-07-25,2026-07-26,0.012342,0.03,Snowflake,AWS_US_EAST_1,TU_US_NONCREDIT_TRUAUDIENCE_PROD,AUTO_CLUSTERING,AUTO_CLUSTERING,TU_US_NONCREDIT_TRUAUDIENCE_PROD,TU_US_NONCREDIT_TRUAUDIENCE_PROD,"{""environment"":""Production"",""team"":""TruAudience""}"
TU_US_NONCREDIT_TRUAUDIENCE_PROD,TU_US_NONCREDIT_TRUAUDIENCE_PROD,2026-07-01,2026-08-01,Usage,2026-07-25,2026-07-26,0.008417,0.02,Snowflake,AWS_US_EAST_1,TU_US_NONCREDIT_TRUAUDIENCE_PROD,TELEMETRY_DATA_INGEST,TELEMETRY_DATA_INGEST,TU_US_NONCREDIT_TRUAUDIENCE_PROD,TU_US_NONCREDIT_TRUAUDIENCE_PROD,"{""environment"":""Production"",""team"":""TruAudience""}"
TU_US_NONCREDIT_TRUAUDIENCE_PROD,TU_US_NONCREDIT_TRUAUDIENCE_PROD,2026-07-01,2026-08-01,Usage,2026-07-25,2026-07-26,0.008035,0.02,Snowflake,AWS_US_EAST_1,TU_US_NONCREDIT_TRUAUDIENCE_PROD,COPY_FILES,COPY_FILES,TU_US_NONCREDIT_TRUAUDIENCE_PROD,TU_US_NONCREDIT_TRUAUDIENCE_PROD,"{""environment"":""Production"",""team"":""TruAudience""}"
TU_US_NONCREDIT_TRUAUDIENCE_PROD,TU_US_NONCREDIT_TRUAUDIENCE_PROD,2026-07-01,2026-08-01,Usage,2026-07-25,2026-07-26,0.000060,0.00,Snowflake,AWS_US_EAST_1,TU_US_NONCREDIT_TRUAUDIENCE_PROD,AI_INFERENCE,AI_INFERENCE,TU_US_NONCREDIT_TRUAUDIENCE_PROD,TU_US_NONCREDIT_TRUAUDIENCE_PROD,"{""environment"":""Production"",""team"":""TruAudience""}"
TU_US_NONCREDIT_TRUAUDIENCE_PROD,TU_US_NONCREDIT_TRUAUDIENCE_PROD,2026-07-01,2026-08-01,Usage,2026-07-24,2026-07-25,670.010746,1600.85,Snowflake,AWS_US_EAST_1,TU_US_NONCREDIT_TRUAUDIENCE_PROD,WAREHOUSE_METERING,WAREHOUSE_METERING,TU_US_NONCREDIT_TRUAUDIENCE_PROD,TU_US_NONCREDIT_TRUAUDIENCE_PROD,"{""environment"":""Production"",""team"":""TruAudience""}"
TU_US_NONCREDIT_TRUAUDIENCE_PROD,TU_US_NONCREDIT_TRUAUDIENCE_PROD,2026-07-01,2026-08-01,Usage,2026-07-24,2026-07-25,32.461795,77.56,Snowflake,AWS_US_EAST_1,TU_US_NONCREDIT_TRUAUDIENCE_PROD,SERVERLESS_TASK,SERVERLESS_TASK,TU_US_NONCREDIT_TRUAUDIENCE_PROD,TU_US_NONCREDIT_TRUAUDIENCE_PROD,"{""environment"":""Production"",""team"":""TruAudience""}"
TU_US_NONCREDIT_TRUAUDIENCE_PROD,TU_US_NONCREDIT_TRUAUDIENCE_PROD,2026-07-01,2026-08-01,Usage,2026-07-24,2026-07-25,2.148569,5.13,Snowflake,AWS_US_EAST_1,TU_US_NONCREDIT_TRUAUDIENCE_PROD,TRUST_CENTER,TRUST_CENTER,TU_US_NONCREDIT_TRUAUDIENCE_PROD,TU_US_NONCREDIT_TRUAUDIENCE_PROD,"{""environment"":""Production"",""team"":""TruAudience""}"
TU_US_NONCREDIT_TRUAUDIENCE_PROD,TU_US_NONCREDIT_TRUAUDIENCE_PROD,2026-07-01,2026-08-01,Usage,2026-07-24,2026-07-25,0.027730,0.07,Snowflake,AWS_US_EAST_1,TU_US_NONCREDIT_TRUAUDIENCE_PROD,AUTO_CLUSTERING,AUTO_CLUSTERING,TU_US_NONCREDIT_TRUAUDIENCE_PROD,TU_US_NONCREDIT_TRUAUDIENCE_PROD,"{""environment"":""Production"",""team"":""TruAudience""}"
TU_US_NONCREDIT_TRUAUDIENCE_PROD,TU_US_NONCREDIT_TRUAUDIENCE_PROD,2026-07-01,2026-08-01,Usage,2026-07-24,2026-07-25,0.021669,0.05,Snowflake,AWS_US_EAST_1,TU_US_NONCREDIT_TRUAUDIENCE_PROD,COPY_FILES,COPY_FILES,TU_US_NONCREDIT_TRUAUDIENCE_PROD,TU_US_NONCREDIT_TRUAUDIENCE_PROD,"{""environment"":""Production"",""team"":""TruAudience""}"
TU_US_NONCREDIT_TRUAUDIENCE_PROD,TU_US_NONCREDIT_TRUAUDIENCE_PROD,2026-07-01,2026-08-01,Usage,2026-07-24,2026-07-25,0.008485,0.02,Snowflake,AWS_US_EAST_1,TU_US_NONCREDIT_TRUAUDIENCE_PROD,TELEMETRY_DATA_INGEST,TELEMETRY_DATA_INGEST,TU_US_NONCREDIT_TRUAUDIENCE_PROD,TU_US_NONCREDIT_TRUAUDIENCE_PROD,"{""environment"":""Production"",""team"":""TruAudience""}"
TU_US_NONCREDIT_TRUAUDIENCE_PROD,TU_US_NONCREDIT_TRUAUDIENCE_PROD,2026-07-01,2026-08-01,Usage,2026-07-23,2026-07-24,417.330192,997.07,Snowflake,AWS_US_EAST_1,TU_US_NONCREDIT_TRUAUDIENCE_PROD,WAREHOUSE_METERING,WAREHOUSE_METERING,TU_US_NONCREDIT_TRUAUDIENCE_PROD,TU_US_NONCREDIT_TRUAUDIENCE_PROD,"{""environment"":""Production"",""team"":""TruAudience""}"
TU_US_NONCREDIT_TRUAUDIENCE_PROD,TU_US_NONCREDIT_TRUAUDIENCE_PROD,2026-07-01,2026-08-01,Usage,2026-07-23,2026-07-24,84.815645,202.65,Snowflake,AWS_US_EAST_1,TU_US_NONCREDIT_TRUAUDIENCE_PROD,AUTO_CLUSTERING,AUTO_CLUSTERING,TU_US_NONCREDIT_TRUAUDIENCE_PROD,TU_US_NONCREDIT_TRUAUDIENCE_PROD,"{""environment"":""Production"",""team"":""TruAudience""}"
TU_US_NONCREDIT_TRUAUDIENCE_PROD,TU_US_NONCREDIT_TRUAUDIENCE_PROD,2026-07-01,2026-08-01,Usage,2026-07-23,2026-07-24,27.695316,66.17,Snowflake,AWS_US_EAST_1,TU_US_NONCREDIT_TRUAUDIENCE_PROD,SERVERLESS_TASK,SERVERLESS_TASK,TU_US_NONCREDIT_TRUAUDIENCE_PROD,TU_US_NONCREDIT_TRUAUDIENCE_PROD,"{""environment"":""Production"",""team"":""TruAudience""}"
TU_US_NONCREDIT_TRUAUDIENCE_PROD,TU_US_NONCREDIT_TRUAUDIENCE_PROD,2026-07-01,2026-08-01,Usage,2026-07-23,2026-07-24,2.087121,4.99,Snowflake,AWS_US_EAST_1,TU_US_NONCREDIT_TRUAUDIENCE_PROD,TRUST_CENTER,TRUST_CENTER,TU_US_NONCREDIT_TRUAUDIENCE_PROD,TU_US_NONCREDIT_TRUAUDIENCE_PROD,"{""environment"":""Production"",""team"":""TruAudience""}"
TU_US_NONCREDIT_TRUAUDIENCE_PROD,TU_US_NONCREDIT_TRUAUDIENCE_PROD,2026-07-01,2026-08-01,Usage,2026-07-23,2026-07-24,0.031367,0.07,Snowflake,AWS_US_EAST_1,TU_US_NONCREDIT_TRUAUDIENCE_PROD,COPY_FILES,COPY_FILES,TU_US_NONCREDIT_TRUAUDIENCE_PROD,TU_US_NONCREDIT_TRUAUDIENCE_PROD,"{""environment"":""Production"",""team"":""TruAudience""}"
TU_US_NONCREDIT_TRUAUDIENCE_PROD,TU_US_NONCREDIT_TRUAUDIENCE_PROD,2026-07-01,2026-08-01,Usage,2026-07-23,2026-07-24,0.000434,0.00,Snowflake,AWS_US_EAST_1,TU_US_NONCREDIT_TRUAUDIENCE_PROD,AI_INFERENCE,AI_INFERENCE,TU_US_NONCREDIT_TRUAUDIENCE_PROD,TU_US_NONCREDIT_TRUAUDIENCE_PROD,"{""environment"":""Production"",""team"":""TruAudience""}"
TU_US_NONCREDIT_TRUAUDIENCE_PROD,TU_US_NONCREDIT_TRUAUDIENCE_PROD,2026-07-01,2026-08-01,Usage,2026-07-23,2026-07-24,0.000112,0.00,Snowflake,AWS_US_EAST_1,TU_US_NONCREDIT_TRUAUDIENCE_PROD,PIPE,PIPE,TU_US_NONCREDIT_TRUAUDIENCE_PROD,TU_US_NONCREDIT_TRUAUDIENCE_PROD,"{""environment"":""Production"",""team"":""TruAudience""}"
TU_US_NONCREDIT_TRUAUDIENCE_PROD,TU_US_NONCREDIT_TRUAUDIENCE_PROD,2026-07-01,2026-08-01,Usage,2026-07-23,2026-07-24,0.002091,0.00,Snowflake,AWS_US_EAST_1,TU_US_NONCREDIT_TRUAUDIENCE_PROD,TELEMETRY_DATA_INGEST,TELEMETRY_DATA_INGEST,TU_US_NONCREDIT_TRUAUDIENCE_PROD,TU_US_NONCREDIT_TRUAUDIENCE_PROD,"{""environment"":""Production"",""team"":""TruAudience""}"
TU_US_NONCREDIT_TRUAUDIENCE_PROD,TU_US_NONCREDIT_TRUAUDIENCE_PROD,2026-07-01,2026-08-01,Usage,2026-07-22,2026-07-23,366.145702,874.79,Snowflake,AWS_US_EAST_1,TU_US_NONCREDIT_TRUAUDIENCE_PROD,WAREHOUSE_METERING,WAREHOUSE_METERING,TU_US_NONCREDIT_TRUAUDIENCE_PROD,TU_US_NONCREDIT_TRUAUDIENCE_PROD,"{""environment"":""Production"",""team"":""TruAudience""}"
TU_US_NONCREDIT_TRUAUDIENCE_PROD,TU_US_NONCREDIT_TRUAUDIENCE_PROD,2026-07-01,2026-08-01,Usage,2026-07-22,2026-07-23,28.372153,67.79,Snowflake,AWS_US_EAST_1,TU_US_NONCREDIT_TRUAUDIENCE_PROD,SERVERLESS_TASK,SERVERLESS_TASK,TU_US_NONCREDIT_TRUAUDIENCE_PROD,TU_US_NONCREDIT_TRUAUDIENCE_PROD,"{""environment"":""Production"",""team"":""TruAudience""}"
TU_US_NONCREDIT_TRUAUDIENCE_PROD,TU_US_NONCREDIT_TRUAUDIENCE_PROD,2026-07-01,2026-08-01,Usage,2026-07-22,2026-07-23,2.889658,6.90,Snowflake,AWS_US_EAST_1,TU_US_NONCREDIT_TRUAUDIENCE_PROD,AUTO_CLUSTERING,AUTO_CLUSTERING,TU_US_NONCREDIT_TRUAUDIENCE_PROD,TU_US_NONCREDIT_TRUAUDIENCE_PROD,"{""environment"":""Production"",""team"":""TruAudience""}"
TU_US_NONCREDIT_TRUAUDIENCE_PROD,TU_US_NONCREDIT_TRUAUDIENCE_PROD,2026-07-01,2026-08-01,Usage,2026-07-22,2026-07-23,1.894672,4.53,Snowflake,AWS_US_EAST_1,TU_US_NONCREDIT_TRUAUDIENCE_PROD,TRUST_CENTER,TRUST_CENTER,TU_US_NONCREDIT_TRUAUDIENCE_PROD,TU_US_NONCREDIT_TRUAUDIENCE_PROD,"{""environment"":""Production"",""team"":""TruAudience""}"
TU_US_NONCREDIT_TRUAUDIENCE_PROD,TU_US_NONCREDIT_TRUAUDIENCE_PROD,2026-07-01,2026-08-01,Usage,2026-07-22,2026-07-23,0.042324,0.10,Snowflake,AWS_US_EAST_1,TU_US_NONCREDIT_TRUAUDIENCE_PROD,COPY_FILES,COPY_FILES,TU_US_NONCREDIT_TRUAUDIENCE_PROD,TU_US_NONCREDIT_TRUAUDIENCE_PROD,"{""environment"":""Production"",""team"":""TruAudience""}"
TU_US_NONCREDIT_TRUAUDIENCE_PROD,TU_US_NONCREDIT_TRUAUDIENCE_PROD,2026-07-01,2026-08-01,Usage,2026-07-22,2026-07-23,0.002111,0.01,Snowflake,AWS_US_EAST_1,TU_US_NONCREDIT_TRUAUDIENCE_PROD,TELEMETRY_DATA_INGEST,TELEMETRY_DATA_INGEST,TU_US_NONCREDIT_TRUAUDIENCE_PROD,TU_US_NONCREDIT_TRUAUDIENCE_PROD,"{""environment"":""Production"",""team"":""TruAudience""}"
TU_US_NONCREDIT_TRUAUDIENCE_PROD,TU_US_NONCREDIT_TRUAUDIENCE_PROD,2026-07-01,2026-08-01,Usage,2026-07-22,2026-07-23,0.000226,0.00,Snowflake,AWS_US_EAST_1,TU_US_NONCREDIT_TRUAUDIENCE_PROD,AI_INFERENCE,AI_INFERENCE,TU_US_NONCREDIT_TRUAUDIENCE_PROD,TU_US_NONCREDIT_TRUAUDIENCE_PROD,"{""environment"":""Production"",""team"":""TruAudience""}"
TU_US_NONCREDIT_TRUAUDIENCE_PROD,TU_US_NONCREDIT_TRUAUDIENCE_PROD,2026-07-01,2026-08-01,Usage,2026-07-21,2026-07-22,313.042130,747.93,Snowflake,AWS_US_EAST_1,TU_US_NONCREDIT_TRUAUDIENCE_PROD,WAREHOUSE_METERING,WAREHOUSE_METERING,TU_US_NONCREDIT_TRUAUDIENCE_PROD,TU_US_NONCREDIT_TRUAUDIENCE_PROD,"{""environment"":""Production"",""team"":""TruAudience""}"
TU_US_NONCREDIT_TRUAUDIENCE_PROD,TU_US_NONCREDIT_TRUAUDIENCE_PROD,2026-07-01,2026-08-01,Usage,2026-07-21,2026-07-22,26.136057,62.44,Snowflake,AWS_US_EAST_1,TU_US_NONCREDIT_TRUAUDIENCE_PROD,SERVERLESS_TASK,SERVERLESS_TASK,TU_US_NONCREDIT_TRUAUDIENCE_PROD,TU_US_NONCREDIT_TRUAUDIENCE_PROD,"{""environment"":""Production"",""team"":""TruAudience""}"
TU_US_NONCREDIT_TRUAUDIENCE_PROD,TU_US_NONCREDIT_TRUAUDIENCE_PROD,2026-07-01,2026-08-01,Usage,2026-07-21,2026-07-22,1.609233,3.84,Snowflake,AWS_US_EAST_1,TU_US_NONCREDIT_TRUAUDIENCE_PROD,TRUST_CENTER,TRUST_CENTER,TU_US_NONCREDIT_TRUAUDIENCE_PROD,TU_US_NONCREDIT_TRUAUDIENCE_PROD,"{""environment"":""Production"",""team"":""TruAudience""}"
TU_US_NONCREDIT_TRUAUDIENCE_PROD,TU_US_NONCREDIT_TRUAUDIENCE_PROD,2026-07-01,2026-08-01,Usage,2026-07-21,2026-07-22,0.013046,0.03,Snowflake,AWS_US_EAST_1,TU_US_NONCREDIT_TRUAUDIENCE_PROD,AUTO_CLUSTERING,AUTO_CLUSTERING,TU_US_NONCREDIT_TRUAUDIENCE_PROD,TU_US_NONCREDIT_TRUAUDIENCE_PROD,"{""environment"":""Production"",""team"":""TruAudience""}"
TU_US_NONCREDIT_TRUAUDIENCE_PROD,TU_US_NONCREDIT_TRUAUDIENCE_PROD,2026-07-01,2026-08-01,Usage,2026-07-21,2026-07-22,0.002066,0.00,Snowflake,AWS_US_EAST_1,TU_US_NONCREDIT_TRUAUDIENCE_PROD,TELEMETRY_DATA_INGEST,TELEMETRY_DATA_INGEST,TU_US_NONCREDIT_TRUAUDIENCE_PROD,TU_US_NONCREDIT_TRUAUDIENCE_PROD,"{""environment"":""Production"",""team"":""TruAudience""}"
TU_US_NONCREDIT_TRUAUDIENCE_PROD,TU_US_NONCREDIT_TRUAUDIENCE_PROD,2026-07-01,2026-08-01,Usage,2026-07-20,2026-07-21,171.775861,410.43,Snowflake,AWS_US_EAST_1,TU_US_NONCREDIT_TRUAUDIENCE_PROD,WAREHOUSE_METERING,WAREHOUSE_METERING,TU_US_NONCREDIT_TRUAUDIENCE_PROD,TU_US_NONCREDIT_TRUAUDIENCE_PROD,"{""environment"":""Production"",""team"":""TruAudience""}"
TU_US_NONCREDIT_TRUAUDIENCE_PROD,TU_US_NONCREDIT_TRUAUDIENCE_PROD,2026-07-01,2026-08-01,Usage,2026-07-20,2026-07-21,26.557857,63.45,Snowflake,AWS_US_EAST_1,TU_US_NONCREDIT_TRUAUDIENCE_PROD,SERVERLESS_TASK,SERVERLESS_TASK,TU_US_NONCREDIT_TRUAUDIENCE_PROD,TU_US_NONCREDIT_TRUAUDIENCE_PROD,"{""environment"":""Production"",""team"":""TruAudience""}"
TU_US_NONCREDIT_TRUAUDIENCE_PROD,TU_US_NONCREDIT_TRUAUDIENCE_PROD,2026-07-01,2026-08-01,Usage,2026-07-20,2026-07-21,1.731924,4.14,Snowflake,AWS_US_EAST_1,TU_US_NONCREDIT_TRUAUDIENCE_PROD,TRUST_CENTER,TRUST_CENTER,TU_US_NONCREDIT_TRUAUDIENCE_PROD,TU_US_NONCREDIT_TRUAUDIENCE_PROD,"{""environment"":""Production"",""team"":""TruAudience""}"
TU_US_NONCREDIT_TRUAUDIENCE_PROD,TU_US_NONCREDIT_TRUAUDIENCE_PROD,2026-07-01,2026-08-01,Usage,2026-07-20,2026-07-21,1.579744,3.77,Snowflake,AWS_US_EAST_1,TU_US_NONCREDIT_TRUAUDIENCE_PROD,PIPE,PIPE,TU_US_NONCREDIT_TRUAUDIENCE_PROD,TU_US_NONCREDIT_TRUAUDIENCE_PROD,"{""environment"":""Production"",""team"":""TruAudience""}"
TU_US_NONCREDIT_TRUAUDIENCE_PROD,TU_US_NONCREDIT_TRUAUDIENCE_PROD,2026-07-01,2026-08-01,Usage,2026-07-20,2026-07-21,0.012152,0.03,Snowflake,AWS_US_EAST_1,TU_US_NONCREDIT_TRUAUDIENCE_PROD,AUTO_CLUSTERING,AUTO_CLUSTERING,TU_US_NONCREDIT_TRUAUDIENCE_PROD,TU_US_NONCREDIT_TRUAUDIENCE_PROD,"{""environment"":""Production"",""team"":""TruAudience""}"
TU_US_NONCREDIT_TRUAUDIENCE_PROD,TU_US_NONCREDIT_TRUAUDIENCE_PROD,2026-07-01,2026-08-01,Usage,2026-07-20,2026-07-21,0.002072,0.00,Snowflake,AWS_US_EAST_1,TU_US_NONCREDIT_TRUAUDIENCE_PROD,TELEMETRY_DATA_INGEST,TELEMETRY_DATA_INGEST,TU_US_NONCREDIT_TRUAUDIENCE_PROD,TU_US_NONCREDIT_TRUAUDIENCE_PROD,"{""environment"":""Production"",""team"":""TruAudience""}"
TU_US_NONCREDIT_TRUAUDIENCE_PROD,TU_US_NONCREDIT_TRUAUDIENCE_PROD,2026-07-01,2026-08-01,Usage,2026-07-19,2026-07-20,772.791467,1846.34,Snowflake,AWS_US_EAST_1,TU_US_NONCREDIT_TRUAUDIENCE_PROD,WAREHOUSE_METERING,WAREHOUSE_METERING,TU_US_NONCREDIT_TRUAUDIENCE_PROD,TU_US_NONCREDIT_TRUAUDIENCE_PROD,"{""environment"":""Production"",""team"":""TruAudience""}"
TU_US_NONCREDIT_TRUAUDIENCE_PROD,TU_US_NONCREDIT_TRUAUDIENCE_PROD,2026-07-01,2026-08-01,Usage,2026-07-19,2026-07-20,24.842485,59.35,Snowflake,AWS_US_EAST_1,TU_US_NONCREDIT_TRUAUDIENCE_PROD,SERVERLESS_TASK,SERVERLESS_TASK,TU_US_NONCREDIT_TRUAUDIENCE_PROD,TU_US_NONCREDIT_TRUAUDIENCE_PROD,"{""environment"":""Production"",""team"":""TruAudience""}"
TU_US_NONCREDIT_TRUAUDIENCE_PROD,TU_US_NONCREDIT_TRUAUDIENCE_PROD,2026-07-01,2026-08-01,Usage,2026-07-19,2026-07-20,1.898619,4.54,Snowflake,AWS_US_EAST_1,TU_US_NONCREDIT_TRUAUDIENCE_PROD,TRUST_CENTER,TRUST_CENTER,TU_US_NONCREDIT_TRUAUDIENCE_PROD,TU_US_NONCREDIT_TRUAUDIENCE_PROD,"{""environment"":""Production"",""team"":""TruAudience""}"
TU_US_NONCREDIT_TRUAUDIENCE_PROD,TU_US_NONCREDIT_TRUAUDIENCE_PROD,2026-07-01,2026-08-01,Usage,2026-07-19,2026-07-20,0.014202,0.03,Snowflake,AWS_US_EAST_1,TU_US_NONCREDIT_TRUAUDIENCE_PROD,AUTO_CLUSTERING,AUTO_CLUSTERING,TU_US_NONCREDIT_TRUAUDIENCE_PROD,TU_US_NONCREDIT_TRUAUDIENCE_PROD,"{""environment"":""Production"",""team"":""TruAudience""}"
TU_US_NONCREDIT_TRUAUDIENCE_PROD,TU_US_NONCREDIT_TRUAUDIENCE_PROD,2026-07-01,2026-08-01,Usage,2026-07-19,2026-07-20,0.010651,0.03,Snowflake,AWS_US_EAST_1,TU_US_NONCREDIT_TRUAUDIENCE_PROD,COPY_FILES,COPY_FILES,TU_US_NONCREDIT_TRUAUDIENCE_PROD,TU_US_NONCREDIT_TRUAUDIENCE_PROD,"{""environment"":""Production"",""team"":""TruAudience""}"
TU_US_NONCREDIT_TRUAUDIENCE_PROD,TU_US_NONCREDIT_TRUAUDIENCE_PROD,2026-07-01,2026-08-01,Usage,2026-07-19,2026-07-20,0.002104,0.01,Snowflake,AWS_US_EAST_1,TU_US_NONCREDIT_TRUAUDIENCE_PROD,TELEMETRY_DATA_INGEST,TELEMETRY_DATA_INGEST,TU_US_NONCREDIT_TRUAUDIENCE_PROD,TU_US_NONCREDIT_TRUAUDIENCE_PROD,"{""environment"":""Production"",""team"":""TruAudience""}"
TU_US_NONCREDIT_TRUAUDIENCE_PROD,TU_US_NONCREDIT_TRUAUDIENCE_PROD,2026-07-01,2026-08-01,Usage,2026-07-18,2026-07-19,291.420303,696.28,Snowflake,AWS_US_EAST_1,TU_US_NONCREDIT_TRUAUDIENCE_PROD,WAREHOUSE_METERING,WAREHOUSE_METERING,TU_US_NONCREDIT_TRUAUDIENCE_PROD,TU_US_NONCREDIT_TRUAUDIENCE_PROD,"{""environment"":""Production"",""team"":""TruAudience""}"
TU_US_NONCREDIT_TRUAUDIENCE_PROD,TU_US_NONCREDIT_TRUAUDIENCE_PROD,2026-07-01,2026-08-01,Usage,2026-07-18,2026-07-19,31.833247,76.06,Snowflake,AWS_US_EAST_1,TU_US_NONCREDIT_TRUAUDIENCE_PROD,SERVERLESS_TASK,SERVERLESS_TASK,TU_US_NONCREDIT_TRUAUDIENCE_PROD,TU_US_NONCREDIT_TRUAUDIENCE_PROD,"{""environment"":""Production"",""team"":""TruAudience""}"
TU_US_NONCREDIT_TRUAUDIENCE_PROD,TU_US_NONCREDIT_TRUAUDIENCE_PROD,2026-07-01,2026-08-01,Usage,2026-07-18,2026-07-19,3.111123,7.43,Snowflake,AWS_US_EAST_1,TU_US_NONCREDIT_TRUAUDIENCE_PROD,AUTO_CLUSTERING,AUTO_CLUSTERING,TU_US_NONCREDIT_TRUAUDIENCE_PROD,TU_US_NONCREDIT_TRUAUDIENCE_PROD,"{""environment"":""Production"",""team"":""TruAudience""}"
TU_US_NONCREDIT_TRUAUDIENCE_PROD,TU_US_NONCREDIT_TRUAUDIENCE_PROD,2026-07-01,2026-08-01,Usage,2026-07-18,2026-07-19,1.893708,4.52,Snowflake,AWS_US_EAST_1,TU_US_NONCREDIT_TRUAUDIENCE_PROD,TRUST_CENTER,TRUST_CENTER,TU_US_NONCREDIT_TRUAUDIENCE_PROD,TU_US_NONCREDIT_TRUAUDIENCE_PROD,"{""environment"":""Production"",""team"":""TruAudience""}"
TU_US_NONCREDIT_TRUAUDIENCE_PROD,TU_US_NONCREDIT_TRUAUDIENCE_PROD,2026-07-01,2026-08-01,Usage,2026-07-18,2026-07-19,0.013951,0.03,Snowflake,AWS_US_EAST_1,TU_US_NONCREDIT_TRUAUDIENCE_PROD,COPY_FILES,COPY_FILES,TU_US_NONCREDIT_TRUAUDIENCE_PROD,TU_US_NONCREDIT_TRUAUDIENCE_PROD,"{""environment"":""Production"",""team"":""TruAudience""}"
TU_US_NONCREDIT_TRUAUDIENCE_PROD,TU_US_NONCREDIT_TRUAUDIENCE_PROD,2026-07-01,2026-08-01,Usage,2026-07-18,2026-07-19,0.002192,0.01,Snowflake,AWS_US_EAST_1,TU_US_NONCREDIT_TRUAUDIENCE_PROD,TELEMETRY_DATA_INGEST,TELEMETRY_DATA_INGEST,TU_US_NONCREDIT_TRUAUDIENCE_PROD,TU_US_NONCREDIT_TRUAUDIENCE_PROD,"{""environment"":""Production"",""team"":""TruAudience""}"
TU_US_NONCREDIT_TRUAUDIENCE_PROD,TU_US_NONCREDIT_TRUAUDIENCE_PROD,2026-07-01,2026-08-01,Usage,2026-07-18,2026-07-19,0.000223,0.00,Snowflake,AWS_US_EAST_1,TU_US_NONCREDIT_TRUAUDIENCE_PROD,AI_INFERENCE,AI_INFERENCE,TU_US_NONCREDIT_TRUAUDIENCE_PROD,TU_US_NONCREDIT_TRUAUDIENCE_PROD,"{""environment"":""Production"",""team"":""TruAudience""}"
TU_US_NONCREDIT_TRUAUDIENCE_PROD,TU_US_NONCREDIT_TRUAUDIENCE_PROD,2026-07-01,2026-08-01,Usage,2026-07-17,2026-07-18,442.160652,1056.45,Snowflake,AWS_US_EAST_1,TU_US_NONCREDIT_TRUAUDIENCE_PROD,WAREHOUSE_METERING,WAREHOUSE_METERING,TU_US_NONCREDIT_TRUAUDIENCE_PROD,TU_US_NONCREDIT_TRUAUDIENCE_PROD,"{""environment"":""Production"",""team"":""TruAudience""}"
TU_US_NONCREDIT_TRUAUDIENCE_PROD,TU_US_NONCREDIT_TRUAUDIENCE_PROD,2026-07-01,2026-08-01,Usage,2026-07-17,2026-07-18,35.566223,84.98,Snowflake,AWS_US_EAST_1,TU_US_NONCREDIT_TRUAUDIENCE_PROD,AUTO_CLUSTERING,AUTO_CLUSTERING,TU_US_NONCREDIT_TRUAUDIENCE_PROD,TU_US_NONCREDIT_TRUAUDIENCE_PROD,"{""environment"":""Production"",""team"":""TruAudience""}"
TU_US_NONCREDIT_TRUAUDIENCE_PROD,TU_US_NONCREDIT_TRUAUDIENCE_PROD,2026-07-01,2026-08-01,Usage,2026-07-17,2026-07-18,26.750178,63.91,Snowflake,AWS_US_EAST_1,TU_US_NONCREDIT_TRUAUDIENCE_PROD,SERVERLESS_TASK,SERVERLESS_TASK,TU_US_NONCREDIT_TRUAUDIENCE_PROD,TU_US_NONCREDIT_TRUAUDIENCE_PROD,"{""environment"":""Production"",""team"":""TruAudience""}"
TU_US_NONCREDIT_TRUAUDIENCE_PROD,TU_US_NONCREDIT_TRUAUDIENCE_PROD,2026-07-01,2026-08-01,Usage,2026-07-17,2026-07-18,1.850142,4.42,Snowflake,AWS_US_EAST_1,TU_US_NONCREDIT_TRUAUDIENCE_PROD,TRUST_CENTER,TRUST_CENTER,TU_US_NONCREDIT_TRUAUDIENCE_PROD,TU_US_NONCREDIT_TRUAUDIENCE_PROD,"{""environment"":""Production"",""team"":""TruAudience""}"
TU_US_NONCREDIT_TRUAUDIENCE_PROD,TU_US_NONCREDIT_TRUAUDIENCE_PROD,2026-07-01,2026-08-01,Usage,2026-07-17,2026-07-18,0.024494,0.06,Snowflake,AWS_US_EAST_1,TU_US_NONCREDIT_TRUAUDIENCE_PROD,COPY_FILES,COPY_FILES,TU_US_NONCREDIT_TRUAUDIENCE_PROD,TU_US_NONCREDIT_TRUAUDIENCE_PROD,"{""environment"":""Production"",""team"":""TruAudience""}"
TU_US_NONCREDIT_TRUAUDIENCE_PROD,TU_US_NONCREDIT_TRUAUDIENCE_PROD,2026-07-01,2026-08-01,Usage,2026-07-17,2026-07-18,0.002143,0.01,Snowflake,AWS_US_EAST_1,TU_US_NONCREDIT_TRUAUDIENCE_PROD,TELEMETRY_DATA_INGEST,TELEMETRY_DATA_INGEST,TU_US_NONCREDIT_TRUAUDIENCE_PROD,TU_US_NONCREDIT_TRUAUDIENCE_PROD,"{""environment"":""Production"",""team"":""TruAudience""}"
TU_US_NONCREDIT_TRUAUDIENCE_PROD,TU_US_NONCREDIT_TRUAUDIENCE_PROD,2026-07-01,2026-08-01,Usage,2026-07-17,2026-07-18,0.000176,0.00,Snowflake,AWS_US_EAST_1,TU_US_NONCREDIT_TRUAUDIENCE_PROD,AI_INFERENCE,AI_INFERENCE,TU_US_NONCREDIT_TRUAUDIENCE_PROD,TU_US_NONCREDIT_TRUAUDIENCE_PROD,"{""environment"":""Production"",""team"":""TruAudience""}"
TU_US_NONCREDIT_TRUAUDIENCE_PROD,TU_US_NONCREDIT_TRUAUDIENCE_PROD,2026-07-01,2026-08-01,Usage,2026-07-16,2026-07-17,339.571971,811.35,Snowflake,AWS_US_EAST_1,TU_US_NONCREDIT_TRUAUDIENCE_PROD,WAREHOUSE_METERING,WAREHOUSE_METERING,TU_US_NONCREDIT_TRUAUDIENCE_PROD,TU_US_NONCREDIT_TRUAUDIENCE_PROD,"{""environment"":""Production"",""team"":""TruAudience""}"
TU_US_NONCREDIT_TRUAUDIENCE_PROD,TU_US_NONCREDIT_TRUAUDIENCE_PROD,2026-07-01,2026-08-01,Usage,2026-07-16,2026-07-17,26.879477,64.22,Snowflake,AWS_US_EAST_1,TU_US_NONCREDIT_TRUAUDIENCE_PROD,SERVERLESS_TASK,SERVERLESS_TASK,TU_US_NONCREDIT_TRUAUDIENCE_PROD,TU_US_NONCREDIT_TRUAUDIENCE_PROD,"{""environment"":""Production"",""team"":""TruAudience""}"
TU_US_NONCREDIT_TRUAUDIENCE_PROD,TU_US_NONCREDIT_TRUAUDIENCE_PROD,2026-07-01,2026-08-01,Usage,2026-07-16,2026-07-17,1.757854,4.20,Snowflake,AWS_US_EAST_1,TU_US_NONCREDIT_TRUAUDIENCE_PROD,TRUST_CENTER,TRUST_CENTER,TU_US_NONCREDIT_TRUAUDIENCE_PROD,TU_US_NONCREDIT_TRUAUDIENCE_PROD,"{""environment"":""Production"",""team"":""TruAudience""}"
TU_US_NONCREDIT_TRUAUDIENCE_PROD,TU_US_NONCREDIT_TRUAUDIENCE_PROD,2026-07-01,2026-08-01,Usage,2026-07-16,2026-07-17,0.019114,0.05,Snowflake,AWS_US_EAST_1,TU_US_NONCREDIT_TRUAUDIENCE_PROD,AUTO_CLUSTERING,AUTO_CLUSTERING,TU_US_NONCREDIT_TRUAUDIENCE_PROD,TU_US_NONCREDIT_TRUAUDIENCE_PROD,"{""environment"":""Production"",""team"":""TruAudience""}"
TU_US_NONCREDIT_TRUAUDIENCE_PROD,TU_US_NONCREDIT_TRUAUDIENCE_PROD,2026-07-01,2026-08-01,Usage,2026-07-16,2026-07-17,0.002221,0.01,Snowflake,AWS_US_EAST_1,TU_US_NONCREDIT_TRUAUDIENCE_PROD,TELEMETRY_DATA_INGEST,TELEMETRY_DATA_INGEST,TU_US_NONCREDIT_TRUAUDIENCE_PROD,TU_US_NONCREDIT_TRUAUDIENCE_PROD,"{""environment"":""Production"",""team"":""TruAudience""}"
TU_US_NONCREDIT_TRUAUDIENCE_PROD,TU_US_NONCREDIT_TRUAUDIENCE_PROD,2026-07-01,2026-08-01,Usage,2026-07-16,2026-07-17,0.006122,0.01,Snowflake,AWS_US_EAST_1,TU_US_NONCREDIT_TRUAUDIENCE_PROD,COPY_FILES,COPY_FILES,TU_US_NONCREDIT_TRUAUDIENCE_PROD,TU_US_NONCREDIT_TRUAUDIENCE_PROD,"{""environment"":""Production"",""team"":""TruAudience""}"
TU_US_NONCREDIT_TRUAUDIENCE_PROD,TU_US_NONCREDIT_TRUAUDIENCE_PROD,2026-07-01,2026-08-01,Usage,2026-07-16,2026-07-17,0.000183,0.00,Snowflake,AWS_US_EAST_1,TU_US_NONCREDIT_TRUAUDIENCE_PROD,AI_INFERENCE,AI_INFERENCE,TU_US_NONCREDIT_TRUAUDIENCE_PROD,TU_US_NONCREDIT_TRUAUDIENCE_PROD,"{""environment"":""Production"",""team"":""TruAudience""}"
TU_US_NONCREDIT_TRUAUDIENCE_PROD,TU_US_NONCREDIT_TRUAUDIENCE_PROD,2026-07-01,2026-08-01,Usage,2026-07-15,2026-07-16,247.150541,590.49,Snowflake,AWS_US_EAST_1,TU_US_NONCREDIT_TRUAUDIENCE_PROD,WAREHOUSE_METERING,WAREHOUSE_METERING,TU_US_NONCREDIT_TRUAUDIENCE_PROD,TU_US_NONCREDIT_TRUAUDIENCE_PROD,"{""environment"":""Production"",""team"":""TruAudience""}"
TU_US_NONCREDIT_TRUAUDIENCE_PROD,TU_US_NONCREDIT_TRUAUDIENCE_PROD,2026-07-01,2026-08-01,Usage,2026-07-15,2026-07-16,24.909553,59.51,Snowflake,AWS_US_EAST_1,TU_US_NONCREDIT_TRUAUDIENCE_PROD,SERVERLESS_TASK,SERVERLESS_TASK,TU_US_NONCREDIT_TRUAUDIENCE_PROD,TU_US_NONCREDIT_TRUAUDIENCE_PROD,"{""environment"":""Production"",""team"":""TruAudience""}"
TU_US_NONCREDIT_TRUAUDIENCE_PROD,TU_US_NONCREDIT_TRUAUDIENCE_PROD,2026-07-01,2026-08-01,Usage,2026-07-15,2026-07-16,1.745910,4.17,Snowflake,AWS_US_EAST_1,TU_US_NONCREDIT_TRUAUDIENCE_PROD,TRUST_CENTER,TRUST_CENTER,TU_US_NONCREDIT_TRUAUDIENCE_PROD,TU_US_NONCREDIT_TRUAUDIENCE_PROD,"{""environment"":""Production"",""team"":""TruAudience""}"
TU_US_NONCREDIT_TRUAUDIENCE_PROD,TU_US_NONCREDIT_TRUAUDIENCE_PROD,2026-07-01,2026-08-01,Usage,2026-07-15,2026-07-16,0.135005,0.32,Snowflake,AWS_US_EAST_1,TU_US_NONCREDIT_TRUAUDIENCE_PROD,QUERY_ACCELERATION,QUERY_ACCELERATION,TU_US_NONCREDIT_TRUAUDIENCE_PROD,TU_US_NONCREDIT_TRUAUDIENCE_PROD,"{""environment"":""Production"",""team"":""TruAudience""}"
TU_US_NONCREDIT_TRUAUDIENCE_PROD,TU_US_NONCREDIT_TRUAUDIENCE_PROD,2026-07-01,2026-08-01,Usage,2026-07-15,2026-07-16,0.013724,0.03,Snowflake,AWS_US_EAST_1,TU_US_NONCREDIT_TRUAUDIENCE_PROD,AUTO_CLUSTERING,AUTO_CLUSTERING,TU_US_NONCREDIT_TRUAUDIENCE_PROD,TU_US_NONCREDIT_TRUAUDIENCE_PROD,"{""environment"":""Production"",""team"":""TruAudience""}"
TU_US_NONCREDIT_TRUAUDIENCE_PROD,TU_US_NONCREDIT_TRUAUDIENCE_PROD,2026-07-01,2026-08-01,Usage,2026-07-15,2026-07-16,0.008602,0.02,Snowflake,AWS_US_EAST_1,TU_US_NONCREDIT_TRUAUDIENCE_PROD,COPY_FILES,COPY_FILES,TU_US_NONCREDIT_TRUAUDIENCE_PROD,TU_US_NONCREDIT_TRUAUDIENCE_PROD,"{""environment"":""Production"",""team"":""TruAudience""}"
TU_US_NONCREDIT_TRUAUDIENCE_PROD,TU_US_NONCREDIT_TRUAUDIENCE_PROD,2026-07-01,2026-08-01,Usage,2026-07-15,2026-07-16,0.002142,0.01,Snowflake,AWS_US_EAST_1,TU_US_NONCREDIT_TRUAUDIENCE_PROD,TELEMETRY_DATA_INGEST,TELEMETRY_DATA_INGEST,TU_US_NONCREDIT_TRUAUDIENCE_PROD,TU_US_NONCREDIT_TRUAUDIENCE_PROD,"{""environment"":""Production"",""team"":""TruAudience""}"
TU_US_NONCREDIT_TRUAUDIENCE_PROD,TU_US_NONCREDIT_TRUAUDIENCE_PROD,2026-07-01,2026-08-01,Usage,2026-07-14,2026-07-15,72.728240,173.76,Snowflake,AWS_US_EAST_1,TU_US_NONCREDIT_TRUAUDIENCE_PROD,WAREHOUSE_METERING,WAREHOUSE_METERING,TU_US_NONCREDIT_TRUAUDIENCE_PROD,TU_US_NONCREDIT_TRUAUDIENCE_PROD,"{""environment"":""Production"",""team"":""TruAudience""}"
TU_US_NONCREDIT_TRUAUDIENCE_PROD,TU_US_NONCREDIT_TRUAUDIENCE_PROD,2026-07-01,2026-08-01,Usage,2026-07-14,2026-07-15,25.136724,60.06,Snowflake,AWS_US_EAST_1,TU_US_NONCREDIT_TRUAUDIENCE_PROD,SERVERLESS_TASK,SERVERLESS_TASK,TU_US_NONCREDIT_TRUAUDIENCE_PROD,TU_US_NONCREDIT_TRUAUDIENCE_PROD,"{""environment"":""Production"",""team"":""TruAudience""}"
TU_US_NONCREDIT_TRUAUDIENCE_PROD,TU_US_NONCREDIT_TRUAUDIENCE_PROD,2026-07-01,2026-08-01,Usage,2026-07-14,2026-07-15,1.588043,3.79,Snowflake,AWS_US_EAST_1,TU_US_NONCREDIT_TRUAUDIENCE_PROD,TRUST_CENTER,TRUST_CENTER,TU_US_NONCREDIT_TRUAUDIENCE_PROD,TU_US_NONCREDIT_TRUAUDIENCE_PROD,"{""environment"":""Production"",""team"":""TruAudience""}"
TU_US_NONCREDIT_TRUAUDIENCE_PROD,TU_US_NONCREDIT_TRUAUDIENCE_PROD,2026-07-01,2026-08-01,Usage,2026-07-14,2026-07-15,0.025049,0.06,Snowflake,AWS_US_EAST_1,TU_US_NONCREDIT_TRUAUDIENCE_PROD,COPY_FILES,COPY_FILES,TU_US_NONCREDIT_TRUAUDIENCE_PROD,TU_US_NONCREDIT_TRUAUDIENCE_PROD,"{""environment"":""Production"",""team"":""TruAudience""}"
TU_US_NONCREDIT_TRUAUDIENCE_PROD,TU_US_NONCREDIT_TRUAUDIENCE_PROD,2026-07-01,2026-08-01,Usage,2026-07-14,2026-07-15,0.014996,0.04,Snowflake,AWS_US_EAST_1,TU_US_NONCREDIT_TRUAUDIENCE_PROD,AUTO_CLUSTERING,AUTO_CLUSTERING,TU_US_NONCREDIT_TRUAUDIENCE_PROD,TU_US_NONCREDIT_TRUAUDIENCE_PROD,"{""environment"":""Production"",""team"":""TruAudience""}"
TU_US_NONCREDIT_TRUAUDIENCE_PROD,TU_US_NONCREDIT_TRUAUDIENCE_PROD,2026-07-01,2026-08-01,Usage,2026-07-14,2026-07-15,0.002041,0.00,Snowflake,AWS_US_EAST_1,TU_US_NONCREDIT_TRUAUDIENCE_PROD,TELEMETRY_DATA_INGEST,TELEMETRY_DATA_INGEST,TU_US_NONCREDIT_TRUAUDIENCE_PROD,TU_US_NONCREDIT_TRUAUDIENCE_PROD,"{""environment"":""Production"",""team"":""TruAudience""}"
TU_US_NONCREDIT_TRUAUDIENCE_PROD,TU_US_NONCREDIT_TRUAUDIENCE_PROD,2026-07-01,2026-08-01,Usage,2026-07-13,2026-07-14,71.188489,170.09,Snowflake,AWS_US_EAST_1,TU_US_NONCREDIT_TRUAUDIENCE_PROD,WAREHOUSE_METERING,WAREHOUSE_METERING,TU_US_NONCREDIT_TRUAUDIENCE_PROD,TU_US_NONCREDIT_TRUAUDIENCE_PROD,"{""environment"":""Production"",""team"":""TruAudience""}"
TU_US_NONCREDIT_TRUAUDIENCE_PROD,TU_US_NONCREDIT_TRUAUDIENCE_PROD,2026-07-01,2026-08-01,Usage,2026-07-13,2026-07-14,27.115006,64.79,Snowflake,AWS_US_EAST_1,TU_US_NONCREDIT_TRUAUDIENCE_PROD,SERVERLESS_TASK,SERVERLESS_TASK,TU_US_NONCREDIT_TRUAUDIENCE_PROD,TU_US_NONCREDIT_TRUAUDIENCE_PROD,"{""environment"":""Production"",""team"":""TruAudience""}"
TU_US_NONCREDIT_TRUAUDIENCE_PROD,TU_US_NONCREDIT_TRUAUDIENCE_PROD,2026-07-01,2026-08-01,Usage,2026-07-13,2026-07-14,2.954237,7.06,Snowflake,AWS_US_EAST_1,TU_US_NONCREDIT_TRUAUDIENCE_PROD,AUTO_CLUSTERING,AUTO_CLUSTERING,TU_US_NONCREDIT_TRUAUDIENCE_PROD,TU_US_NONCREDIT_TRUAUDIENCE_PROD,"{""environment"":""Production"",""team"":""TruAudience""}"
TU_US_NONCREDIT_TRUAUDIENCE_PROD,TU_US_NONCREDIT_TRUAUDIENCE_PROD,2026-07-01,2026-08-01,Usage,2026-07-13,2026-07-14,1.668706,3.99,Snowflake,AWS_US_EAST_1,TU_US_NONCREDIT_TRUAUDIENCE_PROD,TRUST_CENTER,TRUST_CENTER,TU_US_NONCREDIT_TRUAUDIENCE_PROD,TU_US_NONCREDIT_TRUAUDIENCE_PROD,"{""environment"":""Production"",""team"":""TruAudience""}"
TU_US_NONCREDIT_TRUAUDIENCE_PROD,TU_US_NONCREDIT_TRUAUDIENCE_PROD,2026-07-01,2026-08-01,Usage,2026-07-13,2026-07-14,0.011287,0.03,Snowflake,AWS_US_EAST_1,TU_US_NONCREDIT_TRUAUDIENCE_PROD,COPY_FILES,COPY_FILES,TU_US_NONCREDIT_TRUAUDIENCE_PROD,TU_US_NONCREDIT_TRUAUDIENCE_PROD,"{""environment"":""Production"",""team"":""TruAudience""}"
TU_US_NONCREDIT_TRUAUDIENCE_PROD,TU_US_NONCREDIT_TRUAUDIENCE_PROD,2026-07-01,2026-08-01,Usage,2026-07-13,2026-07-14,0.000125,0.00,Snowflake,AWS_US_EAST_1,TU_US_NONCREDIT_TRUAUDIENCE_PROD,AI_INFERENCE,AI_INFERENCE,TU_US_NONCREDIT_TRUAUDIENCE_PROD,TU_US_NONCREDIT_TRUAUDIENCE_PROD,"{""environment"":""Production"",""team"":""TruAudience""}"
TU_US_NONCREDIT_TRUAUDIENCE_PROD,TU_US_NONCREDIT_TRUAUDIENCE_PROD,2026-07-01,2026-08-01,Usage,2026-07-13,2026-07-14,0.002064,0.00,Snowflake,AWS_US_EAST_1,TU_US_NONCREDIT_TRUAUDIENCE_PROD,TELEMETRY_DATA_INGEST,TELEMETRY_DATA_INGEST,TU_US_NONCREDIT_TRUAUDIENCE_PROD,TU_US_NONCREDIT_TRUAUDIENCE_PROD,"{""environment"":""Production"",""team"":""TruAudience""}"
TU_US_NONCREDIT_TRUAUDIENCE_PROD,TU_US_NONCREDIT_TRUAUDIENCE_PROD,2026-07-01,2026-08-01,Usage,2026-07-12,2026-07-13,127.200441,303.93,Snowflake,AWS_US_EAST_1,TU_US_NONCREDIT_TRUAUDIENCE_PROD,WAREHOUSE_METERING,WAREHOUSE_METERING,TU_US_NONCREDIT_TRUAUDIENCE_PROD,TU_US_NONCREDIT_TRUAUDIENCE_PROD,"{""environment"":""Production"",""team"":""TruAudience""}"
TU_US_NONCREDIT_TRUAUDIENCE_PROD,TU_US_NONCREDIT_TRUAUDIENCE_PROD,2026-07-01,2026-08-01,Usage,2026-07-12,2026-07-13,30.035223,71.76,Snowflake,AWS_US_EAST_1,TU_US_NONCREDIT_TRUAUDIENCE_PROD,SERVERLESS_TASK,SERVERLESS_TASK,TU_US_NONCREDIT_TRUAUDIENCE_PROD,TU_US_NONCREDIT_TRUAUDIENCE_PROD,"{""environment"":""Production"",""team"":""TruAudience""}"
TU_US_NONCREDIT_TRUAUDIENCE_PROD,TU_US_NONCREDIT_TRUAUDIENCE_PROD,2026-07-01,2026-08-01,Usage,2026-07-12,2026-07-13,1.842227,4.40,Snowflake,AWS_US_EAST_1,TU_US_NONCREDIT_TRUAUDIENCE_PROD,TRUST_CENTER,TRUST_CENTER,TU_US_NONCREDIT_TRUAUDIENCE_PROD,TU_US_NONCREDIT_TRUAUDIENCE_PROD,"{""environment"":""Production"",""team"":""TruAudience""}"
TU_US_NONCREDIT_TRUAUDIENCE_PROD,TU_US_NONCREDIT_TRUAUDIENCE_PROD,2026-07-01,2026-08-01,Usage,2026-07-12,2026-07-13,0.016883,0.04,Snowflake,AWS_US_EAST_1,TU_US_NONCREDIT_TRUAUDIENCE_PROD,AUTO_CLUSTERING,AUTO_CLUSTERING,TU_US_NONCREDIT_TRUAUDIENCE_PROD,TU_US_NONCREDIT_TRUAUDIENCE_PROD,"{""environment"":""Production"",""team"":""TruAudience""}"
TU_US_NONCREDIT_TRUAUDIENCE_PROD,TU_US_NONCREDIT_TRUAUDIENCE_PROD,2026-07-01,2026-08-01,Usage,2026-07-12,2026-07-13,0.008421,0.02,Snowflake,AWS_US_EAST_1,TU_US_NONCREDIT_TRUAUDIENCE_PROD,TELEMETRY_DATA_INGEST,TELEMETRY_DATA_INGEST,TU_US_NONCREDIT_TRUAUDIENCE_PROD,TU_US_NONCREDIT_TRUAUDIENCE_PROD,"{""environment"":""Production"",""team"":""TruAudience""}"
TU_US_NONCREDIT_TRUAUDIENCE_PROD,TU_US_NONCREDIT_TRUAUDIENCE_PROD,2026-07-01,2026-08-01,Usage,2026-07-12,2026-07-13,0.000231,0.00,Snowflake,AWS_US_EAST_1,TU_US_NONCREDIT_TRUAUDIENCE_PROD,AI_INFERENCE,AI_INFERENCE,TU_US_NONCREDIT_TRUAUDIENCE_PROD,TU_US_NONCREDIT_TRUAUDIENCE_PROD,"{""environment"":""Production"",""team"":""TruAudience""}"
TU_US_NONCREDIT_TRUAUDIENCE_PROD,TU_US_NONCREDIT_TRUAUDIENCE_PROD,2026-07-01,2026-08-01,Usage,2026-07-11,2026-07-12,88.670519,211.85,Snowflake,AWS_US_EAST_1,TU_US_NONCREDIT_TRUAUDIENCE_PROD,WAREHOUSE_METERING,WAREHOUSE_METERING,TU_US_NONCREDIT_TRUAUDIENCE_PROD,TU_US_NONCREDIT_TRUAUDIENCE_PROD,"{""environment"":""Production"",""team"":""TruAudience""}"
TU_US_NONCREDIT_TRUAUDIENCE_PROD,TU_US_NONCREDIT_TRUAUDIENCE_PROD,2026-07-01,2026-08-01,Usage,2026-07-11,2026-07-12,26.955789,64.40,Snowflake,AWS_US_EAST_1,TU_US_NONCREDIT_TRUAUDIENCE_PROD,SERVERLESS_TASK,SERVERLESS_TASK,TU_US_NONCREDIT_TRUAUDIENCE_PROD,TU_US_NONCREDIT_TRUAUDIENCE_PROD,"{""environment"":""Production"",""team"":""TruAudience""}"
TU_US_NONCREDIT_TRUAUDIENCE_PROD,TU_US_NONCREDIT_TRUAUDIENCE_PROD,2026-07-01,2026-08-01,Usage,2026-07-11,2026-07-12,1.811441,4.33,Snowflake,AWS_US_EAST_1,TU_US_NONCREDIT_TRUAUDIENCE_PROD,TRUST_CENTER,TRUST_CENTER,TU_US_NONCREDIT_TRUAUDIENCE_PROD,TU_US_NONCREDIT_TRUAUDIENCE_PROD,"{""environment"":""Production"",""team"":""TruAudience""}"
TU_US_NONCREDIT_TRUAUDIENCE_PROD,TU_US_NONCREDIT_TRUAUDIENCE_PROD,2026-07-01,2026-08-01,Usage,2026-07-11,2026-07-12,0.013392,0.03,Snowflake,AWS_US_EAST_1,TU_US_NONCREDIT_TRUAUDIENCE_PROD,AUTO_CLUSTERING,AUTO_CLUSTERING,TU_US_NONCREDIT_TRUAUDIENCE_PROD,TU_US_NONCREDIT_TRUAUDIENCE_PROD,"{""environment"":""Production"",""team"":""TruAudience""}"
TU_US_NONCREDIT_TRUAUDIENCE_PROD,TU_US_NONCREDIT_TRUAUDIENCE_PROD,2026-07-01,2026-08-01,Usage,2026-07-11,2026-07-12,0.002124,0.01,Snowflake,AWS_US_EAST_1,TU_US_NONCREDIT_TRUAUDIENCE_PROD,TELEMETRY_DATA_INGEST,TELEMETRY_DATA_INGEST,TU_US_NONCREDIT_TRUAUDIENCE_PROD,TU_US_NONCREDIT_TRUAUDIENCE_PROD,"{""environment"":""Production"",""team"":""TruAudience""}"
TU_US_NONCREDIT_TRUAUDIENCE_PROD,TU_US_NONCREDIT_TRUAUDIENCE_PROD,2026-07-01,2026-08-01,Usage,2026-07-11,2026-07-12,0.000063,0.00,Snowflake,AWS_US_EAST_1,TU_US_NONCREDIT_TRUAUDIENCE_PROD,AI_INFERENCE,AI_INFERENCE,TU_US_NONCREDIT_TRUAUDIENCE_PROD,TU_US_NONCREDIT_TRUAUDIENCE_PROD,"{""environment"":""Production"",""team"":""TruAudience""}"
TU_US_NONCREDIT_TRUAUDIENCE_PROD,TU_US_NONCREDIT_TRUAUDIENCE_PROD,2026-07-01,2026-08-01,Usage,2026-07-10,2026-07-11,92.097108,220.05,Snowflake,AWS_US_EAST_1,TU_US_NONCREDIT_TRUAUDIENCE_PROD,WAREHOUSE_METERING,WAREHOUSE_METERING,TU_US_NONCREDIT_TRUAUDIENCE_PROD,TU_US_NONCREDIT_TRUAUDIENCE_PROD,"{""environment"":""Production"",""team"":""TruAudience""}"
TU_US_NONCREDIT_TRUAUDIENCE_PROD,TU_US_NONCREDIT_TRUAUDIENCE_PROD,2026-07-01,2026-08-01,Usage,2026-07-10,2026-07-11,26.384268,63.04,Snowflake,AWS_US_EAST_1,TU_US_NONCREDIT_TRUAUDIENCE_PROD,SERVERLESS_TASK,SERVERLESS_TASK,TU_US_NONCREDIT_TRUAUDIENCE_PROD,TU_US_NONCREDIT_TRUAUDIENCE_PROD,"{""environment"":""Production"",""team"":""TruAudience""}"
TU_US_NONCREDIT_TRUAUDIENCE_PROD,TU_US_NONCREDIT_TRUAUDIENCE_PROD,2026-07-01,2026-08-01,Usage,2026-07-10,2026-07-11,1.787931,4.27,Snowflake,AWS_US_EAST_1,TU_US_NONCREDIT_TRUAUDIENCE_PROD,TRUST_CENTER,TRUST_CENTER,TU_US_NONCREDIT_TRUAUDIENCE_PROD,TU_US_NONCREDIT_TRUAUDIENCE_PROD,"{""environment"":""Production"",""team"":""TruAudience""}"
TU_US_NONCREDIT_TRUAUDIENCE_PROD,TU_US_NONCREDIT_TRUAUDIENCE_PROD,2026-07-01,2026-08-01,Usage,2026-07-10,2026-07-11,0.907193,2.17,Snowflake,AWS_US_EAST_1,TU_US_NONCREDIT_TRUAUDIENCE_PROD,PIPE,PIPE,TU_US_NONCREDIT_TRUAUDIENCE_PROD,TU_US_NONCREDIT_TRUAUDIENCE_PROD,"{""environment"":""Production"",""team"":""TruAudience""}"
TU_US_NONCREDIT_TRUAUDIENCE_PROD,TU_US_NONCREDIT_TRUAUDIENCE_PROD,2026-07-01,2026-08-01,Usage,2026-07-10,2026-07-11,0.021142,0.05,Snowflake,AWS_US_EAST_1,TU_US_NONCREDIT_TRUAUDIENCE_PROD,TELEMETRY_DATA_INGEST,TELEMETRY_DATA_INGEST,TU_US_NONCREDIT_TRUAUDIENCE_PROD,TU_US_NONCREDIT_TRUAUDIENCE_PROD,"{""environment"":""Production"",""team"":""TruAudience""}"
TU_US_NONCREDIT_TRUAUDIENCE_PROD,TU_US_NONCREDIT_TRUAUDIENCE_PROD,2026-07-01,2026-08-01,Usage,2026-07-10,2026-07-11,0.013488,0.03,Snowflake,AWS_US_EAST_1,TU_US_NONCREDIT_TRUAUDIENCE_PROD,AUTO_CLUSTERING,AUTO_CLUSTERING,TU_US_NONCREDIT_TRUAUDIENCE_PROD,TU_US_NONCREDIT_TRUAUDIENCE_PROD,"{""environment"":""Production"",""team"":""TruAudience""}"
TU_US_NONCREDIT_TRUAUDIENCE_PROD,TU_US_NONCREDIT_TRUAUDIENCE_PROD,2026-07-01,2026-08-01,Usage,2026-07-10,2026-07-11,0.003454,0.01,Snowflake,AWS_US_EAST_1,TU_US_NONCREDIT_TRUAUDIENCE_PROD,COPY_FILES,COPY_FILES,TU_US_NONCREDIT_TRUAUDIENCE_PROD,TU_US_NONCREDIT_TRUAUDIENCE_PROD,"{""environment"":""Production"",""team"":""TruAudience""}"
TU_US_NONCREDIT_TRUAUDIENCE_PROD,TU_US_NONCREDIT_TRUAUDIENCE_PROD,2026-07-01,2026-08-01,Usage,2026-07-10,2026-07-11,0.000123,0.00,Snowflake,AWS_US_EAST_1,TU_US_NONCREDIT_TRUAUDIENCE_PROD,AI_INFERENCE,AI_INFERENCE,TU_US_NONCREDIT_TRUAUDIENCE_PROD,TU_US_NONCREDIT_TRUAUDIENCE_PROD,"{""environment"":""Production"",""team"":""TruAudience""}"
TU_US_NONCREDIT_TRUAUDIENCE_PROD,TU_US_NONCREDIT_TRUAUDIENCE_PROD,2026-07-01,2026-08-01,Usage,2026-07-09,2026-07-10,137.487128,328.50,Snowflake,AWS_US_EAST_1,TU_US_NONCREDIT_TRUAUDIENCE_PROD,WAREHOUSE_METERING,WAREHOUSE_METERING,TU_US_NONCREDIT_TRUAUDIENCE_PROD,TU_US_NONCREDIT_TRUAUDIENCE_PROD,"{""environment"":""Production"",""team"":""TruAudience""}"
TU_US_NONCREDIT_TRUAUDIENCE_PROD,TU_US_NONCREDIT_TRUAUDIENCE_PROD,2026-07-01,2026-08-01,Usage,2026-07-09,2026-07-10,26.788497,64.01,Snowflake,AWS_US_EAST_1,TU_US_NONCREDIT_TRUAUDIENCE_PROD,SERVERLESS_TASK,SERVERLESS_TASK,TU_US_NONCREDIT_TRUAUDIENCE_PROD,TU_US_NONCREDIT_TRUAUDIENCE_PROD,"{""environment"":""Production"",""team"":""TruAudience""}"
TU_US_NONCREDIT_TRUAUDIENCE_PROD,TU_US_NONCREDIT_TRUAUDIENCE_PROD,2026-07-01,2026-08-01,Usage,2026-07-09,2026-07-10,1.886576,4.51,Snowflake,AWS_US_EAST_1,TU_US_NONCREDIT_TRUAUDIENCE_PROD,TRUST_CENTER,TRUST_CENTER,TU_US_NONCREDIT_TRUAUDIENCE_PROD,TU_US_NONCREDIT_TRUAUDIENCE_PROD,"{""environment"":""Production"",""team"":""TruAudience""}"
TU_US_NONCREDIT_TRUAUDIENCE_PROD,TU_US_NONCREDIT_TRUAUDIENCE_PROD,2026-07-01,2026-08-01,Usage,2026-07-09,2026-07-10,0.032891,0.08,Snowflake,AWS_US_EAST_1,TU_US_NONCREDIT_TRUAUDIENCE_PROD,AUTO_CLUSTERING,AUTO_CLUSTERING,TU_US_NONCREDIT_TRUAUDIENCE_PROD,TU_US_NONCREDIT_TRUAUDIENCE_PROD,"{""environment"":""Production"",""team"":""TruAudience""}"
TU_US_NONCREDIT_TRUAUDIENCE_PROD,TU_US_NONCREDIT_TRUAUDIENCE_PROD,2026-07-01,2026-08-01,Usage,2026-07-09,2026-07-10,0.020865,0.05,Snowflake,AWS_US_EAST_1,TU_US_NONCREDIT_TRUAUDIENCE_PROD,COPY_FILES,COPY_FILES,TU_US_NONCREDIT_TRUAUDIENCE_PROD,TU_US_NONCREDIT_TRUAUDIENCE_PROD,"{""environment"":""Production"",""team"":""TruAudience""}"
TU_US_NONCREDIT_TRUAUDIENCE_PROD,TU_US_NONCREDIT_TRUAUDIENCE_PROD,2026-07-01,2026-08-01,Usage,2026-07-09,2026-07-10,0.002107,0.01,Snowflake,AWS_US_EAST_1,TU_US_NONCREDIT_TRUAUDIENCE_PROD,TELEMETRY_DATA_INGEST,TELEMETRY_DATA_INGEST,TU_US_NONCREDIT_TRUAUDIENCE_PROD,TU_US_NONCREDIT_TRUAUDIENCE_PROD,"{""environment"":""Production"",""team"":""TruAudience""}"
TU_US_NONCREDIT_TRUAUDIENCE_PROD,TU_US_NONCREDIT_TRUAUDIENCE_PROD,2026-07-01,2026-08-01,Usage,2026-07-09,2026-07-10,0.000445,0.00,Snowflake,AWS_US_EAST_1,TU_US_NONCREDIT_TRUAUDIENCE_PROD,AI_INFERENCE,AI_INFERENCE,TU_US_NONCREDIT_TRUAUDIENCE_PROD,TU_US_NONCREDIT_TRUAUDIENCE_PROD,"{""environment"":""Production"",""team"":""TruAudience""}"
TU_US_NONCREDIT_TRUAUDIENCE_PROD,TU_US_NONCREDIT_TRUAUDIENCE_PROD,2026-07-01,2026-08-01,Usage,2026-07-08,2026-07-09,233.326991,557.50,Snowflake,AWS_US_EAST_1,TU_US_NONCREDIT_TRUAUDIENCE_PROD,WAREHOUSE_METERING,WAREHOUSE_METERING,TU_US_NONCREDIT_TRUAUDIENCE_PROD,TU_US_NONCREDIT_TRUAUDIENCE_PROD,"{""environment"":""Production"",""team"":""TruAudience""}"
TU_US_NONCREDIT_TRUAUDIENCE_PROD,TU_US_NONCREDIT_TRUAUDIENCE_PROD,2026-07-01,2026-08-01,Usage,2026-07-08,2026-07-09,28.003536,66.91,Snowflake,AWS_US_EAST_1,TU_US_NONCREDIT_TRUAUDIENCE_PROD,SERVERLESS_TASK,SERVERLESS_TASK,TU_US_NONCREDIT_TRUAUDIENCE_PROD,TU_US_NONCREDIT_TRUAUDIENCE_PROD,"{""environment"":""Production"",""team"":""TruAudience""}"
TU_US_NONCREDIT_TRUAUDIENCE_PROD,TU_US_NONCREDIT_TRUAUDIENCE_PROD,2026-07-01,2026-08-01,Usage,2026-07-08,2026-07-09,1.737167,4.15,Snowflake,AWS_US_EAST_1,TU_US_NONCREDIT_TRUAUDIENCE_PROD,TRUST_CENTER,TRUST_CENTER,TU_US_NONCREDIT_TRUAUDIENCE_PROD,TU_US_NONCREDIT_TRUAUDIENCE_PROD,"{""environment"":""Production"",""team"":""TruAudience""}"
TU_US_NONCREDIT_TRUAUDIENCE_PROD,TU_US_NONCREDIT_TRUAUDIENCE_PROD,2026-07-01,2026-08-01,Usage,2026-07-08,2026-07-09,0.013494,0.03,Snowflake,AWS_US_EAST_1,TU_US_NONCREDIT_TRUAUDIENCE_PROD,AUTO_CLUSTERING,AUTO_CLUSTERING,TU_US_NONCREDIT_TRUAUDIENCE_PROD,TU_US_NONCREDIT_TRUAUDIENCE_PROD,"{""environment"":""Production"",""team"":""TruAudience""}"
TU_US_NONCREDIT_TRUAUDIENCE_PROD,TU_US_NONCREDIT_TRUAUDIENCE_PROD,2026-07-01,2026-08-01,Usage,2026-07-08,2026-07-09,0.003146,0.01,Snowflake,AWS_US_EAST_1,TU_US_NONCREDIT_TRUAUDIENCE_PROD,COPY_FILES,COPY_FILES,TU_US_NONCREDIT_TRUAUDIENCE_PROD,TU_US_NONCREDIT_TRUAUDIENCE_PROD,"{""environment"":""Production"",""team"":""TruAudience""}"
TU_US_NONCREDIT_TRUAUDIENCE_PROD,TU_US_NONCREDIT_TRUAUDIENCE_PROD,2026-07-01,2026-08-01,Usage,2026-07-08,2026-07-09,0.002093,0.01,Snowflake,AWS_US_EAST_1,TU_US_NONCREDIT_TRUAUDIENCE_PROD,TELEMETRY_DATA_INGEST,TELEMETRY_DATA_INGEST,TU_US_NONCREDIT_TRUAUDIENCE_PROD,TU_US_NONCREDIT_TRUAUDIENCE_PROD,"{""environment"":""Production"",""team"":""TruAudience""}"
TU_US_NONCREDIT_TRUAUDIENCE_PROD,TU_US_NONCREDIT_TRUAUDIENCE_PROD,2026-07-01,2026-08-01,Usage,2026-07-08,2026-07-09,0.000789,0.00,Snowflake,AWS_US_EAST_1,TU_US_NONCREDIT_TRUAUDIENCE_PROD,AI_INFERENCE,AI_INFERENCE,TU_US_NONCREDIT_TRUAUDIENCE_PROD,TU_US_NONCREDIT_TRUAUDIENCE_PROD,"{""environment"":""Production"",""team"":""TruAudience""}"
TU_US_NONCREDIT_TRUAUDIENCE_PROD,TU_US_NONCREDIT_TRUAUDIENCE_PROD,2026-07-01,2026-08-01,Usage,2026-07-07,2026-07-08,69.679379,166.48,Snowflake,AWS_US_EAST_1,TU_US_NONCREDIT_TRUAUDIENCE_PROD,WAREHOUSE_METERING,WAREHOUSE_METERING,TU_US_NONCREDIT_TRUAUDIENCE_PROD,TU_US_NONCREDIT_TRUAUDIENCE_PROD,"{""environment"":""Production"",""team"":""TruAudience""}"
TU_US_NONCREDIT_TRUAUDIENCE_PROD,TU_US_NONCREDIT_TRUAUDIENCE_PROD,2026-07-01,2026-08-01,Usage,2026-07-07,2026-07-08,27.740582,66.28,Snowflake,AWS_US_EAST_1,TU_US_NONCREDIT_TRUAUDIENCE_PROD,SERVERLESS_TASK,SERVERLESS_TASK,TU_US_NONCREDIT_TRUAUDIENCE_PROD,TU_US_NONCREDIT_TRUAUDIENCE_PROD,"{""environment"":""Production"",""team"":""TruAudience""}"
TU_US_NONCREDIT_TRUAUDIENCE_PROD,TU_US_NONCREDIT_TRUAUDIENCE_PROD,2026-07-01,2026-08-01,Usage,2026-07-07,2026-07-08,1.620367,3.87,Snowflake,AWS_US_EAST_1,TU_US_NONCREDIT_TRUAUDIENCE_PROD,TRUST_CENTER,TRUST_CENTER,TU_US_NONCREDIT_TRUAUDIENCE_PROD,TU_US_NONCREDIT_TRUAUDIENCE_PROD,"{""environment"":""Production"",""team"":""TruAudience""}"
TU_US_NONCREDIT_TRUAUDIENCE_PROD,TU_US_NONCREDIT_TRUAUDIENCE_PROD,2026-07-01,2026-08-01,Usage,2026-07-07,2026-07-08,0.011766,0.03,Snowflake,AWS_US_EAST_1,TU_US_NONCREDIT_TRUAUDIENCE_PROD,AUTO_CLUSTERING,AUTO_CLUSTERING,TU_US_NONCREDIT_TRUAUDIENCE_PROD,TU_US_NONCREDIT_TRUAUDIENCE_PROD,"{""environment"":""Production"",""team"":""TruAudience""}"
TU_US_NONCREDIT_TRUAUDIENCE_PROD,TU_US_NONCREDIT_TRUAUDIENCE_PROD,2026-07-01,2026-08-01,Usage,2026-07-07,2026-07-08,0.002036,0.00,Snowflake,AWS_US_EAST_1,TU_US_NONCREDIT_TRUAUDIENCE_PROD,TELEMETRY_DATA_INGEST,TELEMETRY_DATA_INGEST,TU_US_NONCREDIT_TRUAUDIENCE_PROD,TU_US_NONCREDIT_TRUAUDIENCE_PROD,"{""environment"":""Production"",""team"":""TruAudience""}"
TU_US_NONCREDIT_TRUAUDIENCE_PROD,TU_US_NONCREDIT_TRUAUDIENCE_PROD,2026-07-01,2026-08-01,Usage,2026-07-06,2026-07-07,72.313167,172.78,Snowflake,AWS_US_EAST_1,TU_US_NONCREDIT_TRUAUDIENCE_PROD,WAREHOUSE_METERING,WAREHOUSE_METERING,TU_US_NONCREDIT_TRUAUDIENCE_PROD,TU_US_NONCREDIT_TRUAUDIENCE_PROD,"{""environment"":""Production"",""team"":""TruAudience""}"
TU_US_NONCREDIT_TRUAUDIENCE_PROD,TU_US_NONCREDIT_TRUAUDIENCE_PROD,2026-07-01,2026-08-01,Usage,2026-07-06,2026-07-07,22.202393,53.05,Snowflake,AWS_US_EAST_1,TU_US_NONCREDIT_TRUAUDIENCE_PROD,SERVERLESS_TASK,SERVERLESS_TASK,TU_US_NONCREDIT_TRUAUDIENCE_PROD,TU_US_NONCREDIT_TRUAUDIENCE_PROD,"{""environment"":""Production"",""team"":""TruAudience""}"
TU_US_NONCREDIT_TRUAUDIENCE_PROD,TU_US_NONCREDIT_TRUAUDIENCE_PROD,2026-07-01,2026-08-01,Usage,2026-07-06,2026-07-07,1.587389,3.79,Snowflake,AWS_US_EAST_1,TU_US_NONCREDIT_TRUAUDIENCE_PROD,TRUST_CENTER,TRUST_CENTER,TU_US_NONCREDIT_TRUAUDIENCE_PROD,TU_US_NONCREDIT_TRUAUDIENCE_PROD,"{""environment"":""Production"",""team"":""TruAudience""}"
TU_US_NONCREDIT_TRUAUDIENCE_PROD,TU_US_NONCREDIT_TRUAUDIENCE_PROD,2026-07-01,2026-08-01,Usage,2026-07-06,2026-07-07,0.012207,0.03,Snowflake,AWS_US_EAST_1,TU_US_NONCREDIT_TRUAUDIENCE_PROD,AUTO_CLUSTERING,AUTO_CLUSTERING,TU_US_NONCREDIT_TRUAUDIENCE_PROD,TU_US_NONCREDIT_TRUAUDIENCE_PROD,"{""environment"":""Production"",""team"":""TruAudience""}"
TU_US_NONCREDIT_TRUAUDIENCE_PROD,TU_US_NONCREDIT_TRUAUDIENCE_PROD,2026-07-01,2026-08-01,Usage,2026-07-06,2026-07-07,0.002042,0.00,Snowflake,AWS_US_EAST_1,TU_US_NONCREDIT_TRUAUDIENCE_PROD,TELEMETRY_DATA_INGEST,TELEMETRY_DATA_INGEST,TU_US_NONCREDIT_TRUAUDIENCE_PROD,TU_US_NONCREDIT_TRUAUDIENCE_PROD,"{""environment"":""Production"",""team"":""TruAudience""}"
TU_US_NONCREDIT_TRUAUDIENCE_PROD,TU_US_NONCREDIT_TRUAUDIENCE_PROD,2026-07-01,2026-08-01,Usage,2026-07-05,2026-07-06,303.693095,725.57,Snowflake,AWS_US_EAST_1,TU_US_NONCREDIT_TRUAUDIENCE_PROD,WAREHOUSE_METERING,WAREHOUSE_METERING,TU_US_NONCREDIT_TRUAUDIENCE_PROD,TU_US_NONCREDIT_TRUAUDIENCE_PROD,"{""environment"":""Production"",""team"":""TruAudience""}"
TU_US_NONCREDIT_TRUAUDIENCE_PROD,TU_US_NONCREDIT_TRUAUDIENCE_PROD,2026-07-01,2026-08-01,Usage,2026-07-05,2026-07-06,77.858016,186.03,Snowflake,AWS_US_EAST_1,TU_US_NONCREDIT_TRUAUDIENCE_PROD,AUTO_CLUSTERING,AUTO_CLUSTERING,TU_US_NONCREDIT_TRUAUDIENCE_PROD,TU_US_NONCREDIT_TRUAUDIENCE_PROD,"{""environment"":""Production"",""team"":""TruAudience""}"
TU_US_NONCREDIT_TRUAUDIENCE_PROD,TU_US_NONCREDIT_TRUAUDIENCE_PROD,2026-07-01,2026-08-01,Usage,2026-07-05,2026-07-06,28.794578,68.80,Snowflake,AWS_US_EAST_1,TU_US_NONCREDIT_TRUAUDIENCE_PROD,SERVERLESS_TASK,SERVERLESS_TASK,TU_US_NONCREDIT_TRUAUDIENCE_PROD,TU_US_NONCREDIT_TRUAUDIENCE_PROD,"{""environment"":""Production"",""team"":""TruAudience""}"
TU_US_NONCREDIT_TRUAUDIENCE_PROD,TU_US_NONCREDIT_TRUAUDIENCE_PROD,2026-07-01,2026-08-01,Usage,2026-07-05,2026-07-06,1.709905,4.09,Snowflake,AWS_US_EAST_1,TU_US_NONCREDIT_TRUAUDIENCE_PROD,TRUST_CENTER,TRUST_CENTER,TU_US_NONCREDIT_TRUAUDIENCE_PROD,TU_US_NONCREDIT_TRUAUDIENCE_PROD,"{""environment"":""Production"",""team"":""TruAudience""}"
TU_US_NONCREDIT_TRUAUDIENCE_PROD,TU_US_NONCREDIT_TRUAUDIENCE_PROD,2026-07-01,2026-08-01,Usage,2026-07-05,2026-07-06,0.015717,0.04,Snowflake,AWS_US_EAST_1,TU_US_NONCREDIT_TRUAUDIENCE_PROD,COPY_FILES,COPY_FILES,TU_US_NONCREDIT_TRUAUDIENCE_PROD,TU_US_NONCREDIT_TRUAUDIENCE_PROD,"{""environment"":""Production"",""team"":""TruAudience""}"
TU_US_NONCREDIT_TRUAUDIENCE_PROD,TU_US_NONCREDIT_TRUAUDIENCE_PROD,2026-07-01,2026-08-01,Usage,2026-07-05,2026-07-06,0.002060,0.00,Snowflake,AWS_US_EAST_1,TU_US_NONCREDIT_TRUAUDIENCE_PROD,TELEMETRY_DATA_INGEST,TELEMETRY_DATA_INGEST,TU_US_NONCREDIT_TRUAUDIENCE_PROD,TU_US_NONCREDIT_TRUAUDIENCE_PROD,"{""environment"":""Production"",""team"":""TruAudience""}"
TU_US_NONCREDIT_TRUAUDIENCE_PROD,TU_US_NONCREDIT_TRUAUDIENCE_PROD,2026-07-01,2026-08-01,Usage,2026-07-05,2026-07-06,0.000126,0.00,Snowflake,AWS_US_EAST_1,TU_US_NONCREDIT_TRUAUDIENCE_PROD,AI_INFERENCE,AI_INFERENCE,TU_US_NONCREDIT_TRUAUDIENCE_PROD,TU_US_NONCREDIT_TRUAUDIENCE_PROD,"{""environment"":""Production"",""team"":""TruAudience""}"
TU_US_NONCREDIT_TRUAUDIENCE_PROD,TU_US_NONCREDIT_TRUAUDIENCE_PROD,2026-07-01,2026-08-01,Usage,2026-07-04,2026-07-05,191.746274,458.12,Snowflake,AWS_US_EAST_1,TU_US_NONCREDIT_TRUAUDIENCE_PROD,WAREHOUSE_METERING,WAREHOUSE_METERING,TU_US_NONCREDIT_TRUAUDIENCE_PROD,TU_US_NONCREDIT_TRUAUDIENCE_PROD,"{""environment"":""Production"",""team"":""TruAudience""}"
TU_US_NONCREDIT_TRUAUDIENCE_PROD,TU_US_NONCREDIT_TRUAUDIENCE_PROD,2026-07-01,2026-08-01,Usage,2026-07-04,2026-07-05,25.190262,60.18,Snowflake,AWS_US_EAST_1,TU_US_NONCREDIT_TRUAUDIENCE_PROD,QUERY_ACCELERATION,QUERY_ACCELERATION,TU_US_NONCREDIT_TRUAUDIENCE_PROD,TU_US_NONCREDIT_TRUAUDIENCE_PROD,"{""environment"":""Production"",""team"":""TruAudience""}"
TU_US_NONCREDIT_TRUAUDIENCE_PROD,TU_US_NONCREDIT_TRUAUDIENCE_PROD,2026-07-01,2026-08-01,Usage,2026-07-04,2026-07-05,24.010352,57.36,Snowflake,AWS_US_EAST_1,TU_US_NONCREDIT_TRUAUDIENCE_PROD,SERVERLESS_TASK,SERVERLESS_TASK,TU_US_NONCREDIT_TRUAUDIENCE_PROD,TU_US_NONCREDIT_TRUAUDIENCE_PROD,"{""environment"":""Production"",""team"":""TruAudience""}"
TU_US_NONCREDIT_TRUAUDIENCE_PROD,TU_US_NONCREDIT_TRUAUDIENCE_PROD,2026-07-01,2026-08-01,Usage,2026-07-04,2026-07-05,1.789932,4.28,Snowflake,AWS_US_EAST_1,TU_US_NONCREDIT_TRUAUDIENCE_PROD,TRUST_CENTER,TRUST_CENTER,TU_US_NONCREDIT_TRUAUDIENCE_PROD,TU_US_NONCREDIT_TRUAUDIENCE_PROD,"{""environment"":""Production"",""team"":""TruAudience""}"
TU_US_NONCREDIT_TRUAUDIENCE_PROD,TU_US_NONCREDIT_TRUAUDIENCE_PROD,2026-07-01,2026-08-01,Usage,2026-07-04,2026-07-05,0.736946,1.76,Snowflake,AWS_US_EAST_1,TU_US_NONCREDIT_TRUAUDIENCE_PROD,PIPE,PIPE,TU_US_NONCREDIT_TRUAUDIENCE_PROD,TU_US_NONCREDIT_TRUAUDIENCE_PROD,"{""environment"":""Production"",""team"":""TruAudience""}"
TU_US_NONCREDIT_TRUAUDIENCE_PROD,TU_US_NONCREDIT_TRUAUDIENCE_PROD,2026-07-01,2026-08-01,Usage,2026-07-04,2026-07-05,0.024190,0.06,Snowflake,AWS_US_EAST_1,TU_US_NONCREDIT_TRUAUDIENCE_PROD,AUTO_CLUSTERING,AUTO_CLUSTERING,TU_US_NONCREDIT_TRUAUDIENCE_PROD,TU_US_NONCREDIT_TRUAUDIENCE_PROD,"{""environment"":""Production"",""team"":""TruAudience""}"
TU_US_NONCREDIT_TRUAUDIENCE_PROD,TU_US_NONCREDIT_TRUAUDIENCE_PROD,2026-07-01,2026-08-01,Usage,2026-07-04,2026-07-05,0.015087,0.04,Snowflake,AWS_US_EAST_1,TU_US_NONCREDIT_TRUAUDIENCE_PROD,COPY_FILES,COPY_FILES,TU_US_NONCREDIT_TRUAUDIENCE_PROD,TU_US_NONCREDIT_TRUAUDIENCE_PROD,"{""environment"":""Production"",""team"":""TruAudience""}"
TU_US_NONCREDIT_TRUAUDIENCE_PROD,TU_US_NONCREDIT_TRUAUDIENCE_PROD,2026-07-01,2026-08-01,Usage,2026-07-04,2026-07-05,0.002106,0.01,Snowflake,AWS_US_EAST_1,TU_US_NONCREDIT_TRUAUDIENCE_PROD,TELEMETRY_DATA_INGEST,TELEMETRY_DATA_INGEST,TU_US_NONCREDIT_TRUAUDIENCE_PROD,TU_US_NONCREDIT_TRUAUDIENCE_PROD,"{""environment"":""Production"",""team"":""TruAudience""}"
TU_US_NONCREDIT_TRUAUDIENCE_PROD,TU_US_NONCREDIT_TRUAUDIENCE_PROD,2026-07-01,2026-08-01,Usage,2026-07-04,2026-07-05,0.000641,0.00,Snowflake,AWS_US_EAST_1,TU_US_NONCREDIT_TRUAUDIENCE_PROD,AI_INFERENCE,AI_INFERENCE,TU_US_NONCREDIT_TRUAUDIENCE_PROD,TU_US_NONCREDIT_TRUAUDIENCE_PROD,"{""environment"":""Production"",""team"":""TruAudience""}"
TU_US_NONCREDIT_TRUAUDIENCE_PROD,TU_US_NONCREDIT_TRUAUDIENCE_PROD,2026-07-01,2026-08-01,Usage,2026-07-03,2026-07-04,154.379154,368.84,Snowflake,AWS_US_EAST_1,TU_US_NONCREDIT_TRUAUDIENCE_PROD,WAREHOUSE_METERING,WAREHOUSE_METERING,TU_US_NONCREDIT_TRUAUDIENCE_PROD,TU_US_NONCREDIT_TRUAUDIENCE_PROD,"{""environment"":""Production"",""team"":""TruAudience""}"
TU_US_NONCREDIT_TRUAUDIENCE_PROD,TU_US_NONCREDIT_TRUAUDIENCE_PROD,2026-07-01,2026-08-01,Usage,2026-07-03,2026-07-04,14.868198,35.52,Snowflake,AWS_US_EAST_1,TU_US_NONCREDIT_TRUAUDIENCE_PROD,SERVERLESS_TASK,SERVERLESS_TASK,TU_US_NONCREDIT_TRUAUDIENCE_PROD,TU_US_NONCREDIT_TRUAUDIENCE_PROD,"{""environment"":""Production"",""team"":""TruAudience""}"
TU_US_NONCREDIT_TRUAUDIENCE_PROD,TU_US_NONCREDIT_TRUAUDIENCE_PROD,2026-07-01,2026-08-01,Usage,2026-07-03,2026-07-04,1.856931,4.44,Snowflake,AWS_US_EAST_1,TU_US_NONCREDIT_TRUAUDIENCE_PROD,TRUST_CENTER,TRUST_CENTER,TU_US_NONCREDIT_TRUAUDIENCE_PROD,TU_US_NONCREDIT_TRUAUDIENCE_PROD,"{""environment"":""Production"",""team"":""TruAudience""}"
TU_US_NONCREDIT_TRUAUDIENCE_PROD,TU_US_NONCREDIT_TRUAUDIENCE_PROD,2026-07-01,2026-08-01,Usage,2026-07-03,2026-07-04,0.012893,0.03,Snowflake,AWS_US_EAST_1,TU_US_NONCREDIT_TRUAUDIENCE_PROD,AUTO_CLUSTERING,AUTO_CLUSTERING,TU_US_NONCREDIT_TRUAUDIENCE_PROD,TU_US_NONCREDIT_TRUAUDIENCE_PROD,"{""environment"":""Production"",""team"":""TruAudience""}"
TU_US_NONCREDIT_TRUAUDIENCE_PROD,TU_US_NONCREDIT_TRUAUDIENCE_PROD,2026-07-01,2026-08-01,Usage,2026-07-03,2026-07-04,0.010257,0.02,Snowflake,AWS_US_EAST_1,TU_US_NONCREDIT_TRUAUDIENCE_PROD,COPY_FILES,COPY_FILES,TU_US_NONCREDIT_TRUAUDIENCE_PROD,TU_US_NONCREDIT_TRUAUDIENCE_PROD,"{""environment"":""Production"",""team"":""TruAudience""}"
TU_US_NONCREDIT_TRUAUDIENCE_PROD,TU_US_NONCREDIT_TRUAUDIENCE_PROD,2026-07-01,2026-08-01,Usage,2026-07-03,2026-07-04,0.002178,0.01,Snowflake,AWS_US_EAST_1,TU_US_NONCREDIT_TRUAUDIENCE_PROD,TELEMETRY_DATA_INGEST,TELEMETRY_DATA_INGEST,TU_US_NONCREDIT_TRUAUDIENCE_PROD,TU_US_NONCREDIT_TRUAUDIENCE_PROD,"{""environment"":""Production"",""team"":""TruAudience""}"
TU_US_NONCREDIT_TRUAUDIENCE_PROD,TU_US_NONCREDIT_TRUAUDIENCE_PROD,2026-07-01,2026-08-01,Usage,2026-07-03,2026-07-04,0.000113,0.00,Snowflake,AWS_US_EAST_1,TU_US_NONCREDIT_TRUAUDIENCE_PROD,AI_INFERENCE,AI_INFERENCE,TU_US_NONCREDIT_TRUAUDIENCE_PROD,TU_US_NONCREDIT_TRUAUDIENCE_PROD,"{""environment"":""Production"",""team"":""TruAudience""}"
TU_US_NONCREDIT_TRUAUDIENCE_PROD,TU_US_NONCREDIT_TRUAUDIENCE_PROD,2026-07-01,2026-08-01,Usage,2026-07-02,2026-07-03,136.137161,325.27,Snowflake,AWS_US_EAST_1,TU_US_NONCREDIT_TRUAUDIENCE_PROD,WAREHOUSE_METERING,WAREHOUSE_METERING,TU_US_NONCREDIT_TRUAUDIENCE_PROD,TU_US_NONCREDIT_TRUAUDIENCE_PROD,"{""environment"":""Production"",""team"":""TruAudience""}"
TU_US_NONCREDIT_TRUAUDIENCE_PROD,TU_US_NONCREDIT_TRUAUDIENCE_PROD,2026-07-01,2026-08-01,Usage,2026-07-02,2026-07-03,24.624347,58.83,Snowflake,AWS_US_EAST_1,TU_US_NONCREDIT_TRUAUDIENCE_PROD,SERVERLESS_TASK,SERVERLESS_TASK,TU_US_NONCREDIT_TRUAUDIENCE_PROD,TU_US_NONCREDIT_TRUAUDIENCE_PROD,"{""environment"":""Production"",""team"":""TruAudience""}"
TU_US_NONCREDIT_TRUAUDIENCE_PROD,TU_US_NONCREDIT_TRUAUDIENCE_PROD,2026-07-01,2026-08-01,Usage,2026-07-02,2026-07-03,1.772275,4.23,Snowflake,AWS_US_EAST_1,TU_US_NONCREDIT_TRUAUDIENCE_PROD,TRUST_CENTER,TRUST_CENTER,TU_US_NONCREDIT_TRUAUDIENCE_PROD,TU_US_NONCREDIT_TRUAUDIENCE_PROD,"{""environment"":""Production"",""team"":""TruAudience""}"
TU_US_NONCREDIT_TRUAUDIENCE_PROD,TU_US_NONCREDIT_TRUAUDIENCE_PROD,2026-07-01,2026-08-01,Usage,2026-07-02,2026-07-03,0.043942,0.10,Snowflake,AWS_US_EAST_1,TU_US_NONCREDIT_TRUAUDIENCE_PROD,AUTO_CLUSTERING,AUTO_CLUSTERING,TU_US_NONCREDIT_TRUAUDIENCE_PROD,TU_US_NONCREDIT_TRUAUDIENCE_PROD,"{""environment"":""Production"",""team"":""TruAudience""}"
TU_US_NONCREDIT_TRUAUDIENCE_PROD,TU_US_NONCREDIT_TRUAUDIENCE_PROD,2026-07-01,2026-08-01,Usage,2026-07-02,2026-07-03,0.033379,0.08,Snowflake,AWS_US_EAST_1,TU_US_NONCREDIT_TRUAUDIENCE_PROD,COPY_FILES,COPY_FILES,TU_US_NONCREDIT_TRUAUDIENCE_PROD,TU_US_NONCREDIT_TRUAUDIENCE_PROD,"{""environment"":""Production"",""team"":""TruAudience""}"
TU_US_NONCREDIT_TRUAUDIENCE_PROD,TU_US_NONCREDIT_TRUAUDIENCE_PROD,2026-07-01,2026-08-01,Usage,2026-07-02,2026-07-03,0.000223,0.00,Snowflake,AWS_US_EAST_1,TU_US_NONCREDIT_TRUAUDIENCE_PROD,PIPE,PIPE,TU_US_NONCREDIT_TRUAUDIENCE_PROD,TU_US_NONCREDIT_TRUAUDIENCE_PROD,"{""environment"":""Production"",""team"":""TruAudience""}"
TU_US_NONCREDIT_TRUAUDIENCE_PROD,TU_US_NONCREDIT_TRUAUDIENCE_PROD,2026-07-01,2026-08-01,Usage,2026-07-02,2026-07-03,0.002077,0.00,Snowflake,AWS_US_EAST_1,TU_US_NONCREDIT_TRUAUDIENCE_PROD,TELEMETRY_DATA_INGEST,TELEMETRY_DATA_INGEST,TU_US_NONCREDIT_TRUAUDIENCE_PROD,TU_US_NONCREDIT_TRUAUDIENCE_PROD,"{""environment"":""Production"",""team"":""TruAudience""}"
TU_US_NONCREDIT_TRUAUDIENCE_PROD,TU_US_NONCREDIT_TRUAUDIENCE_PROD,2026-07-01,2026-08-01,Usage,2026-07-02,2026-07-03,0.000062,0.00,Snowflake,AWS_US_EAST_1,TU_US_NONCREDIT_TRUAUDIENCE_PROD,AI_INFERENCE,AI_INFERENCE,TU_US_NONCREDIT_TRUAUDIENCE_PROD,TU_US_NONCREDIT_TRUAUDIENCE_PROD,"{""environment"":""Production"",""team"":""TruAudience""}"
TU_US_NONCREDIT_TRUAUDIENCE_PROD,TU_US_NONCREDIT_TRUAUDIENCE_PROD,2026-07-01,2026-08-01,Usage,2026-07-01,2026-07-02,223.570236,534.17,Snowflake,AWS_US_EAST_1,TU_US_NONCREDIT_TRUAUDIENCE_PROD,WAREHOUSE_METERING,WAREHOUSE_METERING,TU_US_NONCREDIT_TRUAUDIENCE_PROD,TU_US_NONCREDIT_TRUAUDIENCE_PROD,"{""environment"":""Production"",""team"":""TruAudience""}"
TU_US_NONCREDIT_TRUAUDIENCE_PROD,TU_US_NONCREDIT_TRUAUDIENCE_PROD,2026-07-01,2026-08-01,Usage,2026-07-01,2026-07-02,23.662507,56.54,Snowflake,AWS_US_EAST_1,TU_US_NONCREDIT_TRUAUDIENCE_PROD,SERVERLESS_TASK,SERVERLESS_TASK,TU_US_NONCREDIT_TRUAUDIENCE_PROD,TU_US_NONCREDIT_TRUAUDIENCE_PROD,"{""environment"":""Production"",""team"":""TruAudience""}"
TU_US_NONCREDIT_TRUAUDIENCE_PROD,TU_US_NONCREDIT_TRUAUDIENCE_PROD,2026-07-01,2026-08-01,Usage,2026-07-01,2026-07-02,1.833933,4.38,Snowflake,AWS_US_EAST_1,TU_US_NONCREDIT_TRUAUDIENCE_PROD,TRUST_CENTER,TRUST_CENTER,TU_US_NONCREDIT_TRUAUDIENCE_PROD,TU_US_NONCREDIT_TRUAUDIENCE_PROD,"{""environment"":""Production"",""team"":""TruAudience""}"
TU_US_NONCREDIT_TRUAUDIENCE_PROD,TU_US_NONCREDIT_TRUAUDIENCE_PROD,2026-07-01,2026-08-01,Usage,2026-07-01,2026-07-02,0.032539,0.08,Snowflake,AWS_US_EAST_1,TU_US_NONCREDIT_TRUAUDIENCE_PROD,COPY_FILES,COPY_FILES,TU_US_NONCREDIT_TRUAUDIENCE_PROD,TU_US_NONCREDIT_TRUAUDIENCE_PROD,"{""environment"":""Production"",""team"":""TruAudience""}"
TU_US_NONCREDIT_TRUAUDIENCE_PROD,TU_US_NONCREDIT_TRUAUDIENCE_PROD,2026-07-01,2026-08-01,Usage,2026-07-01,2026-07-02,0.019681,0.05,Snowflake,AWS_US_EAST_1,TU_US_NONCREDIT_TRUAUDIENCE_PROD,AUTO_CLUSTERING,AUTO_CLUSTERING,TU_US_NONCREDIT_TRUAUDIENCE_PROD,TU_US_NONCREDIT_TRUAUDIENCE_PROD,"{""environment"":""Production"",""team"":""TruAudience""}"
TU_US_NONCREDIT_TRUAUDIENCE_PROD,TU_US_NONCREDIT_TRUAUDIENCE_PROD,2026-07-01,2026-08-01,Usage,2026-07-01,2026-07-02,0.002114,0.01,Snowflake,AWS_US_EAST_1,TU_US_NONCREDIT_TRUAUDIENCE_PROD,TELEMETRY_DATA_INGEST,TELEMETRY_DATA_INGEST,TU_US_NONCREDIT_TRUAUDIENCE_PROD,TU_US_NONCREDIT_TRUAUDIENCE_PROD,"{""environment"":""Production"",""team"":""TruAudience""}"
TU_US_NONCREDIT_TRUAUDIENCE_PROD,TU_US_NONCREDIT_TRUAUDIENCE_PROD,2026-07-01,2026-08-01,Usage,2026-07-01,2026-07-02,0.000576,0.00,Snowflake,AWS_US_EAST_1,TU_US_NONCREDIT_TRUAUDIENCE_PROD,AI_INFERENCE,AI_INFERENCE,TU_US_NONCREDIT_TRUAUDIENCE_PROD,TU_US_NONCREDIT_TRUAUDIENCE_PROD,"{""environment"":""Production"",""team"":""TruAudience""}"
TU_US_NONCREDIT_TRUAUDIENCE_STAGE,TU_US_NONCREDIT_TRUAUDIENCE_STAGE,2026-07-01,2026-08-01,Usage,2026-07-29,2026-07-30,197.079899,470.89,Snowflake,AWS_US_EAST_1,TU_US_NONCREDIT_TRUAUDIENCE_STAGE,WAREHOUSE_METERING,WAREHOUSE_METERING,TU_US_NONCREDIT_TRUAUDIENCE_STAGE,TU_US_NONCREDIT_TRUAUDIENCE_STAGE,"{""environment"":""Staging"",""team"":""TruAudience""}"
TU_US_NONCREDIT_TRUAUDIENCE_STAGE,TU_US_NONCREDIT_TRUAUDIENCE_STAGE,2026-07-01,2026-08-01,Usage,2026-07-29,2026-07-30,5.814775,13.89,Snowflake,AWS_US_EAST_1,TU_US_NONCREDIT_TRUAUDIENCE_STAGE,SERVERLESS_TASK,SERVERLESS_TASK,TU_US_NONCREDIT_TRUAUDIENCE_STAGE,TU_US_NONCREDIT_TRUAUDIENCE_STAGE,"{""environment"":""Staging"",""team"":""TruAudience""}"
TU_US_NONCREDIT_TRUAUDIENCE_STAGE,TU_US_NONCREDIT_TRUAUDIENCE_STAGE,2026-07-01,2026-08-01,Usage,2026-07-29,2026-07-30,3.506464,8.38,Snowflake,AWS_US_EAST_1,TU_US_NONCREDIT_TRUAUDIENCE_STAGE,SNOWFLAKE_INTELLIGENCE,SNOWFLAKE_INTELLIGENCE,TU_US_NONCREDIT_TRUAUDIENCE_STAGE,TU_US_NONCREDIT_TRUAUDIENCE_STAGE,"{""environment"":""Staging"",""team"":""TruAudience""}"
TU_US_NONCREDIT_TRUAUDIENCE_STAGE,TU_US_NONCREDIT_TRUAUDIENCE_STAGE,2026-07-01,2026-08-01,Usage,2026-07-29,2026-07-30,3.188249,7.62,Snowflake,AWS_US_EAST_1,TU_US_NONCREDIT_TRUAUDIENCE_STAGE,SNOWPARK_CONTAINER_SERVICES,SNOWPARK_CONTAINER_SERVICES,TU_US_NONCREDIT_TRUAUDIENCE_STAGE,TU_US_NONCREDIT_TRUAUDIENCE_STAGE,"{""environment"":""Staging"",""team"":""TruAudience""}"
TU_US_NONCREDIT_TRUAUDIENCE_STAGE,TU_US_NONCREDIT_TRUAUDIENCE_STAGE,2026-07-01,2026-08-01,Usage,2026-07-29,2026-07-30,2.580256,6.16,Snowflake,AWS_US_EAST_1,TU_US_NONCREDIT_TRUAUDIENCE_STAGE,CORTEX_CODE_SNOWSIGHT,CORTEX_CODE_SNOWSIGHT,TU_US_NONCREDIT_TRUAUDIENCE_STAGE,TU_US_NONCREDIT_TRUAUDIENCE_STAGE,"{""environment"":""Staging"",""team"":""TruAudience""}"
TU_US_NONCREDIT_TRUAUDIENCE_STAGE,TU_US_NONCREDIT_TRUAUDIENCE_STAGE,2026-07-01,2026-08-01,Usage,2026-07-29,2026-07-30,1.031786,2.47,Snowflake,AWS_US_EAST_1,TU_US_NONCREDIT_TRUAUDIENCE_STAGE,TRUST_CENTER,TRUST_CENTER,TU_US_NONCREDIT_TRUAUDIENCE_STAGE,TU_US_NONCREDIT_TRUAUDIENCE_STAGE,"{""environment"":""Staging"",""team"":""TruAudience""}"
TU_US_NONCREDIT_TRUAUDIENCE_STAGE,TU_US_NONCREDIT_TRUAUDIENCE_STAGE,2026-07-01,2026-08-01,Usage,2026-07-29,2026-07-30,0.017488,0.04,Snowflake,AWS_US_EAST_1,TU_US_NONCREDIT_TRUAUDIENCE_STAGE,TELEMETRY_DATA_INGEST,TELEMETRY_DATA_INGEST,TU_US_NONCREDIT_TRUAUDIENCE_STAGE,TU_US_NONCREDIT_TRUAUDIENCE_STAGE,"{""environment"":""Staging"",""team"":""TruAudience""}"
TU_US_NONCREDIT_TRUAUDIENCE_STAGE,TU_US_NONCREDIT_TRUAUDIENCE_STAGE,2026-07-01,2026-08-01,Usage,2026-07-29,2026-07-30,0.004304,0.01,Snowflake,AWS_US_EAST_1,TU_US_NONCREDIT_TRUAUDIENCE_STAGE,AUTO_CLUSTERING,AUTO_CLUSTERING,TU_US_NONCREDIT_TRUAUDIENCE_STAGE,TU_US_NONCREDIT_TRUAUDIENCE_STAGE,"{""environment"":""Staging"",""team"":""TruAudience""}"
TU_US_NONCREDIT_TRUAUDIENCE_STAGE,TU_US_NONCREDIT_TRUAUDIENCE_STAGE,2026-07-01,2026-08-01,Usage,2026-07-29,2026-07-30,0.003316,0.01,Snowflake,AWS_US_EAST_1,TU_US_NONCREDIT_TRUAUDIENCE_STAGE,CORTEX_SEARCH,CORTEX_SEARCH,TU_US_NONCREDIT_TRUAUDIENCE_STAGE,TU_US_NONCREDIT_TRUAUDIENCE_STAGE,"{""environment"":""Staging"",""team"":""TruAudience""}"
TU_US_NONCREDIT_TRUAUDIENCE_STAGE,TU_US_NONCREDIT_TRUAUDIENCE_STAGE,2026-07-01,2026-08-01,Usage,2026-07-29,2026-07-30,0.000436,0.00,Snowflake,AWS_US_EAST_1,TU_US_NONCREDIT_TRUAUDIENCE_STAGE,COPY_FILES,COPY_FILES,TU_US_NONCREDIT_TRUAUDIENCE_STAGE,TU_US_NONCREDIT_TRUAUDIENCE_STAGE,"{""environment"":""Staging"",""team"":""TruAudience""}"
TU_US_NONCREDIT_TRUAUDIENCE_STAGE,TU_US_NONCREDIT_TRUAUDIENCE_STAGE,2026-07-01,2026-08-01,Usage,2026-07-28,2026-07-29,597.404222,1427.38,Snowflake,AWS_US_EAST_1,TU_US_NONCREDIT_TRUAUDIENCE_STAGE,WAREHOUSE_METERING,WAREHOUSE_METERING,TU_US_NONCREDIT_TRUAUDIENCE_STAGE,TU_US_NONCREDIT_TRUAUDIENCE_STAGE,"{""environment"":""Staging"",""team"":""TruAudience""}"
TU_US_NONCREDIT_TRUAUDIENCE_STAGE,TU_US_NONCREDIT_TRUAUDIENCE_STAGE,2026-07-01,2026-08-01,Usage,2026-07-28,2026-07-29,4.936532,11.79,Snowflake,AWS_US_EAST_1,TU_US_NONCREDIT_TRUAUDIENCE_STAGE,SERVERLESS_TASK,SERVERLESS_TASK,TU_US_NONCREDIT_TRUAUDIENCE_STAGE,TU_US_NONCREDIT_TRUAUDIENCE_STAGE,"{""environment"":""Staging"",""team"":""TruAudience""}"
TU_US_NONCREDIT_TRUAUDIENCE_STAGE,TU_US_NONCREDIT_TRUAUDIENCE_STAGE,2026-07-01,2026-08-01,Usage,2026-07-28,2026-07-29,3.872860,9.25,Snowflake,AWS_US_EAST_1,TU_US_NONCREDIT_TRUAUDIENCE_STAGE,CORTEX_CODE_SNOWSIGHT,CORTEX_CODE_SNOWSIGHT,TU_US_NONCREDIT_TRUAUDIENCE_STAGE,TU_US_NONCREDIT_TRUAUDIENCE_STAGE,"{""environment"":""Staging"",""team"":""TruAudience""}"
TU_US_NONCREDIT_TRUAUDIENCE_STAGE,TU_US_NONCREDIT_TRUAUDIENCE_STAGE,2026-07-01,2026-08-01,Usage,2026-07-28,2026-07-29,2.885488,6.89,Snowflake,AWS_US_EAST_1,TU_US_NONCREDIT_TRUAUDIENCE_STAGE,SNOWPARK_CONTAINER_SERVICES,SNOWPARK_CONTAINER_SERVICES,TU_US_NONCREDIT_TRUAUDIENCE_STAGE,TU_US_NONCREDIT_TRUAUDIENCE_STAGE,"{""environment"":""Staging"",""team"":""TruAudience""}"
TU_US_NONCREDIT_TRUAUDIENCE_STAGE,TU_US_NONCREDIT_TRUAUDIENCE_STAGE,2026-07-01,2026-08-01,Usage,2026-07-28,2026-07-29,1.041180,2.49,Snowflake,AWS_US_EAST_1,TU_US_NONCREDIT_TRUAUDIENCE_STAGE,TRUST_CENTER,TRUST_CENTER,TU_US_NONCREDIT_TRUAUDIENCE_STAGE,TU_US_NONCREDIT_TRUAUDIENCE_STAGE,"{""environment"":""Staging"",""team"":""TruAudience""}"
TU_US_NONCREDIT_TRUAUDIENCE_STAGE,TU_US_NONCREDIT_TRUAUDIENCE_STAGE,2026-07-01,2026-08-01,Usage,2026-07-28,2026-07-29,0.011670,0.03,Snowflake,AWS_US_EAST_1,TU_US_NONCREDIT_TRUAUDIENCE_STAGE,TELEMETRY_DATA_INGEST,TELEMETRY_DATA_INGEST,TU_US_NONCREDIT_TRUAUDIENCE_STAGE,TU_US_NONCREDIT_TRUAUDIENCE_STAGE,"{""environment"":""Staging"",""team"":""TruAudience""}"
TU_US_NONCREDIT_TRUAUDIENCE_STAGE,TU_US_NONCREDIT_TRUAUDIENCE_STAGE,2026-07-01,2026-08-01,Usage,2026-07-28,2026-07-29,0.003314,0.01,Snowflake,AWS_US_EAST_1,TU_US_NONCREDIT_TRUAUDIENCE_STAGE,CORTEX_SEARCH,CORTEX_SEARCH,TU_US_NONCREDIT_TRUAUDIENCE_STAGE,TU_US_NONCREDIT_TRUAUDIENCE_STAGE,"{""environment"":""Staging"",""team"":""TruAudience""}"
TU_US_NONCREDIT_TRUAUDIENCE_STAGE,TU_US_NONCREDIT_TRUAUDIENCE_STAGE,2026-07-01,2026-08-01,Usage,2026-07-28,2026-07-29,0.004634,0.01,Snowflake,AWS_US_EAST_1,TU_US_NONCREDIT_TRUAUDIENCE_STAGE,AUTO_CLUSTERING,AUTO_CLUSTERING,TU_US_NONCREDIT_TRUAUDIENCE_STAGE,TU_US_NONCREDIT_TRUAUDIENCE_STAGE,"{""environment"":""Staging"",""team"":""TruAudience""}"
TU_US_NONCREDIT_TRUAUDIENCE_STAGE,TU_US_NONCREDIT_TRUAUDIENCE_STAGE,2026-07-01,2026-08-01,Usage,2026-07-28,2026-07-29,0.001204,0.00,Snowflake,AWS_US_EAST_1,TU_US_NONCREDIT_TRUAUDIENCE_STAGE,COPY_FILES,COPY_FILES,TU_US_NONCREDIT_TRUAUDIENCE_STAGE,TU_US_NONCREDIT_TRUAUDIENCE_STAGE,"{""environment"":""Staging"",""team"":""TruAudience""}"
TU_US_NONCREDIT_TRUAUDIENCE_STAGE,TU_US_NONCREDIT_TRUAUDIENCE_STAGE,2026-07-01,2026-08-01,Usage,2026-07-27,2026-07-28,419.083148,1001.31,Snowflake,AWS_US_EAST_1,TU_US_NONCREDIT_TRUAUDIENCE_STAGE,WAREHOUSE_METERING,WAREHOUSE_METERING,TU_US_NONCREDIT_TRUAUDIENCE_STAGE,TU_US_NONCREDIT_TRUAUDIENCE_STAGE,"{""environment"":""Staging"",""team"":""TruAudience""}"
TU_US_NONCREDIT_TRUAUDIENCE_STAGE,TU_US_NONCREDIT_TRUAUDIENCE_STAGE,2026-07-01,2026-08-01,Usage,2026-07-27,2026-07-28,4.453377,10.64,Snowflake,AWS_US_EAST_1,TU_US_NONCREDIT_TRUAUDIENCE_STAGE,SERVERLESS_TASK,SERVERLESS_TASK,TU_US_NONCREDIT_TRUAUDIENCE_STAGE,TU_US_NONCREDIT_TRUAUDIENCE_STAGE,"{""environment"":""Staging"",""team"":""TruAudience""}"
TU_US_NONCREDIT_TRUAUDIENCE_STAGE,TU_US_NONCREDIT_TRUAUDIENCE_STAGE,2026-07-01,2026-08-01,Usage,2026-07-27,2026-07-28,3.494949,8.35,Snowflake,AWS_US_EAST_1,TU_US_NONCREDIT_TRUAUDIENCE_STAGE,CORTEX_CODE_SNOWSIGHT,CORTEX_CODE_SNOWSIGHT,TU_US_NONCREDIT_TRUAUDIENCE_STAGE,TU_US_NONCREDIT_TRUAUDIENCE_STAGE,"{""environment"":""Staging"",""team"":""TruAudience""}"
TU_US_NONCREDIT_TRUAUDIENCE_STAGE,TU_US_NONCREDIT_TRUAUDIENCE_STAGE,2026-07-01,2026-08-01,Usage,2026-07-27,2026-07-28,2.995719,7.16,Snowflake,AWS_US_EAST_1,TU_US_NONCREDIT_TRUAUDIENCE_STAGE,SNOWPARK_CONTAINER_SERVICES,SNOWPARK_CONTAINER_SERVICES,TU_US_NONCREDIT_TRUAUDIENCE_STAGE,TU_US_NONCREDIT_TRUAUDIENCE_STAGE,"{""environment"":""Staging"",""team"":""TruAudience""}"
TU_US_NONCREDIT_TRUAUDIENCE_STAGE,TU_US_NONCREDIT_TRUAUDIENCE_STAGE,2026-07-01,2026-08-01,Usage,2026-07-27,2026-07-28,1.145223,2.74,Snowflake,AWS_US_EAST_1,TU_US_NONCREDIT_TRUAUDIENCE_STAGE,TRUST_CENTER,TRUST_CENTER,TU_US_NONCREDIT_TRUAUDIENCE_STAGE,TU_US_NONCREDIT_TRUAUDIENCE_STAGE,"{""environment"":""Staging"",""team"":""TruAudience""}"
TU_US_NONCREDIT_TRUAUDIENCE_STAGE,TU_US_NONCREDIT_TRUAUDIENCE_STAGE,2026-07-01,2026-08-01,Usage,2026-07-27,2026-07-28,0.003943,0.01,Snowflake,AWS_US_EAST_1,TU_US_NONCREDIT_TRUAUDIENCE_STAGE,AUTO_CLUSTERING,AUTO_CLUSTERING,TU_US_NONCREDIT_TRUAUDIENCE_STAGE,TU_US_NONCREDIT_TRUAUDIENCE_STAGE,"{""environment"":""Staging"",""team"":""TruAudience""}"
TU_US_NONCREDIT_TRUAUDIENCE_STAGE,TU_US_NONCREDIT_TRUAUDIENCE_STAGE,2026-07-01,2026-08-01,Usage,2026-07-27,2026-07-28,0.003314,0.01,Snowflake,AWS_US_EAST_1,TU_US_NONCREDIT_TRUAUDIENCE_STAGE,CORTEX_SEARCH,CORTEX_SEARCH,TU_US_NONCREDIT_TRUAUDIENCE_STAGE,TU_US_NONCREDIT_TRUAUDIENCE_STAGE,"{""environment"":""Staging"",""team"":""TruAudience""}"
TU_US_NONCREDIT_TRUAUDIENCE_STAGE,TU_US_NONCREDIT_TRUAUDIENCE_STAGE,2026-07-01,2026-08-01,Usage,2026-07-27,2026-07-28,0.003640,0.01,Snowflake,AWS_US_EAST_1,TU_US_NONCREDIT_TRUAUDIENCE_STAGE,TELEMETRY_DATA_INGEST,TELEMETRY_DATA_INGEST,TU_US_NONCREDIT_TRUAUDIENCE_STAGE,TU_US_NONCREDIT_TRUAUDIENCE_STAGE,"{""environment"":""Staging"",""team"":""TruAudience""}"
TU_US_NONCREDIT_TRUAUDIENCE_STAGE,TU_US_NONCREDIT_TRUAUDIENCE_STAGE,2026-07-01,2026-08-01,Usage,2026-07-27,2026-07-28,0.000762,0.00,Snowflake,AWS_US_EAST_1,TU_US_NONCREDIT_TRUAUDIENCE_STAGE,COPY_FILES,COPY_FILES,TU_US_NONCREDIT_TRUAUDIENCE_STAGE,TU_US_NONCREDIT_TRUAUDIENCE_STAGE,"{""environment"":""Staging"",""team"":""TruAudience""}"
TU_US_NONCREDIT_TRUAUDIENCE_STAGE,TU_US_NONCREDIT_TRUAUDIENCE_STAGE,2026-07-01,2026-08-01,Usage,2026-07-26,2026-07-27,82.895719,198.06,Snowflake,AWS_US_EAST_1,TU_US_NONCREDIT_TRUAUDIENCE_STAGE,WAREHOUSE_METERING,WAREHOUSE_METERING,TU_US_NONCREDIT_TRUAUDIENCE_STAGE,TU_US_NONCREDIT_TRUAUDIENCE_STAGE,"{""environment"":""Staging"",""team"":""TruAudience""}"
TU_US_NONCREDIT_TRUAUDIENCE_STAGE,TU_US_NONCREDIT_TRUAUDIENCE_STAGE,2026-07-01,2026-08-01,Usage,2026-07-26,2026-07-27,9.026881,21.57,Snowflake,AWS_US_EAST_1,TU_US_NONCREDIT_TRUAUDIENCE_STAGE,CORTEX_CODE_SNOWSIGHT,CORTEX_CODE_SNOWSIGHT,TU_US_NONCREDIT_TRUAUDIENCE_STAGE,TU_US_NONCREDIT_TRUAUDIENCE_STAGE,"{""environment"":""Staging"",""team"":""TruAudience""}"
TU_US_NONCREDIT_TRUAUDIENCE_STAGE,TU_US_NONCREDIT_TRUAUDIENCE_STAGE,2026-07-01,2026-08-01,Usage,2026-07-26,2026-07-27,4.815439,11.51,Snowflake,AWS_US_EAST_1,TU_US_NONCREDIT_TRUAUDIENCE_STAGE,SERVERLESS_TASK,SERVERLESS_TASK,TU_US_NONCREDIT_TRUAUDIENCE_STAGE,TU_US_NONCREDIT_TRUAUDIENCE_STAGE,"{""environment"":""Staging"",""team"":""TruAudience""}"
TU_US_NONCREDIT_TRUAUDIENCE_STAGE,TU_US_NONCREDIT_TRUAUDIENCE_STAGE,2026-07-01,2026-08-01,Usage,2026-07-26,2026-07-27,3.463319,8.27,Snowflake,AWS_US_EAST_1,TU_US_NONCREDIT_TRUAUDIENCE_STAGE,SNOWPARK_CONTAINER_SERVICES,SNOWPARK_CONTAINER_SERVICES,TU_US_NONCREDIT_TRUAUDIENCE_STAGE,TU_US_NONCREDIT_TRUAUDIENCE_STAGE,"{""environment"":""Staging"",""team"":""TruAudience""}"
TU_US_NONCREDIT_TRUAUDIENCE_STAGE,TU_US_NONCREDIT_TRUAUDIENCE_STAGE,2026-07-01,2026-08-01,Usage,2026-07-26,2026-07-27,1.016263,2.43,Snowflake,AWS_US_EAST_1,TU_US_NONCREDIT_TRUAUDIENCE_STAGE,TRUST_CENTER,TRUST_CENTER,TU_US_NONCREDIT_TRUAUDIENCE_STAGE,TU_US_NONCREDIT_TRUAUDIENCE_STAGE,"{""environment"":""Staging"",""team"":""TruAudience""}"
TU_US_NONCREDIT_TRUAUDIENCE_STAGE,TU_US_NONCREDIT_TRUAUDIENCE_STAGE,2026-07-01,2026-08-01,Usage,2026-07-26,2026-07-27,0.297531,0.71,Snowflake,AWS_US_EAST_1,TU_US_NONCREDIT_TRUAUDIENCE_STAGE,SNOWFLAKE_INTELLIGENCE,SNOWFLAKE_INTELLIGENCE,TU_US_NONCREDIT_TRUAUDIENCE_STAGE,TU_US_NONCREDIT_TRUAUDIENCE_STAGE,"{""environment"":""Staging"",""team"":""TruAudience""}"
TU_US_NONCREDIT_TRUAUDIENCE_STAGE,TU_US_NONCREDIT_TRUAUDIENCE_STAGE,2026-07-01,2026-08-01,Usage,2026-07-26,2026-07-27,0.003316,0.01,Snowflake,AWS_US_EAST_1,TU_US_NONCREDIT_TRUAUDIENCE_STAGE,CORTEX_SEARCH,CORTEX_SEARCH,TU_US_NONCREDIT_TRUAUDIENCE_STAGE,TU_US_NONCREDIT_TRUAUDIENCE_STAGE,"{""environment"":""Staging"",""team"":""TruAudience""}"
TU_US_NONCREDIT_TRUAUDIENCE_STAGE,TU_US_NONCREDIT_TRUAUDIENCE_STAGE,2026-07-01,2026-08-01,Usage,2026-07-26,2026-07-27,0.005312,0.01,Snowflake,AWS_US_EAST_1,TU_US_NONCREDIT_TRUAUDIENCE_STAGE,AUTO_CLUSTERING,AUTO_CLUSTERING,TU_US_NONCREDIT_TRUAUDIENCE_STAGE,TU_US_NONCREDIT_TRUAUDIENCE_STAGE,"{""environment"":""Staging"",""team"":""TruAudience""}"
TU_US_NONCREDIT_TRUAUDIENCE_STAGE,TU_US_NONCREDIT_TRUAUDIENCE_STAGE,2026-07-01,2026-08-01,Usage,2026-07-26,2026-07-27,0.003117,0.01,Snowflake,AWS_US_EAST_1,TU_US_NONCREDIT_TRUAUDIENCE_STAGE,TELEMETRY_DATA_INGEST,TELEMETRY_DATA_INGEST,TU_US_NONCREDIT_TRUAUDIENCE_STAGE,TU_US_NONCREDIT_TRUAUDIENCE_STAGE,"{""environment"":""Staging"",""team"":""TruAudience""}"
TU_US_NONCREDIT_TRUAUDIENCE_STAGE,TU_US_NONCREDIT_TRUAUDIENCE_STAGE,2026-07-01,2026-08-01,Usage,2026-07-26,2026-07-27,0.000124,0.00,Snowflake,AWS_US_EAST_1,TU_US_NONCREDIT_TRUAUDIENCE_STAGE,AI_INFERENCE,AI_INFERENCE,TU_US_NONCREDIT_TRUAUDIENCE_STAGE,TU_US_NONCREDIT_TRUAUDIENCE_STAGE,"{""environment"":""Staging"",""team"":""TruAudience""}"
TU_US_NONCREDIT_TRUAUDIENCE_STAGE,TU_US_NONCREDIT_TRUAUDIENCE_STAGE,2026-07-01,2026-08-01,Usage,2026-07-25,2026-07-26,90.785002,216.91,Snowflake,AWS_US_EAST_1,TU_US_NONCREDIT_TRUAUDIENCE_STAGE,WAREHOUSE_METERING,WAREHOUSE_METERING,TU_US_NONCREDIT_TRUAUDIENCE_STAGE,TU_US_NONCREDIT_TRUAUDIENCE_STAGE,"{""environment"":""Staging"",""team"":""TruAudience""}"
TU_US_NONCREDIT_TRUAUDIENCE_STAGE,TU_US_NONCREDIT_TRUAUDIENCE_STAGE,2026-07-01,2026-08-01,Usage,2026-07-25,2026-07-26,10.594862,25.31,Snowflake,AWS_US_EAST_1,TU_US_NONCREDIT_TRUAUDIENCE_STAGE,SNOWFLAKE_INTELLIGENCE,SNOWFLAKE_INTELLIGENCE,TU_US_NONCREDIT_TRUAUDIENCE_STAGE,TU_US_NONCREDIT_TRUAUDIENCE_STAGE,"{""environment"":""Staging"",""team"":""TruAudience""}"
TU_US_NONCREDIT_TRUAUDIENCE_STAGE,TU_US_NONCREDIT_TRUAUDIENCE_STAGE,2026-07-01,2026-08-01,Usage,2026-07-25,2026-07-26,9.656852,23.07,Snowflake,AWS_US_EAST_1,TU_US_NONCREDIT_TRUAUDIENCE_STAGE,CORTEX_CODE_SNOWSIGHT,CORTEX_CODE_SNOWSIGHT,TU_US_NONCREDIT_TRUAUDIENCE_STAGE,TU_US_NONCREDIT_TRUAUDIENCE_STAGE,"{""environment"":""Staging"",""team"":""TruAudience""}"
TU_US_NONCREDIT_TRUAUDIENCE_STAGE,TU_US_NONCREDIT_TRUAUDIENCE_STAGE,2026-07-01,2026-08-01,Usage,2026-07-25,2026-07-26,5.060085,12.09,Snowflake,AWS_US_EAST_1,TU_US_NONCREDIT_TRUAUDIENCE_STAGE,SERVERLESS_TASK,SERVERLESS_TASK,TU_US_NONCREDIT_TRUAUDIENCE_STAGE,TU_US_NONCREDIT_TRUAUDIENCE_STAGE,"{""environment"":""Staging"",""team"":""TruAudience""}"
TU_US_NONCREDIT_TRUAUDIENCE_STAGE,TU_US_NONCREDIT_TRUAUDIENCE_STAGE,2026-07-01,2026-08-01,Usage,2026-07-25,2026-07-26,2.893632,6.91,Snowflake,AWS_US_EAST_1,TU_US_NONCREDIT_TRUAUDIENCE_STAGE,SNOWPARK_CONTAINER_SERVICES,SNOWPARK_CONTAINER_SERVICES,TU_US_NONCREDIT_TRUAUDIENCE_STAGE,TU_US_NONCREDIT_TRUAUDIENCE_STAGE,"{""environment"":""Staging"",""team"":""TruAudience""}"
TU_US_NONCREDIT_TRUAUDIENCE_STAGE,TU_US_NONCREDIT_TRUAUDIENCE_STAGE,2026-07-01,2026-08-01,Usage,2026-07-25,2026-07-26,1.059811,2.53,Snowflake,AWS_US_EAST_1,TU_US_NONCREDIT_TRUAUDIENCE_STAGE,TRUST_CENTER,TRUST_CENTER,TU_US_NONCREDIT_TRUAUDIENCE_STAGE,TU_US_NONCREDIT_TRUAUDIENCE_STAGE,"{""environment"":""Staging"",""team"":""TruAudience""}"
TU_US_NONCREDIT_TRUAUDIENCE_STAGE,TU_US_NONCREDIT_TRUAUDIENCE_STAGE,2026-07-01,2026-08-01,Usage,2026-07-25,2026-07-26,0.006591,0.02,Snowflake,AWS_US_EAST_1,TU_US_NONCREDIT_TRUAUDIENCE_STAGE,AUTO_CLUSTERING,AUTO_CLUSTERING,TU_US_NONCREDIT_TRUAUDIENCE_STAGE,TU_US_NONCREDIT_TRUAUDIENCE_STAGE,"{""environment"":""Staging"",""team"":""TruAudience""}"
TU_US_NONCREDIT_TRUAUDIENCE_STAGE,TU_US_NONCREDIT_TRUAUDIENCE_STAGE,2026-07-01,2026-08-01,Usage,2026-07-25,2026-07-26,0.009602,0.02,Snowflake,AWS_US_EAST_1,TU_US_NONCREDIT_TRUAUDIENCE_STAGE,TELEMETRY_DATA_INGEST,TELEMETRY_DATA_INGEST,TU_US_NONCREDIT_TRUAUDIENCE_STAGE,TU_US_NONCREDIT_TRUAUDIENCE_STAGE,"{""environment"":""Staging"",""team"":""TruAudience""}"
TU_US_NONCREDIT_TRUAUDIENCE_STAGE,TU_US_NONCREDIT_TRUAUDIENCE_STAGE,2026-07-01,2026-08-01,Usage,2026-07-25,2026-07-26,0.003315,0.01,Snowflake,AWS_US_EAST_1,TU_US_NONCREDIT_TRUAUDIENCE_STAGE,CORTEX_SEARCH,CORTEX_SEARCH,TU_US_NONCREDIT_TRUAUDIENCE_STAGE,TU_US_NONCREDIT_TRUAUDIENCE_STAGE,"{""environment"":""Staging"",""team"":""TruAudience""}"
TU_US_NONCREDIT_TRUAUDIENCE_STAGE,TU_US_NONCREDIT_TRUAUDIENCE_STAGE,2026-07-01,2026-08-01,Usage,2026-07-24,2026-07-25,191.630084,457.86,Snowflake,AWS_US_EAST_1,TU_US_NONCREDIT_TRUAUDIENCE_STAGE,WAREHOUSE_METERING,WAREHOUSE_METERING,TU_US_NONCREDIT_TRUAUDIENCE_STAGE,TU_US_NONCREDIT_TRUAUDIENCE_STAGE,"{""environment"":""Staging"",""team"":""TruAudience""}"
TU_US_NONCREDIT_TRUAUDIENCE_STAGE,TU_US_NONCREDIT_TRUAUDIENCE_STAGE,2026-07-01,2026-08-01,Usage,2026-07-24,2026-07-25,11.394149,27.22,Snowflake,AWS_US_EAST_1,TU_US_NONCREDIT_TRUAUDIENCE_STAGE,SNOWFLAKE_INTELLIGENCE,SNOWFLAKE_INTELLIGENCE,TU_US_NONCREDIT_TRUAUDIENCE_STAGE,TU_US_NONCREDIT_TRUAUDIENCE_STAGE,"{""environment"":""Staging"",""team"":""TruAudience""}"
TU_US_NONCREDIT_TRUAUDIENCE_STAGE,TU_US_NONCREDIT_TRUAUDIENCE_STAGE,2026-07-01,2026-08-01,Usage,2026-07-24,2026-07-25,7.044217,16.83,Snowflake,AWS_US_EAST_1,TU_US_NONCREDIT_TRUAUDIENCE_STAGE,CORTEX_CODE_SNOWSIGHT,CORTEX_CODE_SNOWSIGHT,TU_US_NONCREDIT_TRUAUDIENCE_STAGE,TU_US_NONCREDIT_TRUAUDIENCE_STAGE,"{""environment"":""Staging"",""team"":""TruAudience""}"
TU_US_NONCREDIT_TRUAUDIENCE_STAGE,TU_US_NONCREDIT_TRUAUDIENCE_STAGE,2026-07-01,2026-08-01,Usage,2026-07-24,2026-07-25,5.240322,12.52,Snowflake,AWS_US_EAST_1,TU_US_NONCREDIT_TRUAUDIENCE_STAGE,SERVERLESS_TASK,SERVERLESS_TASK,TU_US_NONCREDIT_TRUAUDIENCE_STAGE,TU_US_NONCREDIT_TRUAUDIENCE_STAGE,"{""environment"":""Staging"",""team"":""TruAudience""}"
TU_US_NONCREDIT_TRUAUDIENCE_STAGE,TU_US_NONCREDIT_TRUAUDIENCE_STAGE,2026-07-01,2026-08-01,Usage,2026-07-24,2026-07-25,2.887438,6.90,Snowflake,AWS_US_EAST_1,TU_US_NONCREDIT_TRUAUDIENCE_STAGE,SNOWPARK_CONTAINER_SERVICES,SNOWPARK_CONTAINER_SERVICES,TU_US_NONCREDIT_TRUAUDIENCE_STAGE,TU_US_NONCREDIT_TRUAUDIENCE_STAGE,"{""environment"":""Staging"",""team"":""TruAudience""}"
TU_US_NONCREDIT_TRUAUDIENCE_STAGE,TU_US_NONCREDIT_TRUAUDIENCE_STAGE,2026-07-01,2026-08-01,Usage,2026-07-24,2026-07-25,1.213505,2.90,Snowflake,AWS_US_EAST_1,TU_US_NONCREDIT_TRUAUDIENCE_STAGE,TRUST_CENTER,TRUST_CENTER,TU_US_NONCREDIT_TRUAUDIENCE_STAGE,TU_US_NONCREDIT_TRUAUDIENCE_STAGE,"{""environment"":""Staging"",""team"":""TruAudience""}"
TU_US_NONCREDIT_TRUAUDIENCE_STAGE,TU_US_NONCREDIT_TRUAUDIENCE_STAGE,2026-07-01,2026-08-01,Usage,2026-07-24,2026-07-25,0.009532,0.02,Snowflake,AWS_US_EAST_1,TU_US_NONCREDIT_TRUAUDIENCE_STAGE,TELEMETRY_DATA_INGEST,TELEMETRY_DATA_INGEST,TU_US_NONCREDIT_TRUAUDIENCE_STAGE,TU_US_NONCREDIT_TRUAUDIENCE_STAGE,"{""environment"":""Staging"",""team"":""TruAudience""}"
TU_US_NONCREDIT_TRUAUDIENCE_STAGE,TU_US_NONCREDIT_TRUAUDIENCE_STAGE,2026-07-01,2026-08-01,Usage,2026-07-24,2026-07-25,0.008707,0.02,Snowflake,AWS_US_EAST_1,TU_US_NONCREDIT_TRUAUDIENCE_STAGE,AUTO_CLUSTERING,AUTO_CLUSTERING,TU_US_NONCREDIT_TRUAUDIENCE_STAGE,TU_US_NONCREDIT_TRUAUDIENCE_STAGE,"{""environment"":""Staging"",""team"":""TruAudience""}"
TU_US_NONCREDIT_TRUAUDIENCE_STAGE,TU_US_NONCREDIT_TRUAUDIENCE_STAGE,2026-07-01,2026-08-01,Usage,2026-07-24,2026-07-25,0.003141,0.01,Snowflake,AWS_US_EAST_1,TU_US_NONCREDIT_TRUAUDIENCE_STAGE,CORTEX_SEARCH,CORTEX_SEARCH,TU_US_NONCREDIT_TRUAUDIENCE_STAGE,TU_US_NONCREDIT_TRUAUDIENCE_STAGE,"{""environment"":""Staging"",""team"":""TruAudience""}"
TU_US_NONCREDIT_TRUAUDIENCE_STAGE,TU_US_NONCREDIT_TRUAUDIENCE_STAGE,2026-07-01,2026-08-01,Usage,2026-07-24,2026-07-25,0.005822,0.01,Snowflake,AWS_US_EAST_1,TU_US_NONCREDIT_TRUAUDIENCE_STAGE,AI_FUNCTIONS,AI_FUNCTIONS,TU_US_NONCREDIT_TRUAUDIENCE_STAGE,TU_US_NONCREDIT_TRUAUDIENCE_STAGE,"{""environment"":""Staging"",""team"":""TruAudience""}"
TU_US_NONCREDIT_TRUAUDIENCE_STAGE,TU_US_NONCREDIT_TRUAUDIENCE_STAGE,2026-07-01,2026-08-01,Usage,2026-07-24,2026-07-25,0.000461,0.00,Snowflake,AWS_US_EAST_1,TU_US_NONCREDIT_TRUAUDIENCE_STAGE,AI_INFERENCE,AI_INFERENCE,TU_US_NONCREDIT_TRUAUDIENCE_STAGE,TU_US_NONCREDIT_TRUAUDIENCE_STAGE,"{""environment"":""Staging"",""team"":""TruAudience""}"
TU_US_NONCREDIT_TRUAUDIENCE_STAGE,TU_US_NONCREDIT_TRUAUDIENCE_STAGE,2026-07-01,2026-08-01,Usage,2026-07-23,2026-07-24,140.318957,335.25,Snowflake,AWS_US_EAST_1,TU_US_NONCREDIT_TRUAUDIENCE_STAGE,WAREHOUSE_METERING,WAREHOUSE_METERING,TU_US_NONCREDIT_TRUAUDIENCE_STAGE,TU_US_NONCREDIT_TRUAUDIENCE_STAGE,"{""environment"":""Staging"",""team"":""TruAudience""}"
TU_US_NONCREDIT_TRUAUDIENCE_STAGE,TU_US_NONCREDIT_TRUAUDIENCE_STAGE,2026-07-01,2026-08-01,Usage,2026-07-23,2026-07-24,5.124813,12.24,Snowflake,AWS_US_EAST_1,TU_US_NONCREDIT_TRUAUDIENCE_STAGE,SERVERLESS_TASK,SERVERLESS_TASK,TU_US_NONCREDIT_TRUAUDIENCE_STAGE,TU_US_NONCREDIT_TRUAUDIENCE_STAGE,"{""environment"":""Staging"",""team"":""TruAudience""}"
TU_US_NONCREDIT_TRUAUDIENCE_STAGE,TU_US_NONCREDIT_TRUAUDIENCE_STAGE,2026-07-01,2026-08-01,Usage,2026-07-23,2026-07-24,2.888308,6.90,Snowflake,AWS_US_EAST_1,TU_US_NONCREDIT_TRUAUDIENCE_STAGE,SNOWPARK_CONTAINER_SERVICES,SNOWPARK_CONTAINER_SERVICES,TU_US_NONCREDIT_TRUAUDIENCE_STAGE,TU_US_NONCREDIT_TRUAUDIENCE_STAGE,"{""environment"":""Staging"",""team"":""TruAudience""}"
TU_US_NONCREDIT_TRUAUDIENCE_STAGE,TU_US_NONCREDIT_TRUAUDIENCE_STAGE,2026-07-01,2026-08-01,Usage,2026-07-23,2026-07-24,1.401318,3.35,Snowflake,AWS_US_EAST_1,TU_US_NONCREDIT_TRUAUDIENCE_STAGE,CORTEX_CODE_SNOWSIGHT,CORTEX_CODE_SNOWSIGHT,TU_US_NONCREDIT_TRUAUDIENCE_STAGE,TU_US_NONCREDIT_TRUAUDIENCE_STAGE,"{""environment"":""Staging"",""team"":""TruAudience""}"
TU_US_NONCREDIT_TRUAUDIENCE_STAGE,TU_US_NONCREDIT_TRUAUDIENCE_STAGE,2026-07-01,2026-08-01,Usage,2026-07-23,2026-07-24,1.007165,2.41,Snowflake,AWS_US_EAST_1,TU_US_NONCREDIT_TRUAUDIENCE_STAGE,SNOWFLAKE_INTELLIGENCE,SNOWFLAKE_INTELLIGENCE,TU_US_NONCREDIT_TRUAUDIENCE_STAGE,TU_US_NONCREDIT_TRUAUDIENCE_STAGE,"{""environment"":""Staging"",""team"":""TruAudience""}"
TU_US_NONCREDIT_TRUAUDIENCE_STAGE,TU_US_NONCREDIT_TRUAUDIENCE_STAGE,2026-07-01,2026-08-01,Usage,2026-07-23,2026-07-24,0.811152,1.94,Snowflake,AWS_US_EAST_1,TU_US_NONCREDIT_TRUAUDIENCE_STAGE,TRUST_CENTER,TRUST_CENTER,TU_US_NONCREDIT_TRUAUDIENCE_STAGE,TU_US_NONCREDIT_TRUAUDIENCE_STAGE,"{""environment"":""Staging"",""team"":""TruAudience""}"
TU_US_NONCREDIT_TRUAUDIENCE_STAGE,TU_US_NONCREDIT_TRUAUDIENCE_STAGE,2026-07-01,2026-08-01,Usage,2026-07-23,2026-07-24,0.004202,0.01,Snowflake,AWS_US_EAST_1,TU_US_NONCREDIT_TRUAUDIENCE_STAGE,TELEMETRY_DATA_INGEST,TELEMETRY_DATA_INGEST,TU_US_NONCREDIT_TRUAUDIENCE_STAGE,TU_US_NONCREDIT_TRUAUDIENCE_STAGE,"{""environment"":""Staging"",""team"":""TruAudience""}"
TU_US_NONCREDIT_TRUAUDIENCE_STAGE,TU_US_NONCREDIT_TRUAUDIENCE_STAGE,2026-07-01,2026-08-01,Usage,2026-07-23,2026-07-24,0.002451,0.01,Snowflake,AWS_US_EAST_1,TU_US_NONCREDIT_TRUAUDIENCE_STAGE,CORTEX_SEARCH,CORTEX_SEARCH,TU_US_NONCREDIT_TRUAUDIENCE_STAGE,TU_US_NONCREDIT_TRUAUDIENCE_STAGE,"{""environment"":""Staging"",""team"":""TruAudience""}"
TU_US_NONCREDIT_TRUAUDIENCE_STAGE,TU_US_NONCREDIT_TRUAUDIENCE_STAGE,2026-07-01,2026-08-01,Usage,2026-07-23,2026-07-24,0.003345,0.01,Snowflake,AWS_US_EAST_1,TU_US_NONCREDIT_TRUAUDIENCE_STAGE,AUTO_CLUSTERING,AUTO_CLUSTERING,TU_US_NONCREDIT_TRUAUDIENCE_STAGE,TU_US_NONCREDIT_TRUAUDIENCE_STAGE,"{""environment"":""Staging"",""team"":""TruAudience""}"
TU_US_NONCREDIT_TRUAUDIENCE_STAGE,TU_US_NONCREDIT_TRUAUDIENCE_STAGE,2026-07-01,2026-08-01,Usage,2026-07-23,2026-07-24,0.000374,0.00,Snowflake,AWS_US_EAST_1,TU_US_NONCREDIT_TRUAUDIENCE_STAGE,AI_INFERENCE,AI_INFERENCE,TU_US_NONCREDIT_TRUAUDIENCE_STAGE,TU_US_NONCREDIT_TRUAUDIENCE_STAGE,"{""environment"":""Staging"",""team"":""TruAudience""}"
TU_US_NONCREDIT_TRUAUDIENCE_STAGE,TU_US_NONCREDIT_TRUAUDIENCE_STAGE,2026-07-01,2026-08-01,Usage,2026-07-22,2026-07-23,64.314447,153.66,Snowflake,AWS_US_EAST_1,TU_US_NONCREDIT_TRUAUDIENCE_STAGE,WAREHOUSE_METERING,WAREHOUSE_METERING,TU_US_NONCREDIT_TRUAUDIENCE_STAGE,TU_US_NONCREDIT_TRUAUDIENCE_STAGE,"{""environment"":""Staging"",""team"":""TruAudience""}"
TU_US_NONCREDIT_TRUAUDIENCE_STAGE,TU_US_NONCREDIT_TRUAUDIENCE_STAGE,2026-07-01,2026-08-01,Usage,2026-07-22,2026-07-23,4.663151,11.14,Snowflake,AWS_US_EAST_1,TU_US_NONCREDIT_TRUAUDIENCE_STAGE,SERVERLESS_TASK,SERVERLESS_TASK,TU_US_NONCREDIT_TRUAUDIENCE_STAGE,TU_US_NONCREDIT_TRUAUDIENCE_STAGE,"{""environment"":""Staging"",""team"":""TruAudience""}"
TU_US_NONCREDIT_TRUAUDIENCE_STAGE,TU_US_NONCREDIT_TRUAUDIENCE_STAGE,2026-07-01,2026-08-01,Usage,2026-07-22,2026-07-23,4.527217,10.82,Snowflake,AWS_US_EAST_1,TU_US_NONCREDIT_TRUAUDIENCE_STAGE,SNOWFLAKE_INTELLIGENCE,SNOWFLAKE_INTELLIGENCE,TU_US_NONCREDIT_TRUAUDIENCE_STAGE,TU_US_NONCREDIT_TRUAUDIENCE_STAGE,"{""environment"":""Staging"",""team"":""TruAudience""}"
TU_US_NONCREDIT_TRUAUDIENCE_STAGE,TU_US_NONCREDIT_TRUAUDIENCE_STAGE,2026-07-01,2026-08-01,Usage,2026-07-22,2026-07-23,2.895339,6.92,Snowflake,AWS_US_EAST_1,TU_US_NONCREDIT_TRUAUDIENCE_STAGE,SNOWPARK_CONTAINER_SERVICES,SNOWPARK_CONTAINER_SERVICES,TU_US_NONCREDIT_TRUAUDIENCE_STAGE,TU_US_NONCREDIT_TRUAUDIENCE_STAGE,"{""environment"":""Staging"",""team"":""TruAudience""}"
TU_US_NONCREDIT_TRUAUDIENCE_STAGE,TU_US_NONCREDIT_TRUAUDIENCE_STAGE,2026-07-01,2026-08-01,Usage,2026-07-22,2026-07-23,1.531411,3.66,Snowflake,AWS_US_EAST_1,TU_US_NONCREDIT_TRUAUDIENCE_STAGE,CORTEX_CODE_SNOWSIGHT,CORTEX_CODE_SNOWSIGHT,TU_US_NONCREDIT_TRUAUDIENCE_STAGE,TU_US_NONCREDIT_TRUAUDIENCE_STAGE,"{""environment"":""Staging"",""team"":""TruAudience""}"
TU_US_NONCREDIT_TRUAUDIENCE_STAGE,TU_US_NONCREDIT_TRUAUDIENCE_STAGE,2026-07-01,2026-08-01,Usage,2026-07-22,2026-07-23,1.146437,2.74,Snowflake,AWS_US_EAST_1,TU_US_NONCREDIT_TRUAUDIENCE_STAGE,TRUST_CENTER,TRUST_CENTER,TU_US_NONCREDIT_TRUAUDIENCE_STAGE,TU_US_NONCREDIT_TRUAUDIENCE_STAGE,"{""environment"":""Staging"",""team"":""TruAudience""}"
TU_US_NONCREDIT_TRUAUDIENCE_STAGE,TU_US_NONCREDIT_TRUAUDIENCE_STAGE,2026-07-01,2026-08-01,Usage,2026-07-22,2026-07-23,0.004057,0.01,Snowflake,AWS_US_EAST_1,TU_US_NONCREDIT_TRUAUDIENCE_STAGE,TELEMETRY_DATA_INGEST,TELEMETRY_DATA_INGEST,TU_US_NONCREDIT_TRUAUDIENCE_STAGE,TU_US_NONCREDIT_TRUAUDIENCE_STAGE,"{""environment"":""Staging"",""team"":""TruAudience""}"
TU_US_NONCREDIT_TRUAUDIENCE_STAGE,TU_US_NONCREDIT_TRUAUDIENCE_STAGE,2026-07-01,2026-08-01,Usage,2026-07-22,2026-07-23,0.004334,0.01,Snowflake,AWS_US_EAST_1,TU_US_NONCREDIT_TRUAUDIENCE_STAGE,AUTO_CLUSTERING,AUTO_CLUSTERING,TU_US_NONCREDIT_TRUAUDIENCE_STAGE,TU_US_NONCREDIT_TRUAUDIENCE_STAGE,"{""environment"":""Staging"",""team"":""TruAudience""}"
TU_US_NONCREDIT_TRUAUDIENCE_STAGE,TU_US_NONCREDIT_TRUAUDIENCE_STAGE,2026-07-01,2026-08-01,Usage,2026-07-22,2026-07-23,0.002459,0.01,Snowflake,AWS_US_EAST_1,TU_US_NONCREDIT_TRUAUDIENCE_STAGE,CORTEX_SEARCH,CORTEX_SEARCH,TU_US_NONCREDIT_TRUAUDIENCE_STAGE,TU_US_NONCREDIT_TRUAUDIENCE_STAGE,"{""environment"":""Staging"",""team"":""TruAudience""}"
TU_US_NONCREDIT_TRUAUDIENCE_STAGE,TU_US_NONCREDIT_TRUAUDIENCE_STAGE,2026-07-01,2026-08-01,Usage,2026-07-22,2026-07-23,0.000307,0.00,Snowflake,AWS_US_EAST_1,TU_US_NONCREDIT_TRUAUDIENCE_STAGE,AI_INFERENCE,AI_INFERENCE,TU_US_NONCREDIT_TRUAUDIENCE_STAGE,TU_US_NONCREDIT_TRUAUDIENCE_STAGE,"{""environment"":""Staging"",""team"":""TruAudience""}"
TU_US_NONCREDIT_TRUAUDIENCE_STAGE,TU_US_NONCREDIT_TRUAUDIENCE_STAGE,2026-07-01,2026-08-01,Usage,2026-07-21,2026-07-22,21.837631,52.17,Snowflake,AWS_US_EAST_1,TU_US_NONCREDIT_TRUAUDIENCE_STAGE,WAREHOUSE_METERING,WAREHOUSE_METERING,TU_US_NONCREDIT_TRUAUDIENCE_STAGE,TU_US_NONCREDIT_TRUAUDIENCE_STAGE,"{""environment"":""Staging"",""team"":""TruAudience""}"
TU_US_NONCREDIT_TRUAUDIENCE_STAGE,TU_US_NONCREDIT_TRUAUDIENCE_STAGE,2026-07-01,2026-08-01,Usage,2026-07-21,2026-07-22,4.265066,10.19,Snowflake,AWS_US_EAST_1,TU_US_NONCREDIT_TRUAUDIENCE_STAGE,SERVERLESS_TASK,SERVERLESS_TASK,TU_US_NONCREDIT_TRUAUDIENCE_STAGE,TU_US_NONCREDIT_TRUAUDIENCE_STAGE,"{""environment"":""Staging"",""team"":""TruAudience""}"
TU_US_NONCREDIT_TRUAUDIENCE_STAGE,TU_US_NONCREDIT_TRUAUDIENCE_STAGE,2026-07-01,2026-08-01,Usage,2026-07-21,2026-07-22,2.887069,6.90,Snowflake,AWS_US_EAST_1,TU_US_NONCREDIT_TRUAUDIENCE_STAGE,SNOWPARK_CONTAINER_SERVICES,SNOWPARK_CONTAINER_SERVICES,TU_US_NONCREDIT_TRUAUDIENCE_STAGE,TU_US_NONCREDIT_TRUAUDIENCE_STAGE,"{""environment"":""Staging"",""team"":""TruAudience""}"
TU_US_NONCREDIT_TRUAUDIENCE_STAGE,TU_US_NONCREDIT_TRUAUDIENCE_STAGE,2026-07-01,2026-08-01,Usage,2026-07-21,2026-07-22,0.984932,2.35,Snowflake,AWS_US_EAST_1,TU_US_NONCREDIT_TRUAUDIENCE_STAGE,TRUST_CENTER,TRUST_CENTER,TU_US_NONCREDIT_TRUAUDIENCE_STAGE,TU_US_NONCREDIT_TRUAUDIENCE_STAGE,"{""environment"":""Staging"",""team"":""TruAudience""}"
TU_US_NONCREDIT_TRUAUDIENCE_STAGE,TU_US_NONCREDIT_TRUAUDIENCE_STAGE,2026-07-01,2026-08-01,Usage,2026-07-21,2026-07-22,0.003025,0.01,Snowflake,AWS_US_EAST_1,TU_US_NONCREDIT_TRUAUDIENCE_STAGE,AUTO_CLUSTERING,AUTO_CLUSTERING,TU_US_NONCREDIT_TRUAUDIENCE_STAGE,TU_US_NONCREDIT_TRUAUDIENCE_STAGE,"{""environment"":""Staging"",""team"":""TruAudience""}"
TU_US_NONCREDIT_TRUAUDIENCE_STAGE,TU_US_NONCREDIT_TRUAUDIENCE_STAGE,2026-07-01,2026-08-01,Usage,2026-07-21,2026-07-22,0.002314,0.01,Snowflake,AWS_US_EAST_1,TU_US_NONCREDIT_TRUAUDIENCE_STAGE,TELEMETRY_DATA_INGEST,TELEMETRY_DATA_INGEST,TU_US_NONCREDIT_TRUAUDIENCE_STAGE,TU_US_NONCREDIT_TRUAUDIENCE_STAGE,"{""environment"":""Staging"",""team"":""TruAudience""}"
TU_US_NONCREDIT_TRUAUDIENCE_STAGE,TU_US_NONCREDIT_TRUAUDIENCE_STAGE,2026-07-01,2026-08-01,Usage,2026-07-21,2026-07-22,0.002453,0.01,Snowflake,AWS_US_EAST_1,TU_US_NONCREDIT_TRUAUDIENCE_STAGE,CORTEX_SEARCH,CORTEX_SEARCH,TU_US_NONCREDIT_TRUAUDIENCE_STAGE,TU_US_NONCREDIT_TRUAUDIENCE_STAGE,"{""environment"":""Staging"",""team"":""TruAudience""}"
TU_US_NONCREDIT_TRUAUDIENCE_STAGE,TU_US_NONCREDIT_TRUAUDIENCE_STAGE,2026-07-01,2026-08-01,Usage,2026-07-20,2026-07-21,22.240473,53.14,Snowflake,AWS_US_EAST_1,TU_US_NONCREDIT_TRUAUDIENCE_STAGE,WAREHOUSE_METERING,WAREHOUSE_METERING,TU_US_NONCREDIT_TRUAUDIENCE_STAGE,TU_US_NONCREDIT_TRUAUDIENCE_STAGE,"{""environment"":""Staging"",""team"":""TruAudience""}"
TU_US_NONCREDIT_TRUAUDIENCE_STAGE,TU_US_NONCREDIT_TRUAUDIENCE_STAGE,2026-07-01,2026-08-01,Usage,2026-07-20,2026-07-21,4.257664,10.17,Snowflake,AWS_US_EAST_1,TU_US_NONCREDIT_TRUAUDIENCE_STAGE,SERVERLESS_TASK,SERVERLESS_TASK,TU_US_NONCREDIT_TRUAUDIENCE_STAGE,TU_US_NONCREDIT_TRUAUDIENCE_STAGE,"{""environment"":""Staging"",""team"":""TruAudience""}"
TU_US_NONCREDIT_TRUAUDIENCE_STAGE,TU_US_NONCREDIT_TRUAUDIENCE_STAGE,2026-07-01,2026-08-01,Usage,2026-07-20,2026-07-21,2.895440,6.92,Snowflake,AWS_US_EAST_1,TU_US_NONCREDIT_TRUAUDIENCE_STAGE,SNOWPARK_CONTAINER_SERVICES,SNOWPARK_CONTAINER_SERVICES,TU_US_NONCREDIT_TRUAUDIENCE_STAGE,TU_US_NONCREDIT_TRUAUDIENCE_STAGE,"{""environment"":""Staging"",""team"":""TruAudience""}"
TU_US_NONCREDIT_TRUAUDIENCE_STAGE,TU_US_NONCREDIT_TRUAUDIENCE_STAGE,2026-07-01,2026-08-01,Usage,2026-07-20,2026-07-21,1.382043,3.30,Snowflake,AWS_US_EAST_1,TU_US_NONCREDIT_TRUAUDIENCE_STAGE,TRUST_CENTER,TRUST_CENTER,TU_US_NONCREDIT_TRUAUDIENCE_STAGE,TU_US_NONCREDIT_TRUAUDIENCE_STAGE,"{""environment"":""Staging"",""team"":""TruAudience""}"
TU_US_NONCREDIT_TRUAUDIENCE_STAGE,TU_US_NONCREDIT_TRUAUDIENCE_STAGE,2026-07-01,2026-08-01,Usage,2026-07-20,2026-07-21,0.002395,0.01,Snowflake,AWS_US_EAST_1,TU_US_NONCREDIT_TRUAUDIENCE_STAGE,TELEMETRY_DATA_INGEST,TELEMETRY_DATA_INGEST,TU_US_NONCREDIT_TRUAUDIENCE_STAGE,TU_US_NONCREDIT_TRUAUDIENCE_STAGE,"{""environment"":""Staging"",""team"":""TruAudience""}"
TU_US_NONCREDIT_TRUAUDIENCE_STAGE,TU_US_NONCREDIT_TRUAUDIENCE_STAGE,2026-07-01,2026-08-01,Usage,2026-07-20,2026-07-21,0.002457,0.01,Snowflake,AWS_US_EAST_1,TU_US_NONCREDIT_TRUAUDIENCE_STAGE,CORTEX_SEARCH,CORTEX_SEARCH,TU_US_NONCREDIT_TRUAUDIENCE_STAGE,TU_US_NONCREDIT_TRUAUDIENCE_STAGE,"{""environment"":""Staging"",""team"":""TruAudience""}"
TU_US_NONCREDIT_TRUAUDIENCE_STAGE,TU_US_NONCREDIT_TRUAUDIENCE_STAGE,2026-07-01,2026-08-01,Usage,2026-07-20,2026-07-21,0.003030,0.01,Snowflake,AWS_US_EAST_1,TU_US_NONCREDIT_TRUAUDIENCE_STAGE,AUTO_CLUSTERING,AUTO_CLUSTERING,TU_US_NONCREDIT_TRUAUDIENCE_STAGE,TU_US_NONCREDIT_TRUAUDIENCE_STAGE,"{""environment"":""Staging"",""team"":""TruAudience""}"
TU_US_NONCREDIT_TRUAUDIENCE_STAGE,TU_US_NONCREDIT_TRUAUDIENCE_STAGE,2026-07-01,2026-08-01,Usage,2026-07-19,2026-07-20,52.030647,124.32,Snowflake,AWS_US_EAST_1,TU_US_NONCREDIT_TRUAUDIENCE_STAGE,WAREHOUSE_METERING,WAREHOUSE_METERING,TU_US_NONCREDIT_TRUAUDIENCE_STAGE,TU_US_NONCREDIT_TRUAUDIENCE_STAGE,"{""environment"":""Staging"",""team"":""TruAudience""}"
TU_US_NONCREDIT_TRUAUDIENCE_STAGE,TU_US_NONCREDIT_TRUAUDIENCE_STAGE,2026-07-01,2026-08-01,Usage,2026-07-19,2026-07-20,4.625612,11.05,Snowflake,AWS_US_EAST_1,TU_US_NONCREDIT_TRUAUDIENCE_STAGE,SERVERLESS_TASK,SERVERLESS_TASK,TU_US_NONCREDIT_TRUAUDIENCE_STAGE,TU_US_NONCREDIT_TRUAUDIENCE_STAGE,"{""environment"":""Staging"",""team"":""TruAudience""}"
TU_US_NONCREDIT_TRUAUDIENCE_STAGE,TU_US_NONCREDIT_TRUAUDIENCE_STAGE,2026-07-01,2026-08-01,Usage,2026-07-19,2026-07-20,2.891315,6.91,Snowflake,AWS_US_EAST_1,TU_US_NONCREDIT_TRUAUDIENCE_STAGE,SNOWPARK_CONTAINER_SERVICES,SNOWPARK_CONTAINER_SERVICES,TU_US_NONCREDIT_TRUAUDIENCE_STAGE,TU_US_NONCREDIT_TRUAUDIENCE_STAGE,"{""environment"":""Staging"",""team"":""TruAudience""}"
TU_US_NONCREDIT_TRUAUDIENCE_STAGE,TU_US_NONCREDIT_TRUAUDIENCE_STAGE,2026-07-01,2026-08-01,Usage,2026-07-19,2026-07-20,0.855197,2.04,Snowflake,AWS_US_EAST_1,TU_US_NONCREDIT_TRUAUDIENCE_STAGE,TRUST_CENTER,TRUST_CENTER,TU_US_NONCREDIT_TRUAUDIENCE_STAGE,TU_US_NONCREDIT_TRUAUDIENCE_STAGE,"{""environment"":""Staging"",""team"":""TruAudience""}"
TU_US_NONCREDIT_TRUAUDIENCE_STAGE,TU_US_NONCREDIT_TRUAUDIENCE_STAGE,2026-07-01,2026-08-01,Usage,2026-07-19,2026-07-20,0.002384,0.01,Snowflake,AWS_US_EAST_1,TU_US_NONCREDIT_TRUAUDIENCE_STAGE,TELEMETRY_DATA_INGEST,TELEMETRY_DATA_INGEST,TU_US_NONCREDIT_TRUAUDIENCE_STAGE,TU_US_NONCREDIT_TRUAUDIENCE_STAGE,"{""environment"":""Staging"",""team"":""TruAudience""}"
TU_US_NONCREDIT_TRUAUDIENCE_STAGE,TU_US_NONCREDIT_TRUAUDIENCE_STAGE,2026-07-01,2026-08-01,Usage,2026-07-19,2026-07-20,0.006227,0.01,Snowflake,AWS_US_EAST_1,TU_US_NONCREDIT_TRUAUDIENCE_STAGE,AUTO_CLUSTERING,AUTO_CLUSTERING,TU_US_NONCREDIT_TRUAUDIENCE_STAGE,TU_US_NONCREDIT_TRUAUDIENCE_STAGE,"{""environment"":""Staging"",""team"":""TruAudience""}"
TU_US_NONCREDIT_TRUAUDIENCE_STAGE,TU_US_NONCREDIT_TRUAUDIENCE_STAGE,2026-07-01,2026-08-01,Usage,2026-07-19,2026-07-20,0.002456,0.01,Snowflake,AWS_US_EAST_1,TU_US_NONCREDIT_TRUAUDIENCE_STAGE,CORTEX_SEARCH,CORTEX_SEARCH,TU_US_NONCREDIT_TRUAUDIENCE_STAGE,TU_US_NONCREDIT_TRUAUDIENCE_STAGE,"{""environment"":""Staging"",""team"":""TruAudience""}"
TU_US_NONCREDIT_TRUAUDIENCE_STAGE,TU_US_NONCREDIT_TRUAUDIENCE_STAGE,2026-07-01,2026-08-01,Usage,2026-07-18,2026-07-19,67.158050,160.46,Snowflake,AWS_US_EAST_1,TU_US_NONCREDIT_TRUAUDIENCE_STAGE,WAREHOUSE_METERING,WAREHOUSE_METERING,TU_US_NONCREDIT_TRUAUDIENCE_STAGE,TU_US_NONCREDIT_TRUAUDIENCE_STAGE,"{""environment"":""Staging"",""team"":""TruAudience""}"
TU_US_NONCREDIT_TRUAUDIENCE_STAGE,TU_US_NONCREDIT_TRUAUDIENCE_STAGE,2026-07-01,2026-08-01,Usage,2026-07-18,2026-07-19,8.392307,20.05,Snowflake,AWS_US_EAST_1,TU_US_NONCREDIT_TRUAUDIENCE_STAGE,SNOWFLAKE_INTELLIGENCE,SNOWFLAKE_INTELLIGENCE,TU_US_NONCREDIT_TRUAUDIENCE_STAGE,TU_US_NONCREDIT_TRUAUDIENCE_STAGE,"{""environment"":""Staging"",""team"":""TruAudience""}"
TU_US_NONCREDIT_TRUAUDIENCE_STAGE,TU_US_NONCREDIT_TRUAUDIENCE_STAGE,2026-07-01,2026-08-01,Usage,2026-07-18,2026-07-19,4.871829,11.64,Snowflake,AWS_US_EAST_1,TU_US_NONCREDIT_TRUAUDIENCE_STAGE,SERVERLESS_TASK,SERVERLESS_TASK,TU_US_NONCREDIT_TRUAUDIENCE_STAGE,TU_US_NONCREDIT_TRUAUDIENCE_STAGE,"{""environment"":""Staging"",""team"":""TruAudience""}"
TU_US_NONCREDIT_TRUAUDIENCE_STAGE,TU_US_NONCREDIT_TRUAUDIENCE_STAGE,2026-07-01,2026-08-01,Usage,2026-07-18,2026-07-19,2.888205,6.90,Snowflake,AWS_US_EAST_1,TU_US_NONCREDIT_TRUAUDIENCE_STAGE,SNOWPARK_CONTAINER_SERVICES,SNOWPARK_CONTAINER_SERVICES,TU_US_NONCREDIT_TRUAUDIENCE_STAGE,TU_US_NONCREDIT_TRUAUDIENCE_STAGE,"{""environment"":""Staging"",""team"":""TruAudience""}"
TU_US_NONCREDIT_TRUAUDIENCE_STAGE,TU_US_NONCREDIT_TRUAUDIENCE_STAGE,2026-07-01,2026-08-01,Usage,2026-07-18,2026-07-19,0.745327,1.78,Snowflake,AWS_US_EAST_1,TU_US_NONCREDIT_TRUAUDIENCE_STAGE,TRUST_CENTER,TRUST_CENTER,TU_US_NONCREDIT_TRUAUDIENCE_STAGE,TU_US_NONCREDIT_TRUAUDIENCE_STAGE,"{""environment"":""Staging"",""team"":""TruAudience""}"
TU_US_NONCREDIT_TRUAUDIENCE_STAGE,TU_US_NONCREDIT_TRUAUDIENCE_STAGE,2026-07-01,2026-08-01,Usage,2026-07-18,2026-07-19,0.006393,0.02,Snowflake,AWS_US_EAST_1,TU_US_NONCREDIT_TRUAUDIENCE_STAGE,AUTO_CLUSTERING,AUTO_CLUSTERING,TU_US_NONCREDIT_TRUAUDIENCE_STAGE,TU_US_NONCREDIT_TRUAUDIENCE_STAGE,"{""environment"":""Staging"",""team"":""TruAudience""}"
TU_US_NONCREDIT_TRUAUDIENCE_STAGE,TU_US_NONCREDIT_TRUAUDIENCE_STAGE,2026-07-01,2026-08-01,Usage,2026-07-18,2026-07-19,0.002451,0.01,Snowflake,AWS_US_EAST_1,TU_US_NONCREDIT_TRUAUDIENCE_STAGE,CORTEX_SEARCH,CORTEX_SEARCH,TU_US_NONCREDIT_TRUAUDIENCE_STAGE,TU_US_NONCREDIT_TRUAUDIENCE_STAGE,"{""environment"":""Staging"",""team"":""TruAudience""}"
TU_US_NONCREDIT_TRUAUDIENCE_STAGE,TU_US_NONCREDIT_TRUAUDIENCE_STAGE,2026-07-01,2026-08-01,Usage,2026-07-18,2026-07-19,0.002599,0.01,Snowflake,AWS_US_EAST_1,TU_US_NONCREDIT_TRUAUDIENCE_STAGE,TELEMETRY_DATA_INGEST,TELEMETRY_DATA_INGEST,TU_US_NONCREDIT_TRUAUDIENCE_STAGE,TU_US_NONCREDIT_TRUAUDIENCE_STAGE,"{""environment"":""Staging"",""team"":""TruAudience""}"
TU_US_NONCREDIT_TRUAUDIENCE_STAGE,TU_US_NONCREDIT_TRUAUDIENCE_STAGE,2026-07-01,2026-08-01,Usage,2026-07-18,2026-07-19,0.000059,0.00,Snowflake,AWS_US_EAST_1,TU_US_NONCREDIT_TRUAUDIENCE_STAGE,AI_INFERENCE,AI_INFERENCE,TU_US_NONCREDIT_TRUAUDIENCE_STAGE,TU_US_NONCREDIT_TRUAUDIENCE_STAGE,"{""environment"":""Staging"",""team"":""TruAudience""}"
TU_US_NONCREDIT_TRUAUDIENCE_STAGE,TU_US_NONCREDIT_TRUAUDIENCE_STAGE,2026-07-01,2026-08-01,Usage,2026-07-17,2026-07-18,64.826077,154.89,Snowflake,AWS_US_EAST_1,TU_US_NONCREDIT_TRUAUDIENCE_STAGE,WAREHOUSE_METERING,WAREHOUSE_METERING,TU_US_NONCREDIT_TRUAUDIENCE_STAGE,TU_US_NONCREDIT_TRUAUDIENCE_STAGE,"{""environment"":""Staging"",""team"":""TruAudience""}"
TU_US_NONCREDIT_TRUAUDIENCE_STAGE,TU_US_NONCREDIT_TRUAUDIENCE_STAGE,2026-07-01,2026-08-01,Usage,2026-07-17,2026-07-18,4.740746,11.33,Snowflake,AWS_US_EAST_1,TU_US_NONCREDIT_TRUAUDIENCE_STAGE,SERVERLESS_TASK,SERVERLESS_TASK,TU_US_NONCREDIT_TRUAUDIENCE_STAGE,TU_US_NONCREDIT_TRUAUDIENCE_STAGE,"{""environment"":""Staging"",""team"":""TruAudience""}"
TU_US_NONCREDIT_TRUAUDIENCE_STAGE,TU_US_NONCREDIT_TRUAUDIENCE_STAGE,2026-07-01,2026-08-01,Usage,2026-07-17,2026-07-18,2.894137,6.91,Snowflake,AWS_US_EAST_1,TU_US_NONCREDIT_TRUAUDIENCE_STAGE,SNOWPARK_CONTAINER_SERVICES,SNOWPARK_CONTAINER_SERVICES,TU_US_NONCREDIT_TRUAUDIENCE_STAGE,TU_US_NONCREDIT_TRUAUDIENCE_STAGE,"{""environment"":""Staging"",""team"":""TruAudience""}"
TU_US_NONCREDIT_TRUAUDIENCE_STAGE,TU_US_NONCREDIT_TRUAUDIENCE_STAGE,2026-07-01,2026-08-01,Usage,2026-07-17,2026-07-18,1.115299,2.66,Snowflake,AWS_US_EAST_1,TU_US_NONCREDIT_TRUAUDIENCE_STAGE,TRUST_CENTER,TRUST_CENTER,TU_US_NONCREDIT_TRUAUDIENCE_STAGE,TU_US_NONCREDIT_TRUAUDIENCE_STAGE,"{""environment"":""Staging"",""team"":""TruAudience""}"
TU_US_NONCREDIT_TRUAUDIENCE_STAGE,TU_US_NONCREDIT_TRUAUDIENCE_STAGE,2026-07-01,2026-08-01,Usage,2026-07-17,2026-07-18,0.098059,0.23,Snowflake,AWS_US_EAST_1,TU_US_NONCREDIT_TRUAUDIENCE_STAGE,SNOWFLAKE_INTELLIGENCE,SNOWFLAKE_INTELLIGENCE,TU_US_NONCREDIT_TRUAUDIENCE_STAGE,TU_US_NONCREDIT_TRUAUDIENCE_STAGE,"{""environment"":""Staging"",""team"":""TruAudience""}"
TU_US_NONCREDIT_TRUAUDIENCE_STAGE,TU_US_NONCREDIT_TRUAUDIENCE_STAGE,2026-07-01,2026-08-01,Usage,2026-07-17,2026-07-18,0.034441,0.08,Snowflake,AWS_US_EAST_1,TU_US_NONCREDIT_TRUAUDIENCE_STAGE,CORTEX_CODE_SNOWSIGHT,CORTEX_CODE_SNOWSIGHT,TU_US_NONCREDIT_TRUAUDIENCE_STAGE,TU_US_NONCREDIT_TRUAUDIENCE_STAGE,"{""environment"":""Staging"",""team"":""TruAudience""}"
TU_US_NONCREDIT_TRUAUDIENCE_STAGE,TU_US_NONCREDIT_TRUAUDIENCE_STAGE,2026-07-01,2026-08-01,Usage,2026-07-17,2026-07-18,0.005217,0.01,Snowflake,AWS_US_EAST_1,TU_US_NONCREDIT_TRUAUDIENCE_STAGE,AUTO_CLUSTERING,AUTO_CLUSTERING,TU_US_NONCREDIT_TRUAUDIENCE_STAGE,TU_US_NONCREDIT_TRUAUDIENCE_STAGE,"{""environment"":""Staging"",""team"":""TruAudience""}"
TU_US_NONCREDIT_TRUAUDIENCE_STAGE,TU_US_NONCREDIT_TRUAUDIENCE_STAGE,2026-07-01,2026-08-01,Usage,2026-07-17,2026-07-18,0.002449,0.01,Snowflake,AWS_US_EAST_1,TU_US_NONCREDIT_TRUAUDIENCE_STAGE,CORTEX_SEARCH,CORTEX_SEARCH,TU_US_NONCREDIT_TRUAUDIENCE_STAGE,TU_US_NONCREDIT_TRUAUDIENCE_STAGE,"{""environment"":""Staging"",""team"":""TruAudience""}"
TU_US_NONCREDIT_TRUAUDIENCE_STAGE,TU_US_NONCREDIT_TRUAUDIENCE_STAGE,2026-07-01,2026-08-01,Usage,2026-07-17,2026-07-18,0.003075,0.01,Snowflake,AWS_US_EAST_1,TU_US_NONCREDIT_TRUAUDIENCE_STAGE,TELEMETRY_DATA_INGEST,TELEMETRY_DATA_INGEST,TU_US_NONCREDIT_TRUAUDIENCE_STAGE,TU_US_NONCREDIT_TRUAUDIENCE_STAGE,"{""environment"":""Staging"",""team"":""TruAudience""}"
TU_US_NONCREDIT_TRUAUDIENCE_STAGE,TU_US_NONCREDIT_TRUAUDIENCE_STAGE,2026-07-01,2026-08-01,Usage,2026-07-17,2026-07-18,0.000247,0.00,Snowflake,AWS_US_EAST_1,TU_US_NONCREDIT_TRUAUDIENCE_STAGE,AI_INFERENCE,AI_INFERENCE,TU_US_NONCREDIT_TRUAUDIENCE_STAGE,TU_US_NONCREDIT_TRUAUDIENCE_STAGE,"{""environment"":""Staging"",""team"":""TruAudience""}"
TU_US_NONCREDIT_TRUAUDIENCE_STAGE,TU_US_NONCREDIT_TRUAUDIENCE_STAGE,2026-07-01,2026-08-01,Usage,2026-07-16,2026-07-17,73.834911,176.41,Snowflake,AWS_US_EAST_1,TU_US_NONCREDIT_TRUAUDIENCE_STAGE,WAREHOUSE_METERING,WAREHOUSE_METERING,TU_US_NONCREDIT_TRUAUDIENCE_STAGE,TU_US_NONCREDIT_TRUAUDIENCE_STAGE,"{""environment"":""Staging"",""team"":""TruAudience""}"
TU_US_NONCREDIT_TRUAUDIENCE_STAGE,TU_US_NONCREDIT_TRUAUDIENCE_STAGE,2026-07-01,2026-08-01,Usage,2026-07-16,2026-07-17,4.684602,11.19,Snowflake,AWS_US_EAST_1,TU_US_NONCREDIT_TRUAUDIENCE_STAGE,SERVERLESS_TASK,SERVERLESS_TASK,TU_US_NONCREDIT_TRUAUDIENCE_STAGE,TU_US_NONCREDIT_TRUAUDIENCE_STAGE,"{""environment"":""Staging"",""team"":""TruAudience""}"
TU_US_NONCREDIT_TRUAUDIENCE_STAGE,TU_US_NONCREDIT_TRUAUDIENCE_STAGE,2026-07-01,2026-08-01,Usage,2026-07-16,2026-07-17,2.891554,6.91,Snowflake,AWS_US_EAST_1,TU_US_NONCREDIT_TRUAUDIENCE_STAGE,SNOWPARK_CONTAINER_SERVICES,SNOWPARK_CONTAINER_SERVICES,TU_US_NONCREDIT_TRUAUDIENCE_STAGE,TU_US_NONCREDIT_TRUAUDIENCE_STAGE,"{""environment"":""Staging"",""team"":""TruAudience""}"
TU_US_NONCREDIT_TRUAUDIENCE_STAGE,TU_US_NONCREDIT_TRUAUDIENCE_STAGE,2026-07-01,2026-08-01,Usage,2026-07-16,2026-07-17,1.646105,3.93,Snowflake,AWS_US_EAST_1,TU_US_NONCREDIT_TRUAUDIENCE_STAGE,CORTEX_CODE_SNOWSIGHT,CORTEX_CODE_SNOWSIGHT,TU_US_NONCREDIT_TRUAUDIENCE_STAGE,TU_US_NONCREDIT_TRUAUDIENCE_STAGE,"{""environment"":""Staging"",""team"":""TruAudience""}"
TU_US_NONCREDIT_TRUAUDIENCE_STAGE,TU_US_NONCREDIT_TRUAUDIENCE_STAGE,2026-07-01,2026-08-01,Usage,2026-07-16,2026-07-17,0.889925,2.13,Snowflake,AWS_US_EAST_1,TU_US_NONCREDIT_TRUAUDIENCE_STAGE,TRUST_CENTER,TRUST_CENTER,TU_US_NONCREDIT_TRUAUDIENCE_STAGE,TU_US_NONCREDIT_TRUAUDIENCE_STAGE,"{""environment"":""Staging"",""team"":""TruAudience""}"
TU_US_NONCREDIT_TRUAUDIENCE_STAGE,TU_US_NONCREDIT_TRUAUDIENCE_STAGE,2026-07-01,2026-08-01,Usage,2026-07-16,2026-07-17,0.002450,0.01,Snowflake,AWS_US_EAST_1,TU_US_NONCREDIT_TRUAUDIENCE_STAGE,CORTEX_SEARCH,CORTEX_SEARCH,TU_US_NONCREDIT_TRUAUDIENCE_STAGE,TU_US_NONCREDIT_TRUAUDIENCE_STAGE,"{""environment"":""Staging"",""team"":""TruAudience""}"
TU_US_NONCREDIT_TRUAUDIENCE_STAGE,TU_US_NONCREDIT_TRUAUDIENCE_STAGE,2026-07-01,2026-08-01,Usage,2026-07-16,2026-07-17,0.005342,0.01,Snowflake,AWS_US_EAST_1,TU_US_NONCREDIT_TRUAUDIENCE_STAGE,AUTO_CLUSTERING,AUTO_CLUSTERING,TU_US_NONCREDIT_TRUAUDIENCE_STAGE,TU_US_NONCREDIT_TRUAUDIENCE_STAGE,"{""environment"":""Staging"",""team"":""TruAudience""}"
TU_US_NONCREDIT_TRUAUDIENCE_STAGE,TU_US_NONCREDIT_TRUAUDIENCE_STAGE,2026-07-01,2026-08-01,Usage,2026-07-16,2026-07-17,0.003388,0.01,Snowflake,AWS_US_EAST_1,TU_US_NONCREDIT_TRUAUDIENCE_STAGE,TELEMETRY_DATA_INGEST,TELEMETRY_DATA_INGEST,TU_US_NONCREDIT_TRUAUDIENCE_STAGE,TU_US_NONCREDIT_TRUAUDIENCE_STAGE,"{""environment"":""Staging"",""team"":""TruAudience""}"
TU_US_NONCREDIT_TRUAUDIENCE_STAGE,TU_US_NONCREDIT_TRUAUDIENCE_STAGE,2026-07-01,2026-08-01,Usage,2026-07-15,2026-07-16,83.744776,200.09,Snowflake,AWS_US_EAST_1,TU_US_NONCREDIT_TRUAUDIENCE_STAGE,WAREHOUSE_METERING,WAREHOUSE_METERING,TU_US_NONCREDIT_TRUAUDIENCE_STAGE,TU_US_NONCREDIT_TRUAUDIENCE_STAGE,"{""environment"":""Staging"",""team"":""TruAudience""}"
TU_US_NONCREDIT_TRUAUDIENCE_STAGE,TU_US_NONCREDIT_TRUAUDIENCE_STAGE,2026-07-01,2026-08-01,Usage,2026-07-15,2026-07-16,4.327746,10.34,Snowflake,AWS_US_EAST_1,TU_US_NONCREDIT_TRUAUDIENCE_STAGE,SERVERLESS_TASK,SERVERLESS_TASK,TU_US_NONCREDIT_TRUAUDIENCE_STAGE,TU_US_NONCREDIT_TRUAUDIENCE_STAGE,"{""environment"":""Staging"",""team"":""TruAudience""}"
TU_US_NONCREDIT_TRUAUDIENCE_STAGE,TU_US_NONCREDIT_TRUAUDIENCE_STAGE,2026-07-01,2026-08-01,Usage,2026-07-15,2026-07-16,2.889332,6.90,Snowflake,AWS_US_EAST_1,TU_US_NONCREDIT_TRUAUDIENCE_STAGE,SNOWPARK_CONTAINER_SERVICES,SNOWPARK_CONTAINER_SERVICES,TU_US_NONCREDIT_TRUAUDIENCE_STAGE,TU_US_NONCREDIT_TRUAUDIENCE_STAGE,"{""environment"":""Staging"",""team"":""TruAudience""}"
TU_US_NONCREDIT_TRUAUDIENCE_STAGE,TU_US_NONCREDIT_TRUAUDIENCE_STAGE,2026-07-01,2026-08-01,Usage,2026-07-15,2026-07-16,0.869182,2.08,Snowflake,AWS_US_EAST_1,TU_US_NONCREDIT_TRUAUDIENCE_STAGE,TRUST_CENTER,TRUST_CENTER,TU_US_NONCREDIT_TRUAUDIENCE_STAGE,TU_US_NONCREDIT_TRUAUDIENCE_STAGE,"{""environment"":""Staging"",""team"":""TruAudience""}"
TU_US_NONCREDIT_TRUAUDIENCE_STAGE,TU_US_NONCREDIT_TRUAUDIENCE_STAGE,2026-07-01,2026-08-01,Usage,2026-07-15,2026-07-16,0.331797,0.79,Snowflake,AWS_US_EAST_1,TU_US_NONCREDIT_TRUAUDIENCE_STAGE,CORTEX_CODE_SNOWSIGHT,CORTEX_CODE_SNOWSIGHT,TU_US_NONCREDIT_TRUAUDIENCE_STAGE,TU_US_NONCREDIT_TRUAUDIENCE_STAGE,"{""environment"":""Staging"",""team"":""TruAudience""}"
TU_US_NONCREDIT_TRUAUDIENCE_STAGE,TU_US_NONCREDIT_TRUAUDIENCE_STAGE,2026-07-01,2026-08-01,Usage,2026-07-15,2026-07-16,0.003680,0.01,Snowflake,AWS_US_EAST_1,TU_US_NONCREDIT_TRUAUDIENCE_STAGE,AUTO_CLUSTERING,AUTO_CLUSTERING,TU_US_NONCREDIT_TRUAUDIENCE_STAGE,TU_US_NONCREDIT_TRUAUDIENCE_STAGE,"{""environment"":""Staging"",""team"":""TruAudience""}"
TU_US_NONCREDIT_TRUAUDIENCE_STAGE,TU_US_NONCREDIT_TRUAUDIENCE_STAGE,2026-07-01,2026-08-01,Usage,2026-07-15,2026-07-16,0.002421,0.01,Snowflake,AWS_US_EAST_1,TU_US_NONCREDIT_TRUAUDIENCE_STAGE,TELEMETRY_DATA_INGEST,TELEMETRY_DATA_INGEST,TU_US_NONCREDIT_TRUAUDIENCE_STAGE,TU_US_NONCREDIT_TRUAUDIENCE_STAGE,"{""environment"":""Staging"",""team"":""TruAudience""}"
TU_US_NONCREDIT_TRUAUDIENCE_STAGE,TU_US_NONCREDIT_TRUAUDIENCE_STAGE,2026-07-01,2026-08-01,Usage,2026-07-15,2026-07-16,0.002446,0.01,Snowflake,AWS_US_EAST_1,TU_US_NONCREDIT_TRUAUDIENCE_STAGE,CORTEX_SEARCH,CORTEX_SEARCH,TU_US_NONCREDIT_TRUAUDIENCE_STAGE,TU_US_NONCREDIT_TRUAUDIENCE_STAGE,"{""environment"":""Staging"",""team"":""TruAudience""}"
TU_US_NONCREDIT_TRUAUDIENCE_STAGE,TU_US_NONCREDIT_TRUAUDIENCE_STAGE,2026-07-01,2026-08-01,Usage,2026-07-15,2026-07-16,0.000172,0.00,Snowflake,AWS_US_EAST_1,TU_US_NONCREDIT_TRUAUDIENCE_STAGE,AI_INFERENCE,AI_INFERENCE,TU_US_NONCREDIT_TRUAUDIENCE_STAGE,TU_US_NONCREDIT_TRUAUDIENCE_STAGE,"{""environment"":""Staging"",""team"":""TruAudience""}"
TU_US_NONCREDIT_TRUAUDIENCE_STAGE,TU_US_NONCREDIT_TRUAUDIENCE_STAGE,2026-07-01,2026-08-01,Usage,2026-07-14,2026-07-15,45.809719,109.45,Snowflake,AWS_US_EAST_1,TU_US_NONCREDIT_TRUAUDIENCE_STAGE,WAREHOUSE_METERING,WAREHOUSE_METERING,TU_US_NONCREDIT_TRUAUDIENCE_STAGE,TU_US_NONCREDIT_TRUAUDIENCE_STAGE,"{""environment"":""Staging"",""team"":""TruAudience""}"
TU_US_NONCREDIT_TRUAUDIENCE_STAGE,TU_US_NONCREDIT_TRUAUDIENCE_STAGE,2026-07-01,2026-08-01,Usage,2026-07-14,2026-07-15,3.363251,8.04,Snowflake,AWS_US_EAST_1,TU_US_NONCREDIT_TRUAUDIENCE_STAGE,SERVERLESS_TASK,SERVERLESS_TASK,TU_US_NONCREDIT_TRUAUDIENCE_STAGE,TU_US_NONCREDIT_TRUAUDIENCE_STAGE,"{""environment"":""Staging"",""team"":""TruAudience""}"
TU_US_NONCREDIT_TRUAUDIENCE_STAGE,TU_US_NONCREDIT_TRUAUDIENCE_STAGE,2026-07-01,2026-08-01,Usage,2026-07-14,2026-07-15,2.896849,6.92,Snowflake,AWS_US_EAST_1,TU_US_NONCREDIT_TRUAUDIENCE_STAGE,SNOWPARK_CONTAINER_SERVICES,SNOWPARK_CONTAINER_SERVICES,TU_US_NONCREDIT_TRUAUDIENCE_STAGE,TU_US_NONCREDIT_TRUAUDIENCE_STAGE,"{""environment"":""Staging"",""team"":""TruAudience""}"
TU_US_NONCREDIT_TRUAUDIENCE_STAGE,TU_US_NONCREDIT_TRUAUDIENCE_STAGE,2026-07-01,2026-08-01,Usage,2026-07-14,2026-07-15,0.810861,1.94,Snowflake,AWS_US_EAST_1,TU_US_NONCREDIT_TRUAUDIENCE_STAGE,TRUST_CENTER,TRUST_CENTER,TU_US_NONCREDIT_TRUAUDIENCE_STAGE,TU_US_NONCREDIT_TRUAUDIENCE_STAGE,"{""environment"":""Staging"",""team"":""TruAudience""}"
TU_US_NONCREDIT_TRUAUDIENCE_STAGE,TU_US_NONCREDIT_TRUAUDIENCE_STAGE,2026-07-01,2026-08-01,Usage,2026-07-14,2026-07-15,0.076058,0.18,Snowflake,AWS_US_EAST_1,TU_US_NONCREDIT_TRUAUDIENCE_STAGE,CORTEX_CODE_SNOWSIGHT,CORTEX_CODE_SNOWSIGHT,TU_US_NONCREDIT_TRUAUDIENCE_STAGE,TU_US_NONCREDIT_TRUAUDIENCE_STAGE,"{""environment"":""Staging"",""team"":""TruAudience""}"
TU_US_NONCREDIT_TRUAUDIENCE_STAGE,TU_US_NONCREDIT_TRUAUDIENCE_STAGE,2026-07-01,2026-08-01,Usage,2026-07-14,2026-07-15,0.002448,0.01,Snowflake,AWS_US_EAST_1,TU_US_NONCREDIT_TRUAUDIENCE_STAGE,CORTEX_SEARCH,CORTEX_SEARCH,TU_US_NONCREDIT_TRUAUDIENCE_STAGE,TU_US_NONCREDIT_TRUAUDIENCE_STAGE,"{""environment"":""Staging"",""team"":""TruAudience""}"
TU_US_NONCREDIT_TRUAUDIENCE_STAGE,TU_US_NONCREDIT_TRUAUDIENCE_STAGE,2026-07-01,2026-08-01,Usage,2026-07-14,2026-07-15,0.003921,0.01,Snowflake,AWS_US_EAST_1,TU_US_NONCREDIT_TRUAUDIENCE_STAGE,AUTO_CLUSTERING,AUTO_CLUSTERING,TU_US_NONCREDIT_TRUAUDIENCE_STAGE,TU_US_NONCREDIT_TRUAUDIENCE_STAGE,"{""environment"":""Staging"",""team"":""TruAudience""}"
TU_US_NONCREDIT_TRUAUDIENCE_STAGE,TU_US_NONCREDIT_TRUAUDIENCE_STAGE,2026-07-01,2026-08-01,Usage,2026-07-14,2026-07-15,0.002639,0.01,Snowflake,AWS_US_EAST_1,TU_US_NONCREDIT_TRUAUDIENCE_STAGE,TELEMETRY_DATA_INGEST,TELEMETRY_DATA_INGEST,TU_US_NONCREDIT_TRUAUDIENCE_STAGE,TU_US_NONCREDIT_TRUAUDIENCE_STAGE,"{""environment"":""Staging"",""team"":""TruAudience""}"
TU_US_NONCREDIT_TRUAUDIENCE_STAGE,TU_US_NONCREDIT_TRUAUDIENCE_STAGE,2026-07-01,2026-08-01,Usage,2026-07-14,2026-07-15,0.000175,0.00,Snowflake,AWS_US_EAST_1,TU_US_NONCREDIT_TRUAUDIENCE_STAGE,AI_INFERENCE,AI_INFERENCE,TU_US_NONCREDIT_TRUAUDIENCE_STAGE,TU_US_NONCREDIT_TRUAUDIENCE_STAGE,"{""environment"":""Staging"",""team"":""TruAudience""}"
TU_US_NONCREDIT_TRUAUDIENCE_STAGE,TU_US_NONCREDIT_TRUAUDIENCE_STAGE,2026-07-01,2026-08-01,Usage,2026-07-13,2026-07-14,51.789335,123.74,Snowflake,AWS_US_EAST_1,TU_US_NONCREDIT_TRUAUDIENCE_STAGE,WAREHOUSE_METERING,WAREHOUSE_METERING,TU_US_NONCREDIT_TRUAUDIENCE_STAGE,TU_US_NONCREDIT_TRUAUDIENCE_STAGE,"{""environment"":""Staging"",""team"":""TruAudience""}"
TU_US_NONCREDIT_TRUAUDIENCE_STAGE,TU_US_NONCREDIT_TRUAUDIENCE_STAGE,2026-07-01,2026-08-01,Usage,2026-07-13,2026-07-14,3.489507,8.34,Snowflake,AWS_US_EAST_1,TU_US_NONCREDIT_TRUAUDIENCE_STAGE,SERVERLESS_TASK,SERVERLESS_TASK,TU_US_NONCREDIT_TRUAUDIENCE_STAGE,TU_US_NONCREDIT_TRUAUDIENCE_STAGE,"{""environment"":""Staging"",""team"":""TruAudience""}"
TU_US_NONCREDIT_TRUAUDIENCE_STAGE,TU_US_NONCREDIT_TRUAUDIENCE_STAGE,2026-07-01,2026-08-01,Usage,2026-07-13,2026-07-14,2.883003,6.89,Snowflake,AWS_US_EAST_1,TU_US_NONCREDIT_TRUAUDIENCE_STAGE,SNOWPARK_CONTAINER_SERVICES,SNOWPARK_CONTAINER_SERVICES,TU_US_NONCREDIT_TRUAUDIENCE_STAGE,TU_US_NONCREDIT_TRUAUDIENCE_STAGE,"{""environment"":""Staging"",""team"":""TruAudience""}"
TU_US_NONCREDIT_TRUAUDIENCE_STAGE,TU_US_NONCREDIT_TRUAUDIENCE_STAGE,2026-07-01,2026-08-01,Usage,2026-07-13,2026-07-14,0.760806,1.82,Snowflake,AWS_US_EAST_1,TU_US_NONCREDIT_TRUAUDIENCE_STAGE,TRUST_CENTER,TRUST_CENTER,TU_US_NONCREDIT_TRUAUDIENCE_STAGE,TU_US_NONCREDIT_TRUAUDIENCE_STAGE,"{""environment"":""Staging"",""team"":""TruAudience""}"
TU_US_NONCREDIT_TRUAUDIENCE_STAGE,TU_US_NONCREDIT_TRUAUDIENCE_STAGE,2026-07-01,2026-08-01,Usage,2026-07-13,2026-07-14,0.070301,0.17,Snowflake,AWS_US_EAST_1,TU_US_NONCREDIT_TRUAUDIENCE_STAGE,CORTEX_CODE_SNOWSIGHT,CORTEX_CODE_SNOWSIGHT,TU_US_NONCREDIT_TRUAUDIENCE_STAGE,TU_US_NONCREDIT_TRUAUDIENCE_STAGE,"{""environment"":""Staging"",""team"":""TruAudience""}"
TU_US_NONCREDIT_TRUAUDIENCE_STAGE,TU_US_NONCREDIT_TRUAUDIENCE_STAGE,2026-07-01,2026-08-01,Usage,2026-07-13,2026-07-14,0.002448,0.01,Snowflake,AWS_US_EAST_1,TU_US_NONCREDIT_TRUAUDIENCE_STAGE,CORTEX_SEARCH,CORTEX_SEARCH,TU_US_NONCREDIT_TRUAUDIENCE_STAGE,TU_US_NONCREDIT_TRUAUDIENCE_STAGE,"{""environment"":""Staging"",""team"":""TruAudience""}"
TU_US_NONCREDIT_TRUAUDIENCE_STAGE,TU_US_NONCREDIT_TRUAUDIENCE_STAGE,2026-07-01,2026-08-01,Usage,2026-07-13,2026-07-14,0.003915,0.01,Snowflake,AWS_US_EAST_1,TU_US_NONCREDIT_TRUAUDIENCE_STAGE,AUTO_CLUSTERING,AUTO_CLUSTERING,TU_US_NONCREDIT_TRUAUDIENCE_STAGE,TU_US_NONCREDIT_TRUAUDIENCE_STAGE,"{""environment"":""Staging"",""team"":""TruAudience""}"
TU_US_NONCREDIT_TRUAUDIENCE_STAGE,TU_US_NONCREDIT_TRUAUDIENCE_STAGE,2026-07-01,2026-08-01,Usage,2026-07-13,2026-07-14,0.004029,0.01,Snowflake,AWS_US_EAST_1,TU_US_NONCREDIT_TRUAUDIENCE_STAGE,TELEMETRY_DATA_INGEST,TELEMETRY_DATA_INGEST,TU_US_NONCREDIT_TRUAUDIENCE_STAGE,TU_US_NONCREDIT_TRUAUDIENCE_STAGE,"{""environment"":""Staging"",""team"":""TruAudience""}"
TU_US_NONCREDIT_TRUAUDIENCE_STAGE,TU_US_NONCREDIT_TRUAUDIENCE_STAGE,2026-07-01,2026-08-01,Usage,2026-07-13,2026-07-14,0.000304,0.00,Snowflake,AWS_US_EAST_1,TU_US_NONCREDIT_TRUAUDIENCE_STAGE,AI_INFERENCE,AI_INFERENCE,TU_US_NONCREDIT_TRUAUDIENCE_STAGE,TU_US_NONCREDIT_TRUAUDIENCE_STAGE,"{""environment"":""Staging"",""team"":""TruAudience""}"
TU_US_NONCREDIT_TRUAUDIENCE_STAGE,TU_US_NONCREDIT_TRUAUDIENCE_STAGE,2026-07-01,2026-08-01,Usage,2026-07-12,2026-07-13,69.055192,164.99,Snowflake,AWS_US_EAST_1,TU_US_NONCREDIT_TRUAUDIENCE_STAGE,WAREHOUSE_METERING,WAREHOUSE_METERING,TU_US_NONCREDIT_TRUAUDIENCE_STAGE,TU_US_NONCREDIT_TRUAUDIENCE_STAGE,"{""environment"":""Staging"",""team"":""TruAudience""}"
TU_US_NONCREDIT_TRUAUDIENCE_STAGE,TU_US_NONCREDIT_TRUAUDIENCE_STAGE,2026-07-01,2026-08-01,Usage,2026-07-12,2026-07-13,3.597179,8.59,Snowflake,AWS_US_EAST_1,TU_US_NONCREDIT_TRUAUDIENCE_STAGE,SERVERLESS_TASK,SERVERLESS_TASK,TU_US_NONCREDIT_TRUAUDIENCE_STAGE,TU_US_NONCREDIT_TRUAUDIENCE_STAGE,"{""environment"":""Staging"",""team"":""TruAudience""}"
TU_US_NONCREDIT_TRUAUDIENCE_STAGE,TU_US_NONCREDIT_TRUAUDIENCE_STAGE,2026-07-01,2026-08-01,Usage,2026-07-12,2026-07-13,2.891307,6.91,Snowflake,AWS_US_EAST_1,TU_US_NONCREDIT_TRUAUDIENCE_STAGE,SNOWPARK_CONTAINER_SERVICES,SNOWPARK_CONTAINER_SERVICES,TU_US_NONCREDIT_TRUAUDIENCE_STAGE,TU_US_NONCREDIT_TRUAUDIENCE_STAGE,"{""environment"":""Staging"",""team"":""TruAudience""}"
TU_US_NONCREDIT_TRUAUDIENCE_STAGE,TU_US_NONCREDIT_TRUAUDIENCE_STAGE,2026-07-01,2026-08-01,Usage,2026-07-12,2026-07-13,0.857807,2.05,Snowflake,AWS_US_EAST_1,TU_US_NONCREDIT_TRUAUDIENCE_STAGE,TRUST_CENTER,TRUST_CENTER,TU_US_NONCREDIT_TRUAUDIENCE_STAGE,TU_US_NONCREDIT_TRUAUDIENCE_STAGE,"{""environment"":""Staging"",""team"":""TruAudience""}"
TU_US_NONCREDIT_TRUAUDIENCE_STAGE,TU_US_NONCREDIT_TRUAUDIENCE_STAGE,2026-07-01,2026-08-01,Usage,2026-07-12,2026-07-13,0.264030,0.63,Snowflake,AWS_US_EAST_1,TU_US_NONCREDIT_TRUAUDIENCE_STAGE,CORTEX_CODE_SNOWSIGHT,CORTEX_CODE_SNOWSIGHT,TU_US_NONCREDIT_TRUAUDIENCE_STAGE,TU_US_NONCREDIT_TRUAUDIENCE_STAGE,"{""environment"":""Staging"",""team"":""TruAudience""}"
TU_US_NONCREDIT_TRUAUDIENCE_STAGE,TU_US_NONCREDIT_TRUAUDIENCE_STAGE,2026-07-01,2026-08-01,Usage,2026-07-12,2026-07-13,0.009845,0.02,Snowflake,AWS_US_EAST_1,TU_US_NONCREDIT_TRUAUDIENCE_STAGE,TELEMETRY_DATA_INGEST,TELEMETRY_DATA_INGEST,TU_US_NONCREDIT_TRUAUDIENCE_STAGE,TU_US_NONCREDIT_TRUAUDIENCE_STAGE,"{""environment"":""Staging"",""team"":""TruAudience""}"
TU_US_NONCREDIT_TRUAUDIENCE_STAGE,TU_US_NONCREDIT_TRUAUDIENCE_STAGE,2026-07-01,2026-08-01,Usage,2026-07-12,2026-07-13,0.006626,0.02,Snowflake,AWS_US_EAST_1,TU_US_NONCREDIT_TRUAUDIENCE_STAGE,AUTO_CLUSTERING,AUTO_CLUSTERING,TU_US_NONCREDIT_TRUAUDIENCE_STAGE,TU_US_NONCREDIT_TRUAUDIENCE_STAGE,"{""environment"":""Staging"",""team"":""TruAudience""}"
TU_US_NONCREDIT_TRUAUDIENCE_STAGE,TU_US_NONCREDIT_TRUAUDIENCE_STAGE,2026-07-01,2026-08-01,Usage,2026-07-12,2026-07-13,0.002451,0.01,Snowflake,AWS_US_EAST_1,TU_US_NONCREDIT_TRUAUDIENCE_STAGE,CORTEX_SEARCH,CORTEX_SEARCH,TU_US_NONCREDIT_TRUAUDIENCE_STAGE,TU_US_NONCREDIT_TRUAUDIENCE_STAGE,"{""environment"":""Staging"",""team"":""TruAudience""}"
TU_US_NONCREDIT_TRUAUDIENCE_STAGE,TU_US_NONCREDIT_TRUAUDIENCE_STAGE,2026-07-01,2026-08-01,Usage,2026-07-12,2026-07-13,0.001396,0.00,Snowflake,AWS_US_EAST_1,TU_US_NONCREDIT_TRUAUDIENCE_STAGE,COPY_FILES,COPY_FILES,TU_US_NONCREDIT_TRUAUDIENCE_STAGE,TU_US_NONCREDIT_TRUAUDIENCE_STAGE,"{""environment"":""Staging"",""team"":""TruAudience""}"
TU_US_NONCREDIT_TRUAUDIENCE_STAGE,TU_US_NONCREDIT_TRUAUDIENCE_STAGE,2026-07-01,2026-08-01,Usage,2026-07-12,2026-07-13,0.000730,0.00,Snowflake,AWS_US_EAST_1,TU_US_NONCREDIT_TRUAUDIENCE_STAGE,AI_INFERENCE,AI_INFERENCE,TU_US_NONCREDIT_TRUAUDIENCE_STAGE,TU_US_NONCREDIT_TRUAUDIENCE_STAGE,"{""environment"":""Staging"",""team"":""TruAudience""}"
TU_US_NONCREDIT_TRUAUDIENCE_STAGE,TU_US_NONCREDIT_TRUAUDIENCE_STAGE,2026-07-01,2026-08-01,Usage,2026-07-11,2026-07-12,75.479667,180.34,Snowflake,AWS_US_EAST_1,TU_US_NONCREDIT_TRUAUDIENCE_STAGE,WAREHOUSE_METERING,WAREHOUSE_METERING,TU_US_NONCREDIT_TRUAUDIENCE_STAGE,TU_US_NONCREDIT_TRUAUDIENCE_STAGE,"{""environment"":""Staging"",""team"":""TruAudience""}"
TU_US_NONCREDIT_TRUAUDIENCE_STAGE,TU_US_NONCREDIT_TRUAUDIENCE_STAGE,2026-07-01,2026-08-01,Usage,2026-07-11,2026-07-12,3.461972,8.27,Snowflake,AWS_US_EAST_1,TU_US_NONCREDIT_TRUAUDIENCE_STAGE,SERVERLESS_TASK,SERVERLESS_TASK,TU_US_NONCREDIT_TRUAUDIENCE_STAGE,TU_US_NONCREDIT_TRUAUDIENCE_STAGE,"{""environment"":""Staging"",""team"":""TruAudience""}"
TU_US_NONCREDIT_TRUAUDIENCE_STAGE,TU_US_NONCREDIT_TRUAUDIENCE_STAGE,2026-07-01,2026-08-01,Usage,2026-07-11,2026-07-12,2.897514,6.92,Snowflake,AWS_US_EAST_1,TU_US_NONCREDIT_TRUAUDIENCE_STAGE,SNOWPARK_CONTAINER_SERVICES,SNOWPARK_CONTAINER_SERVICES,TU_US_NONCREDIT_TRUAUDIENCE_STAGE,TU_US_NONCREDIT_TRUAUDIENCE_STAGE,"{""environment"":""Staging"",""team"":""TruAudience""}"
TU_US_NONCREDIT_TRUAUDIENCE_STAGE,TU_US_NONCREDIT_TRUAUDIENCE_STAGE,2026-07-01,2026-08-01,Usage,2026-07-11,2026-07-12,2.356775,5.63,Snowflake,AWS_US_EAST_1,TU_US_NONCREDIT_TRUAUDIENCE_STAGE,SNOWFLAKE_INTELLIGENCE,SNOWFLAKE_INTELLIGENCE,TU_US_NONCREDIT_TRUAUDIENCE_STAGE,TU_US_NONCREDIT_TRUAUDIENCE_STAGE,"{""environment"":""Staging"",""team"":""TruAudience""}"
TU_US_NONCREDIT_TRUAUDIENCE_STAGE,TU_US_NONCREDIT_TRUAUDIENCE_STAGE,2026-07-01,2026-08-01,Usage,2026-07-11,2026-07-12,1.465219,3.50,Snowflake,AWS_US_EAST_1,TU_US_NONCREDIT_TRUAUDIENCE_STAGE,CORTEX_CODE_CLI,CORTEX_CODE_CLI,TU_US_NONCREDIT_TRUAUDIENCE_STAGE,TU_US_NONCREDIT_TRUAUDIENCE_STAGE,"{""environment"":""Staging"",""team"":""TruAudience""}"
TU_US_NONCREDIT_TRUAUDIENCE_STAGE,TU_US_NONCREDIT_TRUAUDIENCE_STAGE,2026-07-01,2026-08-01,Usage,2026-07-11,2026-07-12,1.189075,2.84,Snowflake,AWS_US_EAST_1,TU_US_NONCREDIT_TRUAUDIENCE_STAGE,TRUST_CENTER,TRUST_CENTER,TU_US_NONCREDIT_TRUAUDIENCE_STAGE,TU_US_NONCREDIT_TRUAUDIENCE_STAGE,"{""environment"":""Staging"",""team"":""TruAudience""}"
TU_US_NONCREDIT_TRUAUDIENCE_STAGE,TU_US_NONCREDIT_TRUAUDIENCE_STAGE,2026-07-01,2026-08-01,Usage,2026-07-11,2026-07-12,0.772026,1.84,Snowflake,AWS_US_EAST_1,TU_US_NONCREDIT_TRUAUDIENCE_STAGE,CORTEX_CODE_SNOWSIGHT,CORTEX_CODE_SNOWSIGHT,TU_US_NONCREDIT_TRUAUDIENCE_STAGE,TU_US_NONCREDIT_TRUAUDIENCE_STAGE,"{""environment"":""Staging"",""team"":""TruAudience""}"
TU_US_NONCREDIT_TRUAUDIENCE_STAGE,TU_US_NONCREDIT_TRUAUDIENCE_STAGE,2026-07-01,2026-08-01,Usage,2026-07-11,2026-07-12,0.007136,0.02,Snowflake,AWS_US_EAST_1,TU_US_NONCREDIT_TRUAUDIENCE_STAGE,AUTO_CLUSTERING,AUTO_CLUSTERING,TU_US_NONCREDIT_TRUAUDIENCE_STAGE,TU_US_NONCREDIT_TRUAUDIENCE_STAGE,"{""environment"":""Staging"",""team"":""TruAudience""}"
TU_US_NONCREDIT_TRUAUDIENCE_STAGE,TU_US_NONCREDIT_TRUAUDIENCE_STAGE,2026-07-01,2026-08-01,Usage,2026-07-11,2026-07-12,0.003788,0.01,Snowflake,AWS_US_EAST_1,TU_US_NONCREDIT_TRUAUDIENCE_STAGE,TELEMETRY_DATA_INGEST,TELEMETRY_DATA_INGEST,TU_US_NONCREDIT_TRUAUDIENCE_STAGE,TU_US_NONCREDIT_TRUAUDIENCE_STAGE,"{""environment"":""Staging"",""team"":""TruAudience""}"
TU_US_NONCREDIT_TRUAUDIENCE_STAGE,TU_US_NONCREDIT_TRUAUDIENCE_STAGE,2026-07-01,2026-08-01,Usage,2026-07-11,2026-07-12,0.002451,0.01,Snowflake,AWS_US_EAST_1,TU_US_NONCREDIT_TRUAUDIENCE_STAGE,CORTEX_SEARCH,CORTEX_SEARCH,TU_US_NONCREDIT_TRUAUDIENCE_STAGE,TU_US_NONCREDIT_TRUAUDIENCE_STAGE,"{""environment"":""Staging"",""team"":""TruAudience""}"
TU_US_NONCREDIT_TRUAUDIENCE_STAGE,TU_US_NONCREDIT_TRUAUDIENCE_STAGE,2026-07-01,2026-08-01,Usage,2026-07-11,2026-07-12,0.000358,0.00,Snowflake,AWS_US_EAST_1,TU_US_NONCREDIT_TRUAUDIENCE_STAGE,AI_INFERENCE,AI_INFERENCE,TU_US_NONCREDIT_TRUAUDIENCE_STAGE,TU_US_NONCREDIT_TRUAUDIENCE_STAGE,"{""environment"":""Staging"",""team"":""TruAudience""}"
TU_US_NONCREDIT_TRUAUDIENCE_STAGE,TU_US_NONCREDIT_TRUAUDIENCE_STAGE,2026-07-01,2026-08-01,Usage,2026-07-10,2026-07-11,74.496376,177.99,Snowflake,AWS_US_EAST_1,TU_US_NONCREDIT_TRUAUDIENCE_STAGE,WAREHOUSE_METERING,WAREHOUSE_METERING,TU_US_NONCREDIT_TRUAUDIENCE_STAGE,TU_US_NONCREDIT_TRUAUDIENCE_STAGE,"{""environment"":""Staging"",""team"":""TruAudience""}"
TU_US_NONCREDIT_TRUAUDIENCE_STAGE,TU_US_NONCREDIT_TRUAUDIENCE_STAGE,2026-07-01,2026-08-01,Usage,2026-07-10,2026-07-11,3.348133,8.00,Snowflake,AWS_US_EAST_1,TU_US_NONCREDIT_TRUAUDIENCE_STAGE,SERVERLESS_TASK,SERVERLESS_TASK,TU_US_NONCREDIT_TRUAUDIENCE_STAGE,TU_US_NONCREDIT_TRUAUDIENCE_STAGE,"{""environment"":""Staging"",""team"":""TruAudience""}"
TU_US_NONCREDIT_TRUAUDIENCE_STAGE,TU_US_NONCREDIT_TRUAUDIENCE_STAGE,2026-07-01,2026-08-01,Usage,2026-07-10,2026-07-11,2.887409,6.90,Snowflake,AWS_US_EAST_1,TU_US_NONCREDIT_TRUAUDIENCE_STAGE,SNOWPARK_CONTAINER_SERVICES,SNOWPARK_CONTAINER_SERVICES,TU_US_NONCREDIT_TRUAUDIENCE_STAGE,TU_US_NONCREDIT_TRUAUDIENCE_STAGE,"{""environment"":""Staging"",""team"":""TruAudience""}"
TU_US_NONCREDIT_TRUAUDIENCE_STAGE,TU_US_NONCREDIT_TRUAUDIENCE_STAGE,2026-07-01,2026-08-01,Usage,2026-07-10,2026-07-11,1.049683,2.51,Snowflake,AWS_US_EAST_1,TU_US_NONCREDIT_TRUAUDIENCE_STAGE,TRUST_CENTER,TRUST_CENTER,TU_US_NONCREDIT_TRUAUDIENCE_STAGE,TU_US_NONCREDIT_TRUAUDIENCE_STAGE,"{""environment"":""Staging"",""team"":""TruAudience""}"
TU_US_NONCREDIT_TRUAUDIENCE_STAGE,TU_US_NONCREDIT_TRUAUDIENCE_STAGE,2026-07-01,2026-08-01,Usage,2026-07-10,2026-07-11,0.404459,0.97,Snowflake,AWS_US_EAST_1,TU_US_NONCREDIT_TRUAUDIENCE_STAGE,SNOWFLAKE_INTELLIGENCE,SNOWFLAKE_INTELLIGENCE,TU_US_NONCREDIT_TRUAUDIENCE_STAGE,TU_US_NONCREDIT_TRUAUDIENCE_STAGE,"{""environment"":""Staging"",""team"":""TruAudience""}"
TU_US_NONCREDIT_TRUAUDIENCE_STAGE,TU_US_NONCREDIT_TRUAUDIENCE_STAGE,2026-07-01,2026-08-01,Usage,2026-07-10,2026-07-11,0.078347,0.19,Snowflake,AWS_US_EAST_1,TU_US_NONCREDIT_TRUAUDIENCE_STAGE,CORTEX_CODE_SNOWSIGHT,CORTEX_CODE_SNOWSIGHT,TU_US_NONCREDIT_TRUAUDIENCE_STAGE,TU_US_NONCREDIT_TRUAUDIENCE_STAGE,"{""environment"":""Staging"",""team"":""TruAudience""}"
TU_US_NONCREDIT_TRUAUDIENCE_STAGE,TU_US_NONCREDIT_TRUAUDIENCE_STAGE,2026-07-01,2026-08-01,Usage,2026-07-10,2026-07-11,0.020912,0.05,Snowflake,AWS_US_EAST_1,TU_US_NONCREDIT_TRUAUDIENCE_STAGE,TELEMETRY_DATA_INGEST,TELEMETRY_DATA_INGEST,TU_US_NONCREDIT_TRUAUDIENCE_STAGE,TU_US_NONCREDIT_TRUAUDIENCE_STAGE,"{""environment"":""Staging"",""team"":""TruAudience""}"
TU_US_NONCREDIT_TRUAUDIENCE_STAGE,TU_US_NONCREDIT_TRUAUDIENCE_STAGE,2026-07-01,2026-08-01,Usage,2026-07-10,2026-07-11,0.005696,0.01,Snowflake,AWS_US_EAST_1,TU_US_NONCREDIT_TRUAUDIENCE_STAGE,AUTO_CLUSTERING,AUTO_CLUSTERING,TU_US_NONCREDIT_TRUAUDIENCE_STAGE,TU_US_NONCREDIT_TRUAUDIENCE_STAGE,"{""environment"":""Staging"",""team"":""TruAudience""}"
TU_US_NONCREDIT_TRUAUDIENCE_STAGE,TU_US_NONCREDIT_TRUAUDIENCE_STAGE,2026-07-01,2026-08-01,Usage,2026-07-10,2026-07-11,0.002452,0.01,Snowflake,AWS_US_EAST_1,TU_US_NONCREDIT_TRUAUDIENCE_STAGE,CORTEX_SEARCH,CORTEX_SEARCH,TU_US_NONCREDIT_TRUAUDIENCE_STAGE,TU_US_NONCREDIT_TRUAUDIENCE_STAGE,"{""environment"":""Staging"",""team"":""TruAudience""}"
TU_US_NONCREDIT_TRUAUDIENCE_STAGE,TU_US_NONCREDIT_TRUAUDIENCE_STAGE,2026-07-01,2026-08-01,Usage,2026-07-10,2026-07-11,0.000119,0.00,Snowflake,AWS_US_EAST_1,TU_US_NONCREDIT_TRUAUDIENCE_STAGE,AI_INFERENCE,AI_INFERENCE,TU_US_NONCREDIT_TRUAUDIENCE_STAGE,TU_US_NONCREDIT_TRUAUDIENCE_STAGE,"{""environment"":""Staging"",""team"":""TruAudience""}"
TU_US_NONCREDIT_TRUAUDIENCE_STAGE,TU_US_NONCREDIT_TRUAUDIENCE_STAGE,2026-07-01,2026-08-01,Usage,2026-07-09,2026-07-10,77.159738,184.35,Snowflake,AWS_US_EAST_1,TU_US_NONCREDIT_TRUAUDIENCE_STAGE,WAREHOUSE_METERING,WAREHOUSE_METERING,TU_US_NONCREDIT_TRUAUDIENCE_STAGE,TU_US_NONCREDIT_TRUAUDIENCE_STAGE,"{""environment"":""Staging"",""team"":""TruAudience""}"
TU_US_NONCREDIT_TRUAUDIENCE_STAGE,TU_US_NONCREDIT_TRUAUDIENCE_STAGE,2026-07-01,2026-08-01,Usage,2026-07-09,2026-07-10,3.141996,7.51,Snowflake,AWS_US_EAST_1,TU_US_NONCREDIT_TRUAUDIENCE_STAGE,SERVERLESS_TASK,SERVERLESS_TASK,TU_US_NONCREDIT_TRUAUDIENCE_STAGE,TU_US_NONCREDIT_TRUAUDIENCE_STAGE,"{""environment"":""Staging"",""team"":""TruAudience""}"
TU_US_NONCREDIT_TRUAUDIENCE_STAGE,TU_US_NONCREDIT_TRUAUDIENCE_STAGE,2026-07-01,2026-08-01,Usage,2026-07-09,2026-07-10,2.889246,6.90,Snowflake,AWS_US_EAST_1,TU_US_NONCREDIT_TRUAUDIENCE_STAGE,SNOWPARK_CONTAINER_SERVICES,SNOWPARK_CONTAINER_SERVICES,TU_US_NONCREDIT_TRUAUDIENCE_STAGE,TU_US_NONCREDIT_TRUAUDIENCE_STAGE,"{""environment"":""Staging"",""team"":""TruAudience""}"
TU_US_NONCREDIT_TRUAUDIENCE_STAGE,TU_US_NONCREDIT_TRUAUDIENCE_STAGE,2026-07-01,2026-08-01,Usage,2026-07-09,2026-07-10,1.328593,3.17,Snowflake,AWS_US_EAST_1,TU_US_NONCREDIT_TRUAUDIENCE_STAGE,CORTEX_CODE_SNOWSIGHT,CORTEX_CODE_SNOWSIGHT,TU_US_NONCREDIT_TRUAUDIENCE_STAGE,TU_US_NONCREDIT_TRUAUDIENCE_STAGE,"{""environment"":""Staging"",""team"":""TruAudience""}"
TU_US_NONCREDIT_TRUAUDIENCE_STAGE,TU_US_NONCREDIT_TRUAUDIENCE_STAGE,2026-07-01,2026-08-01,Usage,2026-07-09,2026-07-10,1.010491,2.41,Snowflake,AWS_US_EAST_1,TU_US_NONCREDIT_TRUAUDIENCE_STAGE,TRUST_CENTER,TRUST_CENTER,TU_US_NONCREDIT_TRUAUDIENCE_STAGE,TU_US_NONCREDIT_TRUAUDIENCE_STAGE,"{""environment"":""Staging"",""team"":""TruAudience""}"
TU_US_NONCREDIT_TRUAUDIENCE_STAGE,TU_US_NONCREDIT_TRUAUDIENCE_STAGE,2026-07-01,2026-08-01,Usage,2026-07-09,2026-07-10,0.613873,1.47,Snowflake,AWS_US_EAST_1,TU_US_NONCREDIT_TRUAUDIENCE_STAGE,SNOWFLAKE_INTELLIGENCE,SNOWFLAKE_INTELLIGENCE,TU_US_NONCREDIT_TRUAUDIENCE_STAGE,TU_US_NONCREDIT_TRUAUDIENCE_STAGE,"{""environment"":""Staging"",""team"":""TruAudience""}"
TU_US_NONCREDIT_TRUAUDIENCE_STAGE,TU_US_NONCREDIT_TRUAUDIENCE_STAGE,2026-07-01,2026-08-01,Usage,2026-07-09,2026-07-10,0.004433,0.01,Snowflake,AWS_US_EAST_1,TU_US_NONCREDIT_TRUAUDIENCE_STAGE,AUTO_CLUSTERING,AUTO_CLUSTERING,TU_US_NONCREDIT_TRUAUDIENCE_STAGE,TU_US_NONCREDIT_TRUAUDIENCE_STAGE,"{""environment"":""Staging"",""team"":""TruAudience""}"
TU_US_NONCREDIT_TRUAUDIENCE_STAGE,TU_US_NONCREDIT_TRUAUDIENCE_STAGE,2026-07-01,2026-08-01,Usage,2026-07-09,2026-07-10,0.002450,0.01,Snowflake,AWS_US_EAST_1,TU_US_NONCREDIT_TRUAUDIENCE_STAGE,CORTEX_SEARCH,CORTEX_SEARCH,TU_US_NONCREDIT_TRUAUDIENCE_STAGE,TU_US_NONCREDIT_TRUAUDIENCE_STAGE,"{""environment"":""Staging"",""team"":""TruAudience""}"
TU_US_NONCREDIT_TRUAUDIENCE_STAGE,TU_US_NONCREDIT_TRUAUDIENCE_STAGE,2026-07-01,2026-08-01,Usage,2026-07-09,2026-07-10,0.002361,0.01,Snowflake,AWS_US_EAST_1,TU_US_NONCREDIT_TRUAUDIENCE_STAGE,TELEMETRY_DATA_INGEST,TELEMETRY_DATA_INGEST,TU_US_NONCREDIT_TRUAUDIENCE_STAGE,TU_US_NONCREDIT_TRUAUDIENCE_STAGE,"{""environment"":""Staging"",""team"":""TruAudience""}"
TU_US_NONCREDIT_TRUAUDIENCE_STAGE,TU_US_NONCREDIT_TRUAUDIENCE_STAGE,2026-07-01,2026-08-01,Usage,2026-07-08,2026-07-09,46.826744,111.88,Snowflake,AWS_US_EAST_1,TU_US_NONCREDIT_TRUAUDIENCE_STAGE,WAREHOUSE_METERING,WAREHOUSE_METERING,TU_US_NONCREDIT_TRUAUDIENCE_STAGE,TU_US_NONCREDIT_TRUAUDIENCE_STAGE,"{""environment"":""Staging"",""team"":""TruAudience""}"
TU_US_NONCREDIT_TRUAUDIENCE_STAGE,TU_US_NONCREDIT_TRUAUDIENCE_STAGE,2026-07-01,2026-08-01,Usage,2026-07-08,2026-07-09,6.001903,14.34,Snowflake,AWS_US_EAST_1,TU_US_NONCREDIT_TRUAUDIENCE_STAGE,CORTEX_AGENTS,CORTEX_AGENTS,TU_US_NONCREDIT_TRUAUDIENCE_STAGE,TU_US_NONCREDIT_TRUAUDIENCE_STAGE,"{""environment"":""Staging"",""team"":""TruAudience""}"
TU_US_NONCREDIT_TRUAUDIENCE_STAGE,TU_US_NONCREDIT_TRUAUDIENCE_STAGE,2026-07-01,2026-08-01,Usage,2026-07-08,2026-07-09,2.893281,6.91,Snowflake,AWS_US_EAST_1,TU_US_NONCREDIT_TRUAUDIENCE_STAGE,SNOWPARK_CONTAINER_SERVICES,SNOWPARK_CONTAINER_SERVICES,TU_US_NONCREDIT_TRUAUDIENCE_STAGE,TU_US_NONCREDIT_TRUAUDIENCE_STAGE,"{""environment"":""Staging"",""team"":""TruAudience""}"
TU_US_NONCREDIT_TRUAUDIENCE_STAGE,TU_US_NONCREDIT_TRUAUDIENCE_STAGE,2026-07-01,2026-08-01,Usage,2026-07-08,2026-07-09,2.849585,6.81,Snowflake,AWS_US_EAST_1,TU_US_NONCREDIT_TRUAUDIENCE_STAGE,SERVERLESS_TASK,SERVERLESS_TASK,TU_US_NONCREDIT_TRUAUDIENCE_STAGE,TU_US_NONCREDIT_TRUAUDIENCE_STAGE,"{""environment"":""Staging"",""team"":""TruAudience""}"
TU_US_NONCREDIT_TRUAUDIENCE_STAGE,TU_US_NONCREDIT_TRUAUDIENCE_STAGE,2026-07-01,2026-08-01,Usage,2026-07-08,2026-07-09,0.968083,2.31,Snowflake,AWS_US_EAST_1,TU_US_NONCREDIT_TRUAUDIENCE_STAGE,TRUST_CENTER,TRUST_CENTER,TU_US_NONCREDIT_TRUAUDIENCE_STAGE,TU_US_NONCREDIT_TRUAUDIENCE_STAGE,"{""environment"":""Staging"",""team"":""TruAudience""}"
TU_US_NONCREDIT_TRUAUDIENCE_STAGE,TU_US_NONCREDIT_TRUAUDIENCE_STAGE,2026-07-01,2026-08-01,Usage,2026-07-08,2026-07-09,0.421408,1.01,Snowflake,AWS_US_EAST_1,TU_US_NONCREDIT_TRUAUDIENCE_STAGE,CORTEX_CODE_SNOWSIGHT,CORTEX_CODE_SNOWSIGHT,TU_US_NONCREDIT_TRUAUDIENCE_STAGE,TU_US_NONCREDIT_TRUAUDIENCE_STAGE,"{""environment"":""Staging"",""team"":""TruAudience""}"
TU_US_NONCREDIT_TRUAUDIENCE_STAGE,TU_US_NONCREDIT_TRUAUDIENCE_STAGE,2026-07-01,2026-08-01,Usage,2026-07-08,2026-07-09,0.004243,0.01,Snowflake,AWS_US_EAST_1,TU_US_NONCREDIT_TRUAUDIENCE_STAGE,AUTO_CLUSTERING,AUTO_CLUSTERING,TU_US_NONCREDIT_TRUAUDIENCE_STAGE,TU_US_NONCREDIT_TRUAUDIENCE_STAGE,"{""environment"":""Staging"",""team"":""TruAudience""}"
TU_US_NONCREDIT_TRUAUDIENCE_STAGE,TU_US_NONCREDIT_TRUAUDIENCE_STAGE,2026-07-01,2026-08-01,Usage,2026-07-08,2026-07-09,0.002261,0.01,Snowflake,AWS_US_EAST_1,TU_US_NONCREDIT_TRUAUDIENCE_STAGE,TELEMETRY_DATA_INGEST,TELEMETRY_DATA_INGEST,TU_US_NONCREDIT_TRUAUDIENCE_STAGE,TU_US_NONCREDIT_TRUAUDIENCE_STAGE,"{""environment"":""Staging"",""team"":""TruAudience""}"
TU_US_NONCREDIT_TRUAUDIENCE_STAGE,TU_US_NONCREDIT_TRUAUDIENCE_STAGE,2026-07-01,2026-08-01,Usage,2026-07-08,2026-07-09,0.002451,0.01,Snowflake,AWS_US_EAST_1,TU_US_NONCREDIT_TRUAUDIENCE_STAGE,CORTEX_SEARCH,CORTEX_SEARCH,TU_US_NONCREDIT_TRUAUDIENCE_STAGE,TU_US_NONCREDIT_TRUAUDIENCE_STAGE,"{""environment"":""Staging"",""team"":""TruAudience""}"
TU_US_NONCREDIT_TRUAUDIENCE_STAGE,TU_US_NONCREDIT_TRUAUDIENCE_STAGE,2026-07-01,2026-08-01,Usage,2026-07-07,2026-07-08,27.761650,66.33,Snowflake,AWS_US_EAST_1,TU_US_NONCREDIT_TRUAUDIENCE_STAGE,WAREHOUSE_METERING,WAREHOUSE_METERING,TU_US_NONCREDIT_TRUAUDIENCE_STAGE,TU_US_NONCREDIT_TRUAUDIENCE_STAGE,"{""environment"":""Staging"",""team"":""TruAudience""}"
TU_US_NONCREDIT_TRUAUDIENCE_STAGE,TU_US_NONCREDIT_TRUAUDIENCE_STAGE,2026-07-01,2026-08-01,Usage,2026-07-07,2026-07-08,2.891276,6.91,Snowflake,AWS_US_EAST_1,TU_US_NONCREDIT_TRUAUDIENCE_STAGE,SNOWPARK_CONTAINER_SERVICES,SNOWPARK_CONTAINER_SERVICES,TU_US_NONCREDIT_TRUAUDIENCE_STAGE,TU_US_NONCREDIT_TRUAUDIENCE_STAGE,"{""environment"":""Staging"",""team"":""TruAudience""}"
TU_US_NONCREDIT_TRUAUDIENCE_STAGE,TU_US_NONCREDIT_TRUAUDIENCE_STAGE,2026-07-01,2026-08-01,Usage,2026-07-07,2026-07-08,2.620445,6.26,Snowflake,AWS_US_EAST_1,TU_US_NONCREDIT_TRUAUDIENCE_STAGE,SERVERLESS_TASK,SERVERLESS_TASK,TU_US_NONCREDIT_TRUAUDIENCE_STAGE,TU_US_NONCREDIT_TRUAUDIENCE_STAGE,"{""environment"":""Staging"",""team"":""TruAudience""}"
TU_US_NONCREDIT_TRUAUDIENCE_STAGE,TU_US_NONCREDIT_TRUAUDIENCE_STAGE,2026-07-01,2026-08-01,Usage,2026-07-07,2026-07-08,0.879309,2.10,Snowflake,AWS_US_EAST_1,TU_US_NONCREDIT_TRUAUDIENCE_STAGE,CORTEX_CODE_SNOWSIGHT,CORTEX_CODE_SNOWSIGHT,TU_US_NONCREDIT_TRUAUDIENCE_STAGE,TU_US_NONCREDIT_TRUAUDIENCE_STAGE,"{""environment"":""Staging"",""team"":""TruAudience""}"
TU_US_NONCREDIT_TRUAUDIENCE_STAGE,TU_US_NONCREDIT_TRUAUDIENCE_STAGE,2026-07-01,2026-08-01,Usage,2026-07-07,2026-07-08,0.741498,1.77,Snowflake,AWS_US_EAST_1,TU_US_NONCREDIT_TRUAUDIENCE_STAGE,TRUST_CENTER,TRUST_CENTER,TU_US_NONCREDIT_TRUAUDIENCE_STAGE,TU_US_NONCREDIT_TRUAUDIENCE_STAGE,"{""environment"":""Staging"",""team"":""TruAudience""}"
TU_US_NONCREDIT_TRUAUDIENCE_STAGE,TU_US_NONCREDIT_TRUAUDIENCE_STAGE,2026-07-01,2026-08-01,Usage,2026-07-07,2026-07-08,0.003078,0.01,Snowflake,AWS_US_EAST_1,TU_US_NONCREDIT_TRUAUDIENCE_STAGE,TELEMETRY_DATA_INGEST,TELEMETRY_DATA_INGEST,TU_US_NONCREDIT_TRUAUDIENCE_STAGE,TU_US_NONCREDIT_TRUAUDIENCE_STAGE,"{""environment"":""Staging"",""team"":""TruAudience""}"
TU_US_NONCREDIT_TRUAUDIENCE_STAGE,TU_US_NONCREDIT_TRUAUDIENCE_STAGE,2026-07-01,2026-08-01,Usage,2026-07-07,2026-07-08,0.002450,0.01,Snowflake,AWS_US_EAST_1,TU_US_NONCREDIT_TRUAUDIENCE_STAGE,CORTEX_SEARCH,CORTEX_SEARCH,TU_US_NONCREDIT_TRUAUDIENCE_STAGE,TU_US_NONCREDIT_TRUAUDIENCE_STAGE,"{""environment"":""Staging"",""team"":""TruAudience""}"
TU_US_NONCREDIT_TRUAUDIENCE_STAGE,TU_US_NONCREDIT_TRUAUDIENCE_STAGE,2026-07-01,2026-08-01,Usage,2026-07-07,2026-07-08,0.003644,0.01,Snowflake,AWS_US_EAST_1,TU_US_NONCREDIT_TRUAUDIENCE_STAGE,AUTO_CLUSTERING,AUTO_CLUSTERING,TU_US_NONCREDIT_TRUAUDIENCE_STAGE,TU_US_NONCREDIT_TRUAUDIENCE_STAGE,"{""environment"":""Staging"",""team"":""TruAudience""}"
TU_US_NONCREDIT_TRUAUDIENCE_STAGE,TU_US_NONCREDIT_TRUAUDIENCE_STAGE,2026-07-01,2026-08-01,Usage,2026-07-06,2026-07-07,22.776922,54.42,Snowflake,AWS_US_EAST_1,TU_US_NONCREDIT_TRUAUDIENCE_STAGE,WAREHOUSE_METERING,WAREHOUSE_METERING,TU_US_NONCREDIT_TRUAUDIENCE_STAGE,TU_US_NONCREDIT_TRUAUDIENCE_STAGE,"{""environment"":""Staging"",""team"":""TruAudience""}"
TU_US_NONCREDIT_TRUAUDIENCE_STAGE,TU_US_NONCREDIT_TRUAUDIENCE_STAGE,2026-07-01,2026-08-01,Usage,2026-07-06,2026-07-07,2.891264,6.91,Snowflake,AWS_US_EAST_1,TU_US_NONCREDIT_TRUAUDIENCE_STAGE,SNOWPARK_CONTAINER_SERVICES,SNOWPARK_CONTAINER_SERVICES,TU_US_NONCREDIT_TRUAUDIENCE_STAGE,TU_US_NONCREDIT_TRUAUDIENCE_STAGE,"{""environment"":""Staging"",""team"":""TruAudience""}"
TU_US_NONCREDIT_TRUAUDIENCE_STAGE,TU_US_NONCREDIT_TRUAUDIENCE_STAGE,2026-07-01,2026-08-01,Usage,2026-07-06,2026-07-07,2.602213,6.22,Snowflake,AWS_US_EAST_1,TU_US_NONCREDIT_TRUAUDIENCE_STAGE,SERVERLESS_TASK,SERVERLESS_TASK,TU_US_NONCREDIT_TRUAUDIENCE_STAGE,TU_US_NONCREDIT_TRUAUDIENCE_STAGE,"{""environment"":""Staging"",""team"":""TruAudience""}"
TU_US_NONCREDIT_TRUAUDIENCE_STAGE,TU_US_NONCREDIT_TRUAUDIENCE_STAGE,2026-07-01,2026-08-01,Usage,2026-07-06,2026-07-07,0.865945,2.07,Snowflake,AWS_US_EAST_1,TU_US_NONCREDIT_TRUAUDIENCE_STAGE,TRUST_CENTER,TRUST_CENTER,TU_US_NONCREDIT_TRUAUDIENCE_STAGE,TU_US_NONCREDIT_TRUAUDIENCE_STAGE,"{""environment"":""Staging"",""team"":""TruAudience""}"
TU_US_NONCREDIT_TRUAUDIENCE_STAGE,TU_US_NONCREDIT_TRUAUDIENCE_STAGE,2026-07-01,2026-08-01,Usage,2026-07-06,2026-07-07,0.004728,0.01,Snowflake,AWS_US_EAST_1,TU_US_NONCREDIT_TRUAUDIENCE_STAGE,AUTO_CLUSTERING,AUTO_CLUSTERING,TU_US_NONCREDIT_TRUAUDIENCE_STAGE,TU_US_NONCREDIT_TRUAUDIENCE_STAGE,"{""environment"":""Staging"",""team"":""TruAudience""}"
TU_US_NONCREDIT_TRUAUDIENCE_STAGE,TU_US_NONCREDIT_TRUAUDIENCE_STAGE,2026-07-01,2026-08-01,Usage,2026-07-06,2026-07-07,0.002102,0.01,Snowflake,AWS_US_EAST_1,TU_US_NONCREDIT_TRUAUDIENCE_STAGE,TELEMETRY_DATA_INGEST,TELEMETRY_DATA_INGEST,TU_US_NONCREDIT_TRUAUDIENCE_STAGE,TU_US_NONCREDIT_TRUAUDIENCE_STAGE,"{""environment"":""Staging"",""team"":""TruAudience""}"
TU_US_NONCREDIT_TRUAUDIENCE_STAGE,TU_US_NONCREDIT_TRUAUDIENCE_STAGE,2026-07-01,2026-08-01,Usage,2026-07-06,2026-07-07,0.002453,0.01,Snowflake,AWS_US_EAST_1,TU_US_NONCREDIT_TRUAUDIENCE_STAGE,CORTEX_SEARCH,CORTEX_SEARCH,TU_US_NONCREDIT_TRUAUDIENCE_STAGE,TU_US_NONCREDIT_TRUAUDIENCE_STAGE,"{""environment"":""Staging"",""team"":""TruAudience""}"
TU_US_NONCREDIT_TRUAUDIENCE_STAGE,TU_US_NONCREDIT_TRUAUDIENCE_STAGE,2026-07-01,2026-08-01,Usage,2026-07-05,2026-07-06,107.413527,256.64,Snowflake,AWS_US_EAST_1,TU_US_NONCREDIT_TRUAUDIENCE_STAGE,WAREHOUSE_METERING,WAREHOUSE_METERING,TU_US_NONCREDIT_TRUAUDIENCE_STAGE,TU_US_NONCREDIT_TRUAUDIENCE_STAGE,"{""environment"":""Staging"",""team"":""TruAudience""}"
TU_US_NONCREDIT_TRUAUDIENCE_STAGE,TU_US_NONCREDIT_TRUAUDIENCE_STAGE,2026-07-01,2026-08-01,Usage,2026-07-05,2026-07-06,3.155097,7.54,Snowflake,AWS_US_EAST_1,TU_US_NONCREDIT_TRUAUDIENCE_STAGE,CORTEX_CODE_SNOWSIGHT,CORTEX_CODE_SNOWSIGHT,TU_US_NONCREDIT_TRUAUDIENCE_STAGE,TU_US_NONCREDIT_TRUAUDIENCE_STAGE,"{""environment"":""Staging"",""team"":""TruAudience""}"
TU_US_NONCREDIT_TRUAUDIENCE_STAGE,TU_US_NONCREDIT_TRUAUDIENCE_STAGE,2026-07-01,2026-08-01,Usage,2026-07-05,2026-07-06,2.897313,6.92,Snowflake,AWS_US_EAST_1,TU_US_NONCREDIT_TRUAUDIENCE_STAGE,SNOWPARK_CONTAINER_SERVICES,SNOWPARK_CONTAINER_SERVICES,TU_US_NONCREDIT_TRUAUDIENCE_STAGE,TU_US_NONCREDIT_TRUAUDIENCE_STAGE,"{""environment"":""Staging"",""team"":""TruAudience""}"
TU_US_NONCREDIT_TRUAUDIENCE_STAGE,TU_US_NONCREDIT_TRUAUDIENCE_STAGE,2026-07-01,2026-08-01,Usage,2026-07-05,2026-07-06,2.830626,6.76,Snowflake,AWS_US_EAST_1,TU_US_NONCREDIT_TRUAUDIENCE_STAGE,SERVERLESS_TASK,SERVERLESS_TASK,TU_US_NONCREDIT_TRUAUDIENCE_STAGE,TU_US_NONCREDIT_TRUAUDIENCE_STAGE,"{""environment"":""Staging"",""team"":""TruAudience""}"
TU_US_NONCREDIT_TRUAUDIENCE_STAGE,TU_US_NONCREDIT_TRUAUDIENCE_STAGE,2026-07-01,2026-08-01,Usage,2026-07-05,2026-07-06,0.787325,1.88,Snowflake,AWS_US_EAST_1,TU_US_NONCREDIT_TRUAUDIENCE_STAGE,TRUST_CENTER,TRUST_CENTER,TU_US_NONCREDIT_TRUAUDIENCE_STAGE,TU_US_NONCREDIT_TRUAUDIENCE_STAGE,"{""environment"":""Staging"",""team"":""TruAudience""}"
TU_US_NONCREDIT_TRUAUDIENCE_STAGE,TU_US_NONCREDIT_TRUAUDIENCE_STAGE,2026-07-01,2026-08-01,Usage,2026-07-05,2026-07-06,0.027658,0.07,Snowflake,AWS_US_EAST_1,TU_US_NONCREDIT_TRUAUDIENCE_STAGE,AUTO_CLUSTERING,AUTO_CLUSTERING,TU_US_NONCREDIT_TRUAUDIENCE_STAGE,TU_US_NONCREDIT_TRUAUDIENCE_STAGE,"{""environment"":""Staging"",""team"":""TruAudience""}"
TU_US_NONCREDIT_TRUAUDIENCE_STAGE,TU_US_NONCREDIT_TRUAUDIENCE_STAGE,2026-07-01,2026-08-01,Usage,2026-07-05,2026-07-06,0.002455,0.01,Snowflake,AWS_US_EAST_1,TU_US_NONCREDIT_TRUAUDIENCE_STAGE,CORTEX_SEARCH,CORTEX_SEARCH,TU_US_NONCREDIT_TRUAUDIENCE_STAGE,TU_US_NONCREDIT_TRUAUDIENCE_STAGE,"{""environment"":""Staging"",""team"":""TruAudience""}"
TU_US_NONCREDIT_TRUAUDIENCE_STAGE,TU_US_NONCREDIT_TRUAUDIENCE_STAGE,2026-07-01,2026-08-01,Usage,2026-07-05,2026-07-06,0.003144,0.01,Snowflake,AWS_US_EAST_1,TU_US_NONCREDIT_TRUAUDIENCE_STAGE,TELEMETRY_DATA_INGEST,TELEMETRY_DATA_INGEST,TU_US_NONCREDIT_TRUAUDIENCE_STAGE,TU_US_NONCREDIT_TRUAUDIENCE_STAGE,"{""environment"":""Staging"",""team"":""TruAudience""}"
TU_US_NONCREDIT_TRUAUDIENCE_STAGE,TU_US_NONCREDIT_TRUAUDIENCE_STAGE,2026-07-01,2026-08-01,Usage,2026-07-05,2026-07-06,0.000295,0.00,Snowflake,AWS_US_EAST_1,TU_US_NONCREDIT_TRUAUDIENCE_STAGE,AI_INFERENCE,AI_INFERENCE,TU_US_NONCREDIT_TRUAUDIENCE_STAGE,TU_US_NONCREDIT_TRUAUDIENCE_STAGE,"{""environment"":""Staging"",""team"":""TruAudience""}"
TU_US_NONCREDIT_TRUAUDIENCE_STAGE,TU_US_NONCREDIT_TRUAUDIENCE_STAGE,2026-07-01,2026-08-01,Usage,2026-07-04,2026-07-05,331.378492,791.76,Snowflake,AWS_US_EAST_1,TU_US_NONCREDIT_TRUAUDIENCE_STAGE,WAREHOUSE_METERING,WAREHOUSE_METERING,TU_US_NONCREDIT_TRUAUDIENCE_STAGE,TU_US_NONCREDIT_TRUAUDIENCE_STAGE,"{""environment"":""Staging"",""team"":""TruAudience""}"
TU_US_NONCREDIT_TRUAUDIENCE_STAGE,TU_US_NONCREDIT_TRUAUDIENCE_STAGE,2026-07-01,2026-08-01,Usage,2026-07-04,2026-07-05,6.113472,14.61,Snowflake,AWS_US_EAST_1,TU_US_NONCREDIT_TRUAUDIENCE_STAGE,SNOWFLAKE_INTELLIGENCE,SNOWFLAKE_INTELLIGENCE,TU_US_NONCREDIT_TRUAUDIENCE_STAGE,TU_US_NONCREDIT_TRUAUDIENCE_STAGE,"{""environment"":""Staging"",""team"":""TruAudience""}"
TU_US_NONCREDIT_TRUAUDIENCE_STAGE,TU_US_NONCREDIT_TRUAUDIENCE_STAGE,2026-07-01,2026-08-01,Usage,2026-07-04,2026-07-05,2.915768,6.97,Snowflake,AWS_US_EAST_1,TU_US_NONCREDIT_TRUAUDIENCE_STAGE,QUERY_ACCELERATION,QUERY_ACCELERATION,TU_US_NONCREDIT_TRUAUDIENCE_STAGE,TU_US_NONCREDIT_TRUAUDIENCE_STAGE,"{""environment"":""Staging"",""team"":""TruAudience""}"
TU_US_NONCREDIT_TRUAUDIENCE_STAGE,TU_US_NONCREDIT_TRUAUDIENCE_STAGE,2026-07-01,2026-08-01,Usage,2026-07-04,2026-07-05,2.883279,6.89,Snowflake,AWS_US_EAST_1,TU_US_NONCREDIT_TRUAUDIENCE_STAGE,SNOWPARK_CONTAINER_SERVICES,SNOWPARK_CONTAINER_SERVICES,TU_US_NONCREDIT_TRUAUDIENCE_STAGE,TU_US_NONCREDIT_TRUAUDIENCE_STAGE,"{""environment"":""Staging"",""team"":""TruAudience""}"
TU_US_NONCREDIT_TRUAUDIENCE_STAGE,TU_US_NONCREDIT_TRUAUDIENCE_STAGE,2026-07-01,2026-08-01,Usage,2026-07-04,2026-07-05,2.777681,6.64,Snowflake,AWS_US_EAST_1,TU_US_NONCREDIT_TRUAUDIENCE_STAGE,SERVERLESS_TASK,SERVERLESS_TASK,TU_US_NONCREDIT_TRUAUDIENCE_STAGE,TU_US_NONCREDIT_TRUAUDIENCE_STAGE,"{""environment"":""Staging"",""team"":""TruAudience""}"
TU_US_NONCREDIT_TRUAUDIENCE_STAGE,TU_US_NONCREDIT_TRUAUDIENCE_STAGE,2026-07-01,2026-08-01,Usage,2026-07-04,2026-07-05,1.169366,2.79,Snowflake,AWS_US_EAST_1,TU_US_NONCREDIT_TRUAUDIENCE_STAGE,TRUST_CENTER,TRUST_CENTER,TU_US_NONCREDIT_TRUAUDIENCE_STAGE,TU_US_NONCREDIT_TRUAUDIENCE_STAGE,"{""environment"":""Staging"",""team"":""TruAudience""}"
TU_US_NONCREDIT_TRUAUDIENCE_STAGE,TU_US_NONCREDIT_TRUAUDIENCE_STAGE,2026-07-01,2026-08-01,Usage,2026-07-04,2026-07-05,0.474257,1.13,Snowflake,AWS_US_EAST_1,TU_US_NONCREDIT_TRUAUDIENCE_STAGE,CORTEX_CODE_SNOWSIGHT,CORTEX_CODE_SNOWSIGHT,TU_US_NONCREDIT_TRUAUDIENCE_STAGE,TU_US_NONCREDIT_TRUAUDIENCE_STAGE,"{""environment"":""Staging"",""team"":""TruAudience""}"
TU_US_NONCREDIT_TRUAUDIENCE_STAGE,TU_US_NONCREDIT_TRUAUDIENCE_STAGE,2026-07-01,2026-08-01,Usage,2026-07-04,2026-07-05,0.029619,0.07,Snowflake,AWS_US_EAST_1,TU_US_NONCREDIT_TRUAUDIENCE_STAGE,AUTO_CLUSTERING,AUTO_CLUSTERING,TU_US_NONCREDIT_TRUAUDIENCE_STAGE,TU_US_NONCREDIT_TRUAUDIENCE_STAGE,"{""environment"":""Staging"",""team"":""TruAudience""}"
TU_US_NONCREDIT_TRUAUDIENCE_STAGE,TU_US_NONCREDIT_TRUAUDIENCE_STAGE,2026-07-01,2026-08-01,Usage,2026-07-04,2026-07-05,0.002452,0.01,Snowflake,AWS_US_EAST_1,TU_US_NONCREDIT_TRUAUDIENCE_STAGE,CORTEX_SEARCH,CORTEX_SEARCH,TU_US_NONCREDIT_TRUAUDIENCE_STAGE,TU_US_NONCREDIT_TRUAUDIENCE_STAGE,"{""environment"":""Staging"",""team"":""TruAudience""}"
TU_US_NONCREDIT_TRUAUDIENCE_STAGE,TU_US_NONCREDIT_TRUAUDIENCE_STAGE,2026-07-01,2026-08-01,Usage,2026-07-04,2026-07-05,0.003041,0.01,Snowflake,AWS_US_EAST_1,TU_US_NONCREDIT_TRUAUDIENCE_STAGE,TELEMETRY_DATA_INGEST,TELEMETRY_DATA_INGEST,TU_US_NONCREDIT_TRUAUDIENCE_STAGE,TU_US_NONCREDIT_TRUAUDIENCE_STAGE,"{""environment"":""Staging"",""team"":""TruAudience""}"
TU_US_NONCREDIT_TRUAUDIENCE_STAGE,TU_US_NONCREDIT_TRUAUDIENCE_STAGE,2026-07-01,2026-08-01,Usage,2026-07-04,2026-07-05,0.000117,0.00,Snowflake,AWS_US_EAST_1,TU_US_NONCREDIT_TRUAUDIENCE_STAGE,AI_INFERENCE,AI_INFERENCE,TU_US_NONCREDIT_TRUAUDIENCE_STAGE,TU_US_NONCREDIT_TRUAUDIENCE_STAGE,"{""environment"":""Staging"",""team"":""TruAudience""}"
TU_US_NONCREDIT_TRUAUDIENCE_STAGE,TU_US_NONCREDIT_TRUAUDIENCE_STAGE,2026-07-01,2026-08-01,Usage,2026-07-03,2026-07-04,92.213677,220.32,Snowflake,AWS_US_EAST_1,TU_US_NONCREDIT_TRUAUDIENCE_STAGE,WAREHOUSE_METERING,WAREHOUSE_METERING,TU_US_NONCREDIT_TRUAUDIENCE_STAGE,TU_US_NONCREDIT_TRUAUDIENCE_STAGE,"{""environment"":""Staging"",""team"":""TruAudience""}"
TU_US_NONCREDIT_TRUAUDIENCE_STAGE,TU_US_NONCREDIT_TRUAUDIENCE_STAGE,2026-07-01,2026-08-01,Usage,2026-07-03,2026-07-04,21.519092,51.41,Snowflake,AWS_US_EAST_1,TU_US_NONCREDIT_TRUAUDIENCE_STAGE,SNOWFLAKE_INTELLIGENCE,SNOWFLAKE_INTELLIGENCE,TU_US_NONCREDIT_TRUAUDIENCE_STAGE,TU_US_NONCREDIT_TRUAUDIENCE_STAGE,"{""environment"":""Staging"",""team"":""TruAudience""}"
TU_US_NONCREDIT_TRUAUDIENCE_STAGE,TU_US_NONCREDIT_TRUAUDIENCE_STAGE,2026-07-01,2026-08-01,Usage,2026-07-03,2026-07-04,2.895495,6.92,Snowflake,AWS_US_EAST_1,TU_US_NONCREDIT_TRUAUDIENCE_STAGE,SNOWPARK_CONTAINER_SERVICES,SNOWPARK_CONTAINER_SERVICES,TU_US_NONCREDIT_TRUAUDIENCE_STAGE,TU_US_NONCREDIT_TRUAUDIENCE_STAGE,"{""environment"":""Staging"",""team"":""TruAudience""}"
TU_US_NONCREDIT_TRUAUDIENCE_STAGE,TU_US_NONCREDIT_TRUAUDIENCE_STAGE,2026-07-01,2026-08-01,Usage,2026-07-03,2026-07-04,2.736355,6.54,Snowflake,AWS_US_EAST_1,TU_US_NONCREDIT_TRUAUDIENCE_STAGE,SERVERLESS_TASK,SERVERLESS_TASK,TU_US_NONCREDIT_TRUAUDIENCE_STAGE,TU_US_NONCREDIT_TRUAUDIENCE_STAGE,"{""environment"":""Staging"",""team"":""TruAudience""}"
TU_US_NONCREDIT_TRUAUDIENCE_STAGE,TU_US_NONCREDIT_TRUAUDIENCE_STAGE,2026-07-01,2026-08-01,Usage,2026-07-03,2026-07-04,2.658811,6.35,Snowflake,AWS_US_EAST_1,TU_US_NONCREDIT_TRUAUDIENCE_STAGE,CORTEX_CODE_SNOWSIGHT,CORTEX_CODE_SNOWSIGHT,TU_US_NONCREDIT_TRUAUDIENCE_STAGE,TU_US_NONCREDIT_TRUAUDIENCE_STAGE,"{""environment"":""Staging"",""team"":""TruAudience""}"
TU_US_NONCREDIT_TRUAUDIENCE_STAGE,TU_US_NONCREDIT_TRUAUDIENCE_STAGE,2026-07-01,2026-08-01,Usage,2026-07-03,2026-07-04,1.087125,2.60,Snowflake,AWS_US_EAST_1,TU_US_NONCREDIT_TRUAUDIENCE_STAGE,TRUST_CENTER,TRUST_CENTER,TU_US_NONCREDIT_TRUAUDIENCE_STAGE,TU_US_NONCREDIT_TRUAUDIENCE_STAGE,"{""environment"":""Staging"",""team"":""TruAudience""}"
TU_US_NONCREDIT_TRUAUDIENCE_STAGE,TU_US_NONCREDIT_TRUAUDIENCE_STAGE,2026-07-01,2026-08-01,Usage,2026-07-03,2026-07-04,0.009433,0.02,Snowflake,AWS_US_EAST_1,TU_US_NONCREDIT_TRUAUDIENCE_STAGE,AUTO_CLUSTERING,AUTO_CLUSTERING,TU_US_NONCREDIT_TRUAUDIENCE_STAGE,TU_US_NONCREDIT_TRUAUDIENCE_STAGE,"{""environment"":""Staging"",""team"":""TruAudience""}"
TU_US_NONCREDIT_TRUAUDIENCE_STAGE,TU_US_NONCREDIT_TRUAUDIENCE_STAGE,2026-07-01,2026-08-01,Usage,2026-07-03,2026-07-04,0.003921,0.01,Snowflake,AWS_US_EAST_1,TU_US_NONCREDIT_TRUAUDIENCE_STAGE,TELEMETRY_DATA_INGEST,TELEMETRY_DATA_INGEST,TU_US_NONCREDIT_TRUAUDIENCE_STAGE,TU_US_NONCREDIT_TRUAUDIENCE_STAGE,"{""environment"":""Staging"",""team"":""TruAudience""}"
TU_US_NONCREDIT_TRUAUDIENCE_STAGE,TU_US_NONCREDIT_TRUAUDIENCE_STAGE,2026-07-01,2026-08-01,Usage,2026-07-03,2026-07-04,0.002453,0.01,Snowflake,AWS_US_EAST_1,TU_US_NONCREDIT_TRUAUDIENCE_STAGE,CORTEX_SEARCH,CORTEX_SEARCH,TU_US_NONCREDIT_TRUAUDIENCE_STAGE,TU_US_NONCREDIT_TRUAUDIENCE_STAGE,"{""environment"":""Staging"",""team"":""TruAudience""}"
TU_US_NONCREDIT_TRUAUDIENCE_STAGE,TU_US_NONCREDIT_TRUAUDIENCE_STAGE,2026-07-01,2026-08-01,Usage,2026-07-03,2026-07-04,0.000129,0.00,Snowflake,AWS_US_EAST_1,TU_US_NONCREDIT_TRUAUDIENCE_STAGE,AI_INFERENCE,AI_INFERENCE,TU_US_NONCREDIT_TRUAUDIENCE_STAGE,TU_US_NONCREDIT_TRUAUDIENCE_STAGE,"{""environment"":""Staging"",""team"":""TruAudience""}"
TU_US_NONCREDIT_TRUAUDIENCE_STAGE,TU_US_NONCREDIT_TRUAUDIENCE_STAGE,2026-07-01,2026-08-01,Usage,2026-07-02,2026-07-03,46.446048,110.97,Snowflake,AWS_US_EAST_1,TU_US_NONCREDIT_TRUAUDIENCE_STAGE,WAREHOUSE_METERING,WAREHOUSE_METERING,TU_US_NONCREDIT_TRUAUDIENCE_STAGE,TU_US_NONCREDIT_TRUAUDIENCE_STAGE,"{""environment"":""Staging"",""team"":""TruAudience""}"
TU_US_NONCREDIT_TRUAUDIENCE_STAGE,TU_US_NONCREDIT_TRUAUDIENCE_STAGE,2026-07-01,2026-08-01,Usage,2026-07-02,2026-07-03,13.573829,32.43,Snowflake,AWS_US_EAST_1,TU_US_NONCREDIT_TRUAUDIENCE_STAGE,SNOWFLAKE_INTELLIGENCE,SNOWFLAKE_INTELLIGENCE,TU_US_NONCREDIT_TRUAUDIENCE_STAGE,TU_US_NONCREDIT_TRUAUDIENCE_STAGE,"{""environment"":""Staging"",""team"":""TruAudience""}"
TU_US_NONCREDIT_TRUAUDIENCE_STAGE,TU_US_NONCREDIT_TRUAUDIENCE_STAGE,2026-07-01,2026-08-01,Usage,2026-07-02,2026-07-03,2.897533,6.92,Snowflake,AWS_US_EAST_1,TU_US_NONCREDIT_TRUAUDIENCE_STAGE,SNOWPARK_CONTAINER_SERVICES,SNOWPARK_CONTAINER_SERVICES,TU_US_NONCREDIT_TRUAUDIENCE_STAGE,TU_US_NONCREDIT_TRUAUDIENCE_STAGE,"{""environment"":""Staging"",""team"":""TruAudience""}"
TU_US_NONCREDIT_TRUAUDIENCE_STAGE,TU_US_NONCREDIT_TRUAUDIENCE_STAGE,2026-07-01,2026-08-01,Usage,2026-07-02,2026-07-03,2.653490,6.34,Snowflake,AWS_US_EAST_1,TU_US_NONCREDIT_TRUAUDIENCE_STAGE,SERVERLESS_TASK,SERVERLESS_TASK,TU_US_NONCREDIT_TRUAUDIENCE_STAGE,TU_US_NONCREDIT_TRUAUDIENCE_STAGE,"{""environment"":""Staging"",""team"":""TruAudience""}"
TU_US_NONCREDIT_TRUAUDIENCE_STAGE,TU_US_NONCREDIT_TRUAUDIENCE_STAGE,2026-07-01,2026-08-01,Usage,2026-07-02,2026-07-03,0.906614,2.17,Snowflake,AWS_US_EAST_1,TU_US_NONCREDIT_TRUAUDIENCE_STAGE,TRUST_CENTER,TRUST_CENTER,TU_US_NONCREDIT_TRUAUDIENCE_STAGE,TU_US_NONCREDIT_TRUAUDIENCE_STAGE,"{""environment"":""Staging"",""team"":""TruAudience""}"
TU_US_NONCREDIT_TRUAUDIENCE_STAGE,TU_US_NONCREDIT_TRUAUDIENCE_STAGE,2026-07-01,2026-08-01,Usage,2026-07-02,2026-07-03,0.007097,0.02,Snowflake,AWS_US_EAST_1,TU_US_NONCREDIT_TRUAUDIENCE_STAGE,AUTO_CLUSTERING,AUTO_CLUSTERING,TU_US_NONCREDIT_TRUAUDIENCE_STAGE,TU_US_NONCREDIT_TRUAUDIENCE_STAGE,"{""environment"":""Staging"",""team"":""TruAudience""}"
TU_US_NONCREDIT_TRUAUDIENCE_STAGE,TU_US_NONCREDIT_TRUAUDIENCE_STAGE,2026-07-01,2026-08-01,Usage,2026-07-02,2026-07-03,0.002452,0.01,Snowflake,AWS_US_EAST_1,TU_US_NONCREDIT_TRUAUDIENCE_STAGE,CORTEX_SEARCH,CORTEX_SEARCH,TU_US_NONCREDIT_TRUAUDIENCE_STAGE,TU_US_NONCREDIT_TRUAUDIENCE_STAGE,"{""environment"":""Staging"",""team"":""TruAudience""}"
TU_US_NONCREDIT_TRUAUDIENCE_STAGE,TU_US_NONCREDIT_TRUAUDIENCE_STAGE,2026-07-01,2026-08-01,Usage,2026-07-02,2026-07-03,0.002300,0.01,Snowflake,AWS_US_EAST_1,TU_US_NONCREDIT_TRUAUDIENCE_STAGE,TELEMETRY_DATA_INGEST,TELEMETRY_DATA_INGEST,TU_US_NONCREDIT_TRUAUDIENCE_STAGE,TU_US_NONCREDIT_TRUAUDIENCE_STAGE,"{""environment"":""Staging"",""team"":""TruAudience""}"
TU_US_NONCREDIT_TRUAUDIENCE_STAGE,TU_US_NONCREDIT_TRUAUDIENCE_STAGE,2026-07-01,2026-08-01,Usage,2026-07-02,2026-07-03,0.000118,0.00,Snowflake,AWS_US_EAST_1,TU_US_NONCREDIT_TRUAUDIENCE_STAGE,AI_INFERENCE,AI_INFERENCE,TU_US_NONCREDIT_TRUAUDIENCE_STAGE,TU_US_NONCREDIT_TRUAUDIENCE_STAGE,"{""environment"":""Staging"",""team"":""TruAudience""}"
TU_US_NONCREDIT_TRUAUDIENCE_STAGE,TU_US_NONCREDIT_TRUAUDIENCE_STAGE,2026-07-01,2026-08-01,Usage,2026-07-01,2026-07-02,55.842722,133.42,Snowflake,AWS_US_EAST_1,TU_US_NONCREDIT_TRUAUDIENCE_STAGE,WAREHOUSE_METERING,WAREHOUSE_METERING,TU_US_NONCREDIT_TRUAUDIENCE_STAGE,TU_US_NONCREDIT_TRUAUDIENCE_STAGE,"{""environment"":""Staging"",""team"":""TruAudience""}"
TU_US_NONCREDIT_TRUAUDIENCE_STAGE,TU_US_NONCREDIT_TRUAUDIENCE_STAGE,2026-07-01,2026-08-01,Usage,2026-07-01,2026-07-02,21.086385,50.38,Snowflake,AWS_US_EAST_1,TU_US_NONCREDIT_TRUAUDIENCE_STAGE,SNOWFLAKE_INTELLIGENCE,SNOWFLAKE_INTELLIGENCE,TU_US_NONCREDIT_TRUAUDIENCE_STAGE,TU_US_NONCREDIT_TRUAUDIENCE_STAGE,"{""environment"":""Staging"",""team"":""TruAudience""}"
TU_US_NONCREDIT_TRUAUDIENCE_STAGE,TU_US_NONCREDIT_TRUAUDIENCE_STAGE,2026-07-01,2026-08-01,Usage,2026-07-01,2026-07-02,2.889514,6.90,Snowflake,AWS_US_EAST_1,TU_US_NONCREDIT_TRUAUDIENCE_STAGE,SNOWPARK_CONTAINER_SERVICES,SNOWPARK_CONTAINER_SERVICES,TU_US_NONCREDIT_TRUAUDIENCE_STAGE,TU_US_NONCREDIT_TRUAUDIENCE_STAGE,"{""environment"":""Staging"",""team"":""TruAudience""}"
TU_US_NONCREDIT_TRUAUDIENCE_STAGE,TU_US_NONCREDIT_TRUAUDIENCE_STAGE,2026-07-01,2026-08-01,Usage,2026-07-01,2026-07-02,2.580079,6.16,Snowflake,AWS_US_EAST_1,TU_US_NONCREDIT_TRUAUDIENCE_STAGE,SERVERLESS_TASK,SERVERLESS_TASK,TU_US_NONCREDIT_TRUAUDIENCE_STAGE,TU_US_NONCREDIT_TRUAUDIENCE_STAGE,"{""environment"":""Staging"",""team"":""TruAudience""}"
TU_US_NONCREDIT_TRUAUDIENCE_STAGE,TU_US_NONCREDIT_TRUAUDIENCE_STAGE,2026-07-01,2026-08-01,Usage,2026-07-01,2026-07-02,0.873277,2.09,Snowflake,AWS_US_EAST_1,TU_US_NONCREDIT_TRUAUDIENCE_STAGE,TRUST_CENTER,TRUST_CENTER,TU_US_NONCREDIT_TRUAUDIENCE_STAGE,TU_US_NONCREDIT_TRUAUDIENCE_STAGE,"{""environment"":""Staging"",""team"":""TruAudience""}"
TU_US_NONCREDIT_TRUAUDIENCE_STAGE,TU_US_NONCREDIT_TRUAUDIENCE_STAGE,2026-07-01,2026-08-01,Usage,2026-07-01,2026-07-02,0.002303,0.01,Snowflake,AWS_US_EAST_1,TU_US_NONCREDIT_TRUAUDIENCE_STAGE,TELEMETRY_DATA_INGEST,TELEMETRY_DATA_INGEST,TU_US_NONCREDIT_TRUAUDIENCE_STAGE,TU_US_NONCREDIT_TRUAUDIENCE_STAGE,"{""environment"":""Staging"",""team"":""TruAudience""}"
TU_US_NONCREDIT_TRUAUDIENCE_STAGE,TU_US_NONCREDIT_TRUAUDIENCE_STAGE,2026-07-01,2026-08-01,Usage,2026-07-01,2026-07-02,0.002451,0.01,Snowflake,AWS_US_EAST_1,TU_US_NONCREDIT_TRUAUDIENCE_STAGE,CORTEX_SEARCH,CORTEX_SEARCH,TU_US_NONCREDIT_TRUAUDIENCE_STAGE,TU_US_NONCREDIT_TRUAUDIENCE_STAGE,"{""environment"":""Staging"",""team"":""TruAudience""}"
TU_US_NONCREDIT_TRUAUDIENCE_STAGE,TU_US_NONCREDIT_TRUAUDIENCE_STAGE,2026-07-01,2026-08-01,Usage,2026-07-01,2026-07-02,0.004118,0.01,Snowflake,AWS_US_EAST_1,TU_US_NONCREDIT_TRUAUDIENCE_STAGE,AUTO_CLUSTERING,AUTO_CLUSTERING,TU_US_NONCREDIT_TRUAUDIENCE_STAGE,TU_US_NONCREDIT_TRUAUDIENCE_STAGE,"{""environment"":""Staging"",""team"":""TruAudience""}"
TU_US_NONCREDIT_TRUAUDIENCE_STAGE,TU_US_NONCREDIT_TRUAUDIENCE_STAGE,2026-07-01,2026-08-01,Usage,2026-07-01,2026-07-02,0.000819,0.00,Snowflake,AWS_US_EAST_1,TU_US_NONCREDIT_TRUAUDIENCE_STAGE,AI_INFERENCE,AI_INFERENCE,TU_US_NONCREDIT_TRUAUDIENCE_STAGE,TU_US_NONCREDIT_TRUAUDIENCE_STAGE,"{""environment"":""Staging"",""team"":""TruAudience""}"
